Build started 9/11/2026 6:25:39 PM.
Logging verbosity is set to: Normal.     1>Project "D:\Projects\GoldenTicket\GoldenTicket.sln" on node 1 (Rebuild target(s)).
     1>ValidateSolutionConfiguration:
         Building solution configuration "Release|Any CPU".
     1>Project "D:\Projects\GoldenTicket\GoldenTicket.sln" (1) is building "D:\Projects\GoldenTicket\tools\GoldenTicket.Simulator\GoldenTicket.Simulator.csproj" (3) on node 7 (Rebuild target(s)).
     3>CoreClean:
         Deleting file "D:\Projects\GoldenTicket\tools\GoldenTicket.Simulator\bin\Release\net10.0\data\classic-us\classic-us-v1.json".
         Deleting file "D:\Projects\GoldenTicket\tools\GoldenTicket.Simulator\bin\Release\net10.0\GoldenTicket.Simulator.exe".
         Deleting file "D:\Projects\GoldenTicket\tools\GoldenTicket.Simulator\bin\Release\net10.0\GoldenTicket.Simulator.deps.json".
         Deleting file "D:\Projects\GoldenTicket\tools\GoldenTicket.Simulator\bin\Release\net10.0\GoldenTicket.Simulator.runtimeconfig.json".
         Deleting file "D:\Projects\GoldenTicket\tools\GoldenTicket.Simulator\bin\Release\net10.0\GoldenTicket.Simulator.dll".
         Deleting file "D:\Projects\GoldenTicket\tools\GoldenTicket.Simulator\bin\Release\net10.0\GoldenTicket.Simulator.pdb".
         Deleting file "D:\Projects\GoldenTicket\tools\GoldenTicket.Simulator\bin\Release\net10.0\GoldenTicket.AI.dll".
         Deleting file "D:\Projects\GoldenTicket\tools\GoldenTicket.Simulator\bin\Release\net10.0\GoldenTicket.Application.dll".
         Deleting file "D:\Projects\GoldenTicket\tools\GoldenTicket.Simulator\bin\Release\net10.0\GoldenTicket.Domain.dll".
         Deleting file "D:\Projects\GoldenTicket\tools\GoldenTicket.Simulator\bin\Release\net10.0\GoldenTicket.Domain.pdb".
         Deleting file "D:\Projects\GoldenTicket\tools\GoldenTicket.Simulator\bin\Release\net10.0\GoldenTicket.Application.pdb".
         Deleting file "D:\Projects\GoldenTicket\tools\GoldenTicket.Simulator\bin\Release\net10.0\GoldenTicket.AI.pdb".
         Deleting file "D:\Projects\GoldenTicket\tools\GoldenTicket.Simulator\obj\Release\net10.0\GoldenTicket.Simulator.csproj.AssemblyReference.cache".
         Deleting file "D:\Projects\GoldenTicket\tools\GoldenTicket.Simulator\obj\Release\net10.0\GoldenTicket.Simulator.GeneratedMSBuildEditorConfig.editorconfig".
         Deleting file "D:\Projects\GoldenTicket\tools\GoldenTicket.Simulator\obj\Release\net10.0\GoldenTicket.Simulator.AssemblyInfoInputs.cache".
         Deleting file "D:\Projects\GoldenTicket\tools\GoldenTicket.Simulator\obj\Release\net10.0\GoldenTicket.Simulator.AssemblyInfo.cs".
         Deleting file "D:\Projects\GoldenTicket\tools\GoldenTicket.Simulator\obj\Release\net10.0\GoldenTicket.Simulator.csproj.CoreCompileInputs.cache".
         Deleting file "D:\Projects\GoldenTicket\tools\GoldenTicket.Simulator\obj\Release\net10.0\GoldenTi.5489959D.Up2Date".
         Deleting file "D:\Projects\GoldenTicket\tools\GoldenTicket.Simulator\obj\Release\net10.0\GoldenTicket.Simulator.dll".
         Deleting file "D:\Projects\GoldenTicket\tools\GoldenTicket.Simulator\obj\Release\net10.0\refint\GoldenTicket.Simulator.dll".
         Deleting file "D:\Projects\GoldenTicket\tools\GoldenTicket.Simulator\obj\Release\net10.0\GoldenTicket.Simulator.pdb".
         Deleting file "D:\Projects\GoldenTicket\tools\GoldenTicket.Simulator\obj\Release\net10.0\GoldenTicket.Simulator.genruntimeconfig.cache".
         Deleting file "D:\Projects\GoldenTicket\tools\GoldenTicket.Simulator\obj\Release\net10.0\ref\GoldenTicket.Simulator.dll".
     1>Project "D:\Projects\GoldenTicket\GoldenTicket.sln" (1) is building "D:\Projects\GoldenTicket\src\GoldenTicket.Persistence\GoldenTicket.Persistence.csproj" (4) on node 3 (Rebuild target(s)).
     4>CoreClean:
         Deleting file "D:\Projects\GoldenTicket\src\GoldenTicket.Persistence\bin\Release\net10.0\data\classic-us\classic-us-v1.json".
         Deleting file "D:\Projects\GoldenTicket\src\GoldenTicket.Persistence\bin\Release\net10.0\GoldenTicket.Persistence.deps.json".
         Deleting file "D:\Projects\GoldenTicket\src\GoldenTicket.Persistence\bin\Release\net10.0\GoldenTicket.Persistence.dll".
         Deleting file "D:\Projects\GoldenTicket\src\GoldenTicket.Persistence\bin\Release\net10.0\GoldenTicket.Persistence.pdb".
         Deleting file "D:\Projects\GoldenTicket\src\GoldenTicket.Persistence\bin\Release\net10.0\GoldenTicket.Application.dll".
         Deleting file "D:\Projects\GoldenTicket\src\GoldenTicket.Persistence\bin\Release\net10.0\GoldenTicket.Domain.dll".
         Deleting file "D:\Projects\GoldenTicket\src\GoldenTicket.Persistence\bin\Release\net10.0\GoldenTicket.Domain.pdb".
         Deleting file "D:\Projects\GoldenTicket\src\GoldenTicket.Persistence\bin\Release\net10.0\GoldenTicket.Application.pdb".
         Deleting file "D:\Projects\GoldenTicket\src\GoldenTicket.Persistence\obj\Release\net10.0\GoldenTicket.Persistence.csproj.AssemblyReference.cache".
         Deleting file "D:\Projects\GoldenTicket\src\GoldenTicket.Persistence\obj\Release\net10.0\GoldenTicket.Persistence.GeneratedMSBuildEditorConfig.editorconfig".
         Deleting file "D:\Projects\GoldenTicket\src\GoldenTicket.Persistence\obj\Release\net10.0\GoldenTicket.Persistence.AssemblyInfoInputs.cache".
         Deleting file "D:\Projects\GoldenTicket\src\GoldenTicket.Persistence\obj\Release\net10.0\GoldenTicket.Persistence.AssemblyInfo.cs".
         Deleting file "D:\Projects\GoldenTicket\src\GoldenTicket.Persistence\obj\Release\net10.0\GoldenTicket.Persistence.csproj.CoreCompileInputs.cache".
         Deleting file "D:\Projects\GoldenTicket\src\GoldenTicket.Persistence\obj\Release\net10.0\GoldenTi.67D488C0.Up2Date".
         Deleting file "D:\Projects\GoldenTicket\src\GoldenTicket.Persistence\obj\Release\net10.0\GoldenTicket.Persistence.dll".
     1>Project "D:\Projects\GoldenTicket\GoldenTicket.sln" (1) is building "D:\Projects\GoldenTicket\src\GoldenTicket.AI\GoldenTicket.AI.csproj" (5) on node 6 (Rebuild target(s)).
     5>CoreClean:
         Deleting file "D:\Projects\GoldenTicket\src\GoldenTicket.AI\bin\Release\net10.0\data\classic-us\classic-us-v1.json".
     4>CoreClean:
         Deleting file "D:\Projects\GoldenTicket\src\GoldenTicket.Persistence\obj\Release\net10.0\refint\GoldenTicket.Persistence.dll".
         Deleting file "D:\Projects\GoldenTicket\src\GoldenTicket.Persistence\obj\Release\net10.0\GoldenTicket.Persistence.pdb".
     5>CoreClean:
         Deleting file "D:\Projects\GoldenTicket\src\GoldenTicket.AI\bin\Release\net10.0\GoldenTicket.AI.deps.json".
     4>CoreClean:
         Deleting file "D:\Projects\GoldenTicket\src\GoldenTicket.Persistence\obj\Release\net10.0\ref\GoldenTicket.Persistence.dll".
     5>CoreClean:
         Deleting file "D:\Projects\GoldenTicket\src\GoldenTicket.AI\bin\Release\net10.0\GoldenTicket.AI.dll".
         Deleting file "D:\Projects\GoldenTicket\src\GoldenTicket.AI\bin\Release\net10.0\GoldenTicket.AI.pdb".
         Deleting file "D:\Projects\GoldenTicket\src\GoldenTicket.AI\bin\Release\net10.0\GoldenTicket.Domain.dll".
         Deleting file "D:\Projects\GoldenTicket\src\GoldenTicket.AI\bin\Release\net10.0\GoldenTicket.Domain.pdb".
         Deleting file "D:\Projects\GoldenTicket\src\GoldenTicket.AI\obj\Release\net10.0\GoldenTicket.AI.csproj.AssemblyReference.cache".
         Deleting file "D:\Projects\GoldenTicket\src\GoldenTicket.AI\obj\Release\net10.0\GoldenTicket.AI.GeneratedMSBuildEditorConfig.editorconfig".
     1>Project "D:\Projects\GoldenTicket\GoldenTicket.sln" (1) is building "D:\Projects\GoldenTicket\src\GoldenTicket.Application\GoldenTicket.Application.csproj" (2) on node 4 (Rebuild target(s)).
     2>CoreClean:
         Deleting file "D:\Projects\GoldenTicket\src\GoldenTicket.Application\bin\Release\net10.0\data\classic-us\classic-us-v1.json".
         Deleting file "D:\Projects\GoldenTicket\src\GoldenTicket.Application\bin\Release\net10.0\GoldenTicket.Application.deps.json".
         Deleting file "D:\Projects\GoldenTicket\src\GoldenTicket.Application\bin\Release\net10.0\GoldenTicket.Application.dll".
     5>CoreClean:
         Deleting file "D:\Projects\GoldenTicket\src\GoldenTicket.AI\obj\Release\net10.0\GoldenTicket.AI.AssemblyInfoInputs.cache".
     2>CoreClean:
         Deleting file "D:\Projects\GoldenTicket\src\GoldenTicket.Application\bin\Release\net10.0\GoldenTicket.Application.pdb".
     5>CoreClean:
         Deleting file "D:\Projects\GoldenTicket\src\GoldenTicket.AI\obj\Release\net10.0\GoldenTicket.AI.AssemblyInfo.cs".
     2>CoreClean:
         Deleting file "D:\Projects\GoldenTicket\src\GoldenTicket.Application\bin\Release\net10.0\GoldenTicket.Domain.dll".
     5>CoreClean:
         Deleting file "D:\Projects\GoldenTicket\src\GoldenTicket.AI\obj\Release\net10.0\GoldenTicket.AI.csproj.CoreCompileInputs.cache".
     2>CoreClean:
         Deleting file "D:\Projects\GoldenTicket\src\GoldenTicket.Application\bin\Release\net10.0\GoldenTicket.Domain.pdb".
     5>CoreClean:
         Deleting file "D:\Projects\GoldenTicket\src\GoldenTicket.AI\obj\Release\net10.0\GoldenTi.FAE33A65.Up2Date".
     2>CoreClean:
         Deleting file "D:\Projects\GoldenTicket\src\GoldenTicket.Application\obj\Release\net10.0\GoldenTicket.Application.csproj.AssemblyReference.cache".
     5>CoreClean:
         Deleting file "D:\Projects\GoldenTicket\src\GoldenTicket.AI\obj\Release\net10.0\GoldenTicket.AI.dll".
     2>CoreClean:
         Deleting file "D:\Projects\GoldenTicket\src\GoldenTicket.Application\obj\Release\net10.0\GoldenTicket.Application.GeneratedMSBuildEditorConfig.editorconfig".
     5>CoreClean:
         Deleting file "D:\Projects\GoldenTicket\src\GoldenTicket.AI\obj\Release\net10.0\refint\GoldenTicket.AI.dll".
     2>CoreClean:
         Deleting file "D:\Projects\GoldenTicket\src\GoldenTicket.Application\obj\Release\net10.0\GoldenTicket.Application.AssemblyInfoInputs.cache".
     5>CoreClean:
         Deleting file "D:\Projects\GoldenTicket\src\GoldenTicket.AI\obj\Release\net10.0\GoldenTicket.AI.pdb".
     2>CoreClean:
         Deleting file "D:\Projects\GoldenTicket\src\GoldenTicket.Application\obj\Release\net10.0\GoldenTicket.Application.AssemblyInfo.cs".
     5>CoreClean:
         Deleting file "D:\Projects\GoldenTicket\src\GoldenTicket.AI\obj\Release\net10.0\ref\GoldenTicket.AI.dll".
     2>CoreClean:
         Deleting file "D:\Projects\GoldenTicket\src\GoldenTicket.Application\obj\Release\net10.0\GoldenTicket.Application.csproj.CoreCompileInputs.cache".
         Deleting file "D:\Projects\GoldenTicket\src\GoldenTicket.Application\obj\Release\net10.0\GoldenTi.D303E84A.Up2Date".
         Deleting file "D:\Projects\GoldenTicket\src\GoldenTicket.Application\obj\Release\net10.0\GoldenTicket.Application.dll".
         Deleting file "D:\Projects\GoldenTicket\src\GoldenTicket.Application\obj\Release\net10.0\refint\GoldenTicket.Application.dll".
         Deleting file "D:\Projects\GoldenTicket\src\GoldenTicket.Application\obj\Release\net10.0\GoldenTicket.Application.pdb".
         Deleting file "D:\Projects\GoldenTicket\src\GoldenTicket.Application\obj\Release\net10.0\ref\GoldenTicket.Application.dll".
     1>Project "D:\Projects\GoldenTicket\GoldenTicket.sln" (1) is building "D:\Projects\GoldenTicket\tests\GoldenTicket.Domain.Tests\GoldenTicket.Domain.Tests.csproj" (6) on node 5 (Rebuild target(s)).
     6>CoreClean:
         Deleting file "D:\Projects\GoldenTicket\tests\GoldenTicket.Domain.Tests\bin\Release\net10.0-windows10.0.26100.0\.msCoverageSourceRootsMapping_GoldenTicket.Domain.Tests".
         Deleting file "D:\Projects\GoldenTicket\tests\GoldenTicket.Domain.Tests\bin\Release\net10.0-windows10.0.26100.0\testhost.dll".
         Deleting file "D:\Projects\GoldenTicket\tests\GoldenTicket.Domain.Tests\bin\Release\net10.0-windows10.0.26100.0\data\classic-us\classic-us-v1.json".
         Deleting file "D:\Projects\GoldenTicket\tests\GoldenTicket.Domain.Tests\bin\Release\net10.0-windows10.0.26100.0\GoldenTicket.Simulator.deps.json".
         Deleting file "D:\Projects\GoldenTicket\tests\GoldenTicket.Domain.Tests\bin\Release\net10.0-windows10.0.26100.0\GoldenTicket.Simulator.runtimeconfig.json".
         Deleting file "D:\Projects\GoldenTicket\tests\GoldenTicket.Domain.Tests\bin\Release\net10.0-windows10.0.26100.0\GoldenTicket.Simulator.exe".
         Deleting file "D:\Projects\GoldenTicket\tests\GoldenTicket.Domain.Tests\bin\Release\net10.0-windows10.0.26100.0\GoldenTicket.deps.json".
         Deleting file "D:\Projects\GoldenTicket\tests\GoldenTicket.Domain.Tests\bin\Release\net10.0-windows10.0.26100.0\GoldenTicket.runtimeconfig.json".
         Deleting file "D:\Projects\GoldenTicket\tests\GoldenTicket.Domain.Tests\bin\Release\net10.0-windows10.0.26100.0\GoldenTicket.exe".
         Deleting file "D:\Projects\GoldenTicket\tests\GoldenTicket.Domain.Tests\bin\Release\net10.0-windows10.0.26100.0\testhost.exe".
         Deleting file "D:\Projects\GoldenTicket\tests\GoldenTicket.Domain.Tests\bin\Release\net10.0-windows10.0.26100.0\xunit.abstractions.dll".
         Deleting file "D:\Projects\GoldenTicket\tests\GoldenTicket.Domain.Tests\bin\Release\net10.0-windows10.0.26100.0\xunit.runner.visualstudio.testadapter.dll".
         Deleting file "D:\Projects\GoldenTicket\tests\GoldenTicket.Domain.Tests\bin\Release\net10.0-windows10.0.26100.0\GoldenTicket.Domain.Tests.exe".
         Deleting file "D:\Projects\GoldenTicket\tests\GoldenTicket.Domain.Tests\bin\Release\net10.0-windows10.0.26100.0\GoldenTicket.Domain.Tests.deps.json".
         Deleting file "D:\Projects\GoldenTicket\tests\GoldenTicket.Domain.Tests\bin\Release\net10.0-windows10.0.26100.0\GoldenTicket.Domain.Tests.runtimeconfig.json".
         Deleting file "D:\Projects\GoldenTicket\tests\GoldenTicket.Domain.Tests\bin\Release\net10.0-windows10.0.26100.0\GoldenTicket.Domain.Tests.dll".
         Deleting file "D:\Projects\GoldenTicket\tests\GoldenTicket.Domain.Tests\bin\Release\net10.0-windows10.0.26100.0\GoldenTicket.Domain.Tests.pdb".
         Deleting file "D:\Projects\GoldenTicket\tests\GoldenTicket.Domain.Tests\bin\Release\net10.0-windows10.0.26100.0\CommunityToolkit.Mvvm.dll".
         Deleting file "D:\Projects\GoldenTicket\tests\GoldenTicket.Domain.Tests\bin\Release\net10.0-windows10.0.26100.0\Microsoft.ApplicationInsights.dll".
         Deleting file "D:\Projects\GoldenTicket\tests\GoldenTicket.Domain.Tests\bin\Release\net10.0-windows10.0.26100.0\Microsoft.Bcl.AsyncInterfaces.dll".
         Deleting file "D:\Projects\GoldenTicket\tests\GoldenTicket.Domain.Tests\bin\Release\net10.0-windows10.0.26100.0\Microsoft.VisualStudio.CodeCoverage.Shim.dll".
         Deleting file "D:\Projects\GoldenTicket\tests\GoldenTicket.Domain.Tests\bin\Release\net10.0-windows10.0.26100.0\Microsoft.Data.Sqlite.dll".
         Deleting file "D:\Projects\GoldenTicket\tests\GoldenTicket.Domain.Tests\bin\Release\net10.0-windows10.0.26100.0\Microsoft.Testing.Extensions.Telemetry.dll".
         Deleting file "D:\Projects\GoldenTicket\tests\GoldenTicket.Domain.Tests\bin\Release\net10.0-windows10.0.26100.0\Microsoft.Testing.Extensions.TrxReport.Abstractions.dll".
         Deleting file "D:\Projects\GoldenTicket\tests\GoldenTicket.Domain.Tests\bin\Release\net10.0-windows10.0.26100.0\Microsoft.Testing.Platform.dll".
         Deleting file "D:\Projects\GoldenTicket\tests\GoldenTicket.Domain.Tests\bin\Release\net10.0-windows10.0.26100.0\Microsoft.Testing.Extensions.MSBuild.dll".
         Deleting file "D:\Projects\GoldenTicket\tests\GoldenTicket.Domain.Tests\bin\Release\net10.0-windows10.0.26100.0\Microsoft.TestPlatform.CoreUtilities.dll".
         Deleting file "D:\Projects\GoldenTicket\tests\GoldenTicket.Domain.Tests\bin\Release\net10.0-windows10.0.26100.0\Microsoft.TestPlatform.PlatformAbstractions.dll".
         Deleting file "D:\Projects\GoldenTicket\tests\GoldenTicket.Domain.Tests\bin\Release\net10.0-windows10.0.26100.0\Microsoft.VisualStudio.TestPlatform.ObjectModel.dll".
         Deleting file "D:\Projects\GoldenTicket\tests\GoldenTicket.Domain.Tests\bin\Release\net10.0-windows10.0.26100.0\Microsoft.TestPlatform.CommunicationUtilities.dll".
         Deleting file "D:\Projects\GoldenTicket\tests\GoldenTicket.Domain.Tests\bin\Release\net10.0-windows10.0.26100.0\Microsoft.TestPlatform.CrossPlatEngine.dll".
         Deleting file "D:\Projects\GoldenTicket\tests\GoldenTicket.Domain.Tests\bin\Release\net10.0-windows10.0.26100.0\Microsoft.TestPlatform.Utilities.dll".
         Deleting file "D:\Projects\GoldenTicket\tests\GoldenTicket.Domain.Tests\bin\Release\net10.0-windows10.0.26100.0\Microsoft.VisualStudio.TestPlatform.Common.dll".
         Deleting file "D:\Projects\GoldenTicket\tests\GoldenTicket.Domain.Tests\bin\Release\net10.0-windows10.0.26100.0\SQLitePCLRaw.batteries_v2.dll".
         Deleting file "D:\Projects\GoldenTicket\tests\GoldenTicket.Domain.Tests\bin\Release\net10.0-windows10.0.26100.0\SQLitePCLRaw.core.dll".
         Deleting file "D:\Projects\GoldenTicket\tests\GoldenTicket.Domain.Tests\bin\Release\net10.0-windows10.0.26100.0\SQLitePCLRaw.provider.e_sqlite3.dll".
         Deleting file "D:\Projects\GoldenTicket\tests\GoldenTicket.Domain.Tests\bin\Release\net10.0-windows10.0.26100.0\xunit.v3.assert.dll".
         Deleting file "D:\Projects\GoldenTicket\tests\GoldenTicket.Domain.Tests\bin\Release\net10.0-windows10.0.26100.0\xunit.v3.common.dll".
         Deleting file "D:\Projects\GoldenTicket\tests\GoldenTicket.Domain.Tests\bin\Release\net10.0-windows10.0.26100.0\xunit.v3.mtp-v1.dll".
         Deleting file "D:\Projects\GoldenTicket\tests\GoldenTicket.Domain.Tests\bin\Release\net10.0-windows10.0.26100.0\xunit.v3.core.dll".
         Deleting file "D:\Projects\GoldenTicket\tests\GoldenTicket.Domain.Tests\bin\Release\net10.0-windows10.0.26100.0\xunit.v3.runner.common.dll".
         Deleting file "D:\Projects\GoldenTicket\tests\GoldenTicket.Domain.Tests\bin\Release\net10.0-windows10.0.26100.0\xunit.v3.runner.inproc.console.dll".
         Deleting file "D:\Projects\GoldenTicket\tests\GoldenTicket.Domain.Tests\bin\Release\net10.0-windows10.0.26100.0\cs\Microsoft.Testing.Extensions.Telemetry.resources.dll".
         Deleting file "D:\Projects\GoldenTicket\tests\GoldenTicket.Domain.Tests\bin\Release\net10.0-windows10.0.26100.0\de\Microsoft.Testing.Extensions.Telemetry.resources.dll".
         Deleting file "D:\Projects\GoldenTicket\tests\GoldenTicket.Domain.Tests\bin\Release\net10.0-windows10.0.26100.0\es\Microsoft.Testing.Extensions.Telemetry.resources.dll".
         Deleting file "D:\Projects\GoldenTicket\tests\GoldenTicket.Domain.Tests\bin\Release\net10.0-windows10.0.26100.0\fr\Microsoft.Testing.Extensions.Telemetry.resources.dll".
         Deleting file "D:\Projects\GoldenTicket\tests\GoldenTicket.Domain.Tests\bin\Release\net10.0-windows10.0.26100.0\it\Microsoft.Testing.Extensions.Telemetry.resources.dll".
         Deleting file "D:\Projects\GoldenTicket\tests\GoldenTicket.Domain.Tests\bin\Release\net10.0-windows10.0.26100.0\ja\Microsoft.Testing.Extensions.Telemetry.resources.dll".
         Deleting file "D:\Projects\GoldenTicket\tests\GoldenTicket.Domain.Tests\bin\Release\net10.0-windows10.0.26100.0\ko\Microsoft.Testing.Extensions.Telemetry.resources.dll".
         Deleting file "D:\Projects\GoldenTicket\tests\GoldenTicket.Domain.Tests\bin\Release\net10.0-windows10.0.26100.0\pl\Microsoft.Testing.Extensions.Telemetry.resources.dll".
         Deleting file "D:\Projects\GoldenTicket\tests\GoldenTicket.Domain.Tests\bin\Release\net10.0-windows10.0.26100.0\pt-BR\Microsoft.Testing.Extensions.Telemetry.resources.dll".
         Deleting file "D:\Projects\GoldenTicket\tests\GoldenTicket.Domain.Tests\bin\Release\net10.0-windows10.0.26100.0\ru\Microsoft.Testing.Extensions.Telemetry.resources.dll".
         Deleting file "D:\Projects\GoldenTicket\tests\GoldenTicket.Domain.Tests\bin\Release\net10.0-windows10.0.26100.0\tr\Microsoft.Testing.Extensions.Telemetry.resources.dll".
         Deleting file "D:\Projects\GoldenTicket\tests\GoldenTicket.Domain.Tests\bin\Release\net10.0-windows10.0.26100.0\zh-Hans\Microsoft.Testing.Extensions.Telemetry.resources.dll".
         Deleting file "D:\Projects\GoldenTicket\tests\GoldenTicket.Domain.Tests\bin\Release\net10.0-windows10.0.26100.0\zh-Hant\Microsoft.Testing.Extensions.Telemetry.resources.dll".
         Deleting file "D:\Projects\GoldenTicket\tests\GoldenTicket.Domain.Tests\bin\Release\net10.0-windows10.0.26100.0\cs\Microsoft.Testing.Platform.resources.dll".
         Deleting file "D:\Projects\GoldenTicket\tests\GoldenTicket.Domain.Tests\bin\Release\net10.0-windows10.0.26100.0\de\Microsoft.Testing.Platform.resources.dll".
         Deleting file "D:\Projects\GoldenTicket\tests\GoldenTicket.Domain.Tests\bin\Release\net10.0-windows10.0.26100.0\es\Microsoft.Testing.Platform.resources.dll".
         Deleting file "D:\Projects\GoldenTicket\tests\GoldenTicket.Domain.Tests\bin\Release\net10.0-windows10.0.26100.0\fr\Microsoft.Testing.Platform.resources.dll".
         Deleting file "D:\Projects\GoldenTicket\tests\GoldenTicket.Domain.Tests\bin\Release\net10.0-windows10.0.26100.0\it\Microsoft.Testing.Platform.resources.dll".
         Deleting file "D:\Projects\GoldenTicket\tests\GoldenTicket.Domain.Tests\bin\Release\net10.0-windows10.0.26100.0\ja\Microsoft.Testing.Platform.resources.dll".
         Deleting file "D:\Projects\GoldenTicket\tests\GoldenTicket.Domain.Tests\bin\Release\net10.0-windows10.0.26100.0\ko\Microsoft.Testing.Platform.resources.dll".
         Deleting file "D:\Projects\GoldenTicket\tests\GoldenTicket.Domain.Tests\bin\Release\net10.0-windows10.0.26100.0\pl\Microsoft.Testing.Platform.resources.dll".
         Deleting file "D:\Projects\GoldenTicket\tests\GoldenTicket.Domain.Tests\bin\Release\net10.0-windows10.0.26100.0\pt-BR\Microsoft.Testing.Platform.resources.dll".
         Deleting file "D:\Projects\GoldenTicket\tests\GoldenTicket.Domain.Tests\bin\Release\net10.0-windows10.0.26100.0\ru\Microsoft.Testing.Platform.resources.dll".
         Deleting file "D:\Projects\GoldenTicket\tests\GoldenTicket.Domain.Tests\bin\Release\net10.0-windows10.0.26100.0\tr\Microsoft.Testing.Platform.resources.dll".
         Deleting file "D:\Projects\GoldenTicket\tests\GoldenTicket.Domain.Tests\bin\Release\net10.0-windows10.0.26100.0\zh-Hans\Microsoft.Testing.Platform.resources.dll".
         Deleting file "D:\Projects\GoldenTicket\tests\GoldenTicket.Domain.Tests\bin\Release\net10.0-windows10.0.26100.0\zh-Hant\Microsoft.Testing.Platform.resources.dll".
         Deleting file "D:\Projects\GoldenTicket\tests\GoldenTicket.Domain.Tests\bin\Release\net10.0-windows10.0.26100.0\cs\Microsoft.Testing.Extensions.MSBuild.resources.dll".
         Deleting file "D:\Projects\GoldenTicket\tests\GoldenTicket.Domain.Tests\bin\Release\net10.0-windows10.0.26100.0\de\Microsoft.Testing.Extensions.MSBuild.resources.dll".
         Deleting file "D:\Projects\GoldenTicket\tests\GoldenTicket.Domain.Tests\bin\Release\net10.0-windows10.0.26100.0\es\Microsoft.Testing.Extensions.MSBuild.resources.dll".
         Deleting file "D:\Projects\GoldenTicket\tests\GoldenTicket.Domain.Tests\bin\Release\net10.0-windows10.0.26100.0\fr\Microsoft.Testing.Extensions.MSBuild.resources.dll".
         Deleting file "D:\Projects\GoldenTicket\tests\GoldenTicket.Domain.Tests\bin\Release\net10.0-windows10.0.26100.0\it\Microsoft.Testing.Extensions.MSBuild.resources.dll".
         Deleting file "D:\Projects\GoldenTicket\tests\GoldenTicket.Domain.Tests\bin\Release\net10.0-windows10.0.26100.0\ja\Microsoft.Testing.Extensions.MSBuild.resources.dll".
         Deleting file "D:\Projects\GoldenTicket\tests\GoldenTicket.Domain.Tests\bin\Release\net10.0-windows10.0.26100.0\ko\Microsoft.Testing.Extensions.MSBuild.resources.dll".
         Deleting file "D:\Projects\GoldenTicket\tests\GoldenTicket.Domain.Tests\bin\Release\net10.0-windows10.0.26100.0\pl\Microsoft.Testing.Extensions.MSBuild.resources.dll".
         Deleting file "D:\Projects\GoldenTicket\tests\GoldenTicket.Domain.Tests\bin\Release\net10.0-windows10.0.26100.0\pt-BR\Microsoft.Testing.Extensions.MSBuild.resources.dll".
         Deleting file "D:\Projects\GoldenTicket\tests\GoldenTicket.Domain.Tests\bin\Release\net10.0-windows10.0.26100.0\ru\Microsoft.Testing.Extensions.MSBuild.resources.dll".
         Deleting file "D:\Projects\GoldenTicket\tests\GoldenTicket.Domain.Tests\bin\Release\net10.0-windows10.0.26100.0\tr\Microsoft.Testing.Extensions.MSBuild.resources.dll".
         Deleting file "D:\Projects\GoldenTicket\tests\GoldenTicket.Domain.Tests\bin\Release\net10.0-windows10.0.26100.0\zh-Hans\Microsoft.Testing.Extensions.MSBuild.resources.dll".
         Deleting file "D:\Projects\GoldenTicket\tests\GoldenTicket.Domain.Tests\bin\Release\net10.0-windows10.0.26100.0\zh-Hant\Microsoft.Testing.Extensions.MSBuild.resources.dll".
         Deleting file "D:\Projects\GoldenTicket\tests\GoldenTicket.Domain.Tests\bin\Release\net10.0-windows10.0.26100.0\cs\Microsoft.TestPlatform.CoreUtilities.resources.dll".
         Deleting file "D:\Projects\GoldenTicket\tests\GoldenTicket.Domain.Tests\bin\Release\net10.0-windows10.0.26100.0\cs\Microsoft.VisualStudio.TestPlatform.ObjectModel.resources.dll".
         Deleting file "D:\Projects\GoldenTicket\tests\GoldenTicket.Domain.Tests\bin\Release\net10.0-windows10.0.26100.0\de\Microsoft.TestPlatform.CoreUtilities.resources.dll".
         Deleting file "D:\Projects\GoldenTicket\tests\GoldenTicket.Domain.Tests\bin\Release\net10.0-windows10.0.26100.0\de\Microsoft.VisualStudio.TestPlatform.ObjectModel.resources.dll".
         Deleting file "D:\Projects\GoldenTicket\tests\GoldenTicket.Domain.Tests\bin\Release\net10.0-windows10.0.26100.0\es\Microsoft.TestPlatform.CoreUtilities.resources.dll".
         Deleting file "D:\Projects\GoldenTicket\tests\GoldenTicket.Domain.Tests\bin\Release\net10.0-windows10.0.26100.0\es\Microsoft.VisualStudio.TestPlatform.ObjectModel.resources.dll".
         Deleting file "D:\Projects\GoldenTicket\tests\GoldenTicket.Domain.Tests\bin\Release\net10.0-windows10.0.26100.0\fr\Microsoft.TestPlatform.CoreUtilities.resources.dll".
         Deleting file "D:\Projects\GoldenTicket\tests\GoldenTicket.Domain.Tests\bin\Release\net10.0-windows10.0.26100.0\fr\Microsoft.VisualStudio.TestPlatform.ObjectModel.resources.dll".
         Deleting file "D:\Projects\GoldenTicket\tests\GoldenTicket.Domain.Tests\bin\Release\net10.0-windows10.0.26100.0\it\Microsoft.TestPlatform.CoreUtilities.resources.dll".
         Deleting file "D:\Projects\GoldenTicket\tests\GoldenTicket.Domain.Tests\bin\Release\net10.0-windows10.0.26100.0\it\Microsoft.VisualStudio.TestPlatform.ObjectModel.resources.dll".
         Deleting file "D:\Projects\GoldenTicket\tests\GoldenTicket.Domain.Tests\bin\Release\net10.0-windows10.0.26100.0\ja\Microsoft.TestPlatform.CoreUtilities.resources.dll".
         Deleting file "D:\Projects\GoldenTicket\tests\GoldenTicket.Domain.Tests\bin\Release\net10.0-windows10.0.26100.0\ja\Microsoft.VisualStudio.TestPlatform.ObjectModel.resources.dll".
         Deleting file "D:\Projects\GoldenTicket\tests\GoldenTicket.Domain.Tests\bin\Release\net10.0-windows10.0.26100.0\ko\Microsoft.TestPlatform.CoreUtilities.resources.dll".
         Deleting file "D:\Projects\GoldenTicket\tests\GoldenTicket.Domain.Tests\bin\Release\net10.0-windows10.0.26100.0\ko\Microsoft.VisualStudio.TestPlatform.ObjectModel.resources.dll".
         Deleting file "D:\Projects\GoldenTicket\tests\GoldenTicket.Domain.Tests\bin\Release\net10.0-windows10.0.26100.0\pl\Microsoft.TestPlatform.CoreUtilities.resources.dll".
         Deleting file "D:\Projects\GoldenTicket\tests\GoldenTicket.Domain.Tests\bin\Release\net10.0-windows10.0.26100.0\pl\Microsoft.VisualStudio.TestPlatform.ObjectModel.resources.dll".
         Deleting file "D:\Projects\GoldenTicket\tests\GoldenTicket.Domain.Tests\bin\Release\net10.0-windows10.0.26100.0\pt-BR\Microsoft.TestPlatform.CoreUtilities.resources.dll".
         Deleting file "D:\Projects\GoldenTicket\tests\GoldenTicket.Domain.Tests\bin\Release\net10.0-windows10.0.26100.0\pt-BR\Microsoft.VisualStudio.TestPlatform.ObjectModel.resources.dll".
         Deleting file "D:\Projects\GoldenTicket\tests\GoldenTicket.Domain.Tests\bin\Release\net10.0-windows10.0.26100.0\ru\Microsoft.TestPlatform.CoreUtilities.resources.dll".
         Deleting file "D:\Projects\GoldenTicket\tests\GoldenTicket.Domain.Tests\bin\Release\net10.0-windows10.0.26100.0\ru\Microsoft.VisualStudio.TestPlatform.ObjectModel.resources.dll".
         Deleting file "D:\Projects\GoldenTicket\tests\GoldenTicket.Domain.Tests\bin\Release\net10.0-windows10.0.26100.0\tr\Microsoft.TestPlatform.CoreUtilities.resources.dll".
         Deleting file "D:\Projects\GoldenTicket\tests\GoldenTicket.Domain.Tests\bin\Release\net10.0-windows10.0.26100.0\tr\Microsoft.VisualStudio.TestPlatform.ObjectModel.resources.dll".
         Deleting file "D:\Projects\GoldenTicket\tests\GoldenTicket.Domain.Tests\bin\Release\net10.0-windows10.0.26100.0\zh-Hans\Microsoft.TestPlatform.CoreUtilities.resources.dll".
         Deleting file "D:\Projects\GoldenTicket\tests\GoldenTicket.Domain.Tests\bin\Release\net10.0-windows10.0.26100.0\zh-Hans\Microsoft.VisualStudio.TestPlatform.ObjectModel.resources.dll".
         Deleting file "D:\Projects\GoldenTicket\tests\GoldenTicket.Domain.Tests\bin\Release\net10.0-windows10.0.26100.0\zh-Hant\Microsoft.TestPlatform.CoreUtilities.resources.dll".
         Deleting file "D:\Projects\GoldenTicket\tests\GoldenTicket.Domain.Tests\bin\Release\net10.0-windows10.0.26100.0\zh-Hant\Microsoft.VisualStudio.TestPlatform.ObjectModel.resources.dll".
         Deleting file "D:\Projects\GoldenTicket\tests\GoldenTicket.Domain.Tests\bin\Release\net10.0-windows10.0.26100.0\cs\Microsoft.TestPlatform.CommunicationUtilities.resources.dll".
         Deleting file "D:\Projects\GoldenTicket\tests\GoldenTicket.Domain.Tests\bin\Release\net10.0-windows10.0.26100.0\cs\Microsoft.TestPlatform.CrossPlatEngine.resources.dll".
         Deleting file "D:\Projects\GoldenTicket\tests\GoldenTicket.Domain.Tests\bin\Release\net10.0-windows10.0.26100.0\cs\Microsoft.VisualStudio.TestPlatform.Common.resources.dll".
         Deleting file "D:\Projects\GoldenTicket\tests\GoldenTicket.Domain.Tests\bin\Release\net10.0-windows10.0.26100.0\de\Microsoft.TestPlatform.CommunicationUtilities.resources.dll".
         Deleting file "D:\Projects\GoldenTicket\tests\GoldenTicket.Domain.Tests\bin\Release\net10.0-windows10.0.26100.0\de\Microsoft.TestPlatform.CrossPlatEngine.resources.dll".
         Deleting file "D:\Projects\GoldenTicket\tests\GoldenTicket.Domain.Tests\bin\Release\net10.0-windows10.0.26100.0\de\Microsoft.VisualStudio.TestPlatform.Common.resources.dll".
         Deleting file "D:\Projects\GoldenTicket\tests\GoldenTicket.Domain.Tests\bin\Release\net10.0-windows10.0.26100.0\es\Microsoft.TestPlatform.CommunicationUtilities.resources.dll".
         Deleting file "D:\Projects\GoldenTicket\tests\GoldenTicket.Domain.Tests\bin\Release\net10.0-windows10.0.26100.0\es\Microsoft.TestPlatform.CrossPlatEngine.resources.dll".
         Deleting file "D:\Projects\GoldenTicket\tests\GoldenTicket.Domain.Tests\bin\Release\net10.0-windows10.0.26100.0\es\Microsoft.VisualStudio.TestPlatform.Common.resources.dll".
         Deleting file "D:\Projects\GoldenTicket\tests\GoldenTicket.Domain.Tests\bin\Release\net10.0-windows10.0.26100.0\fr\Microsoft.TestPlatform.CommunicationUtilities.resources.dll".
         Deleting file "D:\Projects\GoldenTicket\tests\GoldenTicket.Domain.Tests\bin\Release\net10.0-windows10.0.26100.0\fr\Microsoft.TestPlatform.CrossPlatEngine.resources.dll".
         Deleting file "D:\Projects\GoldenTicket\tests\GoldenTicket.Domain.Tests\bin\Release\net10.0-windows10.0.26100.0\fr\Microsoft.VisualStudio.TestPlatform.Common.resources.dll".
         Deleting file "D:\Projects\GoldenTicket\tests\GoldenTicket.Domain.Tests\bin\Release\net10.0-windows10.0.26100.0\it\Microsoft.TestPlatform.CommunicationUtilities.resources.dll".
         Deleting file "D:\Projects\GoldenTicket\tests\GoldenTicket.Domain.Tests\bin\Release\net10.0-windows10.0.26100.0\it\Microsoft.TestPlatform.CrossPlatEngine.resources.dll".
         Deleting file "D:\Projects\GoldenTicket\tests\GoldenTicket.Domain.Tests\bin\Release\net10.0-windows10.0.26100.0\it\Microsoft.VisualStudio.TestPlatform.Common.resources.dll".
         Deleting file "D:\Projects\GoldenTicket\tests\GoldenTicket.Domain.Tests\bin\Release\net10.0-windows10.0.26100.0\ja\Microsoft.TestPlatform.CommunicationUtilities.resources.dll".
         Deleting file "D:\Projects\GoldenTicket\tests\GoldenTicket.Domain.Tests\bin\Release\net10.0-windows10.0.26100.0\ja\Microsoft.TestPlatform.CrossPlatEngine.resources.dll".
         Deleting file "D:\Projects\GoldenTicket\tests\GoldenTicket.Domain.Tests\bin\Release\net10.0-windows10.0.26100.0\ja\Microsoft.VisualStudio.TestPlatform.Common.resources.dll".
         Deleting file "D:\Projects\GoldenTicket\tests\GoldenTicket.Domain.Tests\bin\Release\net10.0-windows10.0.26100.0\ko\Microsoft.TestPlatform.CommunicationUtilities.resources.dll".
         Deleting file "D:\Projects\GoldenTicket\tests\GoldenTicket.Domain.Tests\bin\Release\net10.0-windows10.0.26100.0\ko\Microsoft.TestPlatform.CrossPlatEngine.resources.dll".
         Deleting file "D:\Projects\GoldenTicket\tests\GoldenTicket.Domain.Tests\bin\Release\net10.0-windows10.0.26100.0\ko\Microsoft.VisualStudio.TestPlatform.Common.resources.dll".
         Deleting file "D:\Projects\GoldenTicket\tests\GoldenTicket.Domain.Tests\bin\Release\net10.0-windows10.0.26100.0\pl\Microsoft.TestPlatform.CommunicationUtilities.resources.dll".
         Deleting file "D:\Projects\GoldenTicket\tests\GoldenTicket.Domain.Tests\bin\Release\net10.0-windows10.0.26100.0\pl\Microsoft.TestPlatform.CrossPlatEngine.resources.dll".
         Deleting file "D:\Projects\GoldenTicket\tests\GoldenTicket.Domain.Tests\bin\Release\net10.0-windows10.0.26100.0\pl\Microsoft.VisualStudio.TestPlatform.Common.resources.dll".
         Deleting file "D:\Projects\GoldenTicket\tests\GoldenTicket.Domain.Tests\bin\Release\net10.0-windows10.0.26100.0\pt-BR\Microsoft.TestPlatform.CommunicationUtilities.resources.dll".
         Deleting file "D:\Projects\GoldenTicket\tests\GoldenTicket.Domain.Tests\bin\Release\net10.0-windows10.0.26100.0\pt-BR\Microsoft.TestPlatform.CrossPlatEngine.resources.dll".
         Deleting file "D:\Projects\GoldenTicket\tests\GoldenTicket.Domain.Tests\bin\Release\net10.0-windows10.0.26100.0\pt-BR\Microsoft.VisualStudio.TestPlatform.Common.resources.dll".
         Deleting file "D:\Projects\GoldenTicket\tests\GoldenTicket.Domain.Tests\bin\Release\net10.0-windows10.0.26100.0\ru\Microsoft.TestPlatform.CommunicationUtilities.resources.dll".
         Deleting file "D:\Projects\GoldenTicket\tests\GoldenTicket.Domain.Tests\bin\Release\net10.0-windows10.0.26100.0\ru\Microsoft.TestPlatform.CrossPlatEngine.resources.dll".
         Deleting file "D:\Projects\GoldenTicket\tests\GoldenTicket.Domain.Tests\bin\Release\net10.0-windows10.0.26100.0\ru\Microsoft.VisualStudio.TestPlatform.Common.resources.dll".
         Deleting file "D:\Projects\GoldenTicket\tests\GoldenTicket.Domain.Tests\bin\Release\net10.0-windows10.0.26100.0\tr\Microsoft.TestPlatform.CommunicationUtilities.resources.dll".
         Deleting file "D:\Projects\GoldenTicket\tests\GoldenTicket.Domain.Tests\bin\Release\net10.0-windows10.0.26100.0\tr\Microsoft.TestPlatform.CrossPlatEngine.resources.dll".
         Deleting file "D:\Projects\GoldenTicket\tests\GoldenTicket.Domain.Tests\bin\Release\net10.0-windows10.0.26100.0\tr\Microsoft.VisualStudio.TestPlatform.Common.resources.dll".
         Deleting file "D:\Projects\GoldenTicket\tests\GoldenTicket.Domain.Tests\bin\Release\net10.0-windows10.0.26100.0\zh-Hans\Microsoft.TestPlatform.CommunicationUtilities.resources.dll".
         Deleting file "D:\Projects\GoldenTicket\tests\GoldenTicket.Domain.Tests\bin\Release\net10.0-windows10.0.26100.0\zh-Hans\Microsoft.TestPlatform.CrossPlatEngine.resources.dll".
         Deleting file "D:\Projects\GoldenTicket\tests\GoldenTicket.Domain.Tests\bin\Release\net10.0-windows10.0.26100.0\zh-Hans\Microsoft.VisualStudio.TestPlatform.Common.resources.dll".
         Deleting file "D:\Projects\GoldenTicket\tests\GoldenTicket.Domain.Tests\bin\Release\net10.0-windows10.0.26100.0\zh-Hant\Microsoft.TestPlatform.CommunicationUtilities.resources.dll".
         Deleting file "D:\Projects\GoldenTicket\tests\GoldenTicket.Domain.Tests\bin\Release\net10.0-windows10.0.26100.0\zh-Hant\Microsoft.TestPlatform.CrossPlatEngine.resources.dll".
         Deleting file "D:\Projects\GoldenTicket\tests\GoldenTicket.Domain.Tests\bin\Release\net10.0-windows10.0.26100.0\zh-Hant\Microsoft.VisualStudio.TestPlatform.Common.resources.dll".
         Deleting file "D:\Projects\GoldenTicket\tests\GoldenTicket.Domain.Tests\bin\Release\net10.0-windows10.0.26100.0\runtimes\browser-wasm\nativeassets\net9.0\e_sqlite3.a".
         Deleting file "D:\Projects\GoldenTicket\tests\GoldenTicket.Domain.Tests\bin\Release\net10.0-windows10.0.26100.0\runtimes\linux-arm\native\libe_sqlite3.so".
         Deleting file "D:\Projects\GoldenTicket\tests\GoldenTicket.Domain.Tests\bin\Release\net10.0-windows10.0.26100.0\runtimes\linux-arm64\native\libe_sqlite3.so".
         Deleting file "D:\Projects\GoldenTicket\tests\GoldenTicket.Domain.Tests\bin\Release\net10.0-windows10.0.26100.0\runtimes\linux-armel\native\libe_sqlite3.so".
         Deleting file "D:\Projects\GoldenTicket\tests\GoldenTicket.Domain.Tests\bin\Release\net10.0-windows10.0.26100.0\runtimes\linux-mips64\native\libe_sqlite3.so".
         Deleting file "D:\Projects\GoldenTicket\tests\GoldenTicket.Domain.Tests\bin\Release\net10.0-windows10.0.26100.0\runtimes\linux-musl-arm\native\libe_sqlite3.so".
         Deleting file "D:\Projects\GoldenTicket\tests\GoldenTicket.Domain.Tests\bin\Release\net10.0-windows10.0.26100.0\runtimes\linux-musl-arm64\native\libe_sqlite3.so".
         Deleting file "D:\Projects\GoldenTicket\tests\GoldenTicket.Domain.Tests\bin\Release\net10.0-windows10.0.26100.0\runtimes\linux-musl-riscv64\native\libe_sqlite3.so".
         Deleting file "D:\Projects\GoldenTicket\tests\GoldenTicket.Domain.Tests\bin\Release\net10.0-windows10.0.26100.0\runtimes\linux-musl-s390x\native\libe_sqlite3.so".
         Deleting file "D:\Projects\GoldenTicket\tests\GoldenTicket.Domain.Tests\bin\Release\net10.0-windows10.0.26100.0\runtimes\linux-musl-x64\native\libe_sqlite3.so".
         Deleting file "D:\Projects\GoldenTicket\tests\GoldenTicket.Domain.Tests\bin\Release\net10.0-windows10.0.26100.0\runtimes\linux-ppc64le\native\libe_sqlite3.so".
         Deleting file "D:\Projects\GoldenTicket\tests\GoldenTicket.Domain.Tests\bin\Release\net10.0-windows10.0.26100.0\runtimes\linux-riscv64\native\libe_sqlite3.so".
         Deleting file "D:\Projects\GoldenTicket\tests\GoldenTicket.Domain.Tests\bin\Release\net10.0-windows10.0.26100.0\runtimes\linux-s390x\native\libe_sqlite3.so".
         Deleting file "D:\Projects\GoldenTicket\tests\GoldenTicket.Domain.Tests\bin\Release\net10.0-windows10.0.26100.0\runtimes\linux-x64\native\libe_sqlite3.so".
         Deleting file "D:\Projects\GoldenTicket\tests\GoldenTicket.Domain.Tests\bin\Release\net10.0-windows10.0.26100.0\runtimes\linux-x86\native\libe_sqlite3.so".
         Deleting file "D:\Projects\GoldenTicket\tests\GoldenTicket.Domain.Tests\bin\Release\net10.0-windows10.0.26100.0\runtimes\maccatalyst-arm64\native\libe_sqlite3.dylib".
         Deleting file "D:\Projects\GoldenTicket\tests\GoldenTicket.Domain.Tests\bin\Release\net10.0-windows10.0.26100.0\runtimes\maccatalyst-x64\native\libe_sqlite3.dylib".
         Deleting file "D:\Projects\GoldenTicket\tests\GoldenTicket.Domain.Tests\bin\Release\net10.0-windows10.0.26100.0\runtimes\osx-arm64\native\libe_sqlite3.dylib".
         Deleting file "D:\Projects\GoldenTicket\tests\GoldenTicket.Domain.Tests\bin\Release\net10.0-windows10.0.26100.0\runtimes\osx-x64\native\libe_sqlite3.dylib".
         Deleting file "D:\Projects\GoldenTicket\tests\GoldenTicket.Domain.Tests\bin\Release\net10.0-windows10.0.26100.0\runtimes\win-arm64\native\e_sqlite3.dll".
         Deleting file "D:\Projects\GoldenTicket\tests\GoldenTicket.Domain.Tests\bin\Release\net10.0-windows10.0.26100.0\runtimes\win-x64\native\e_sqlite3.dll".
         Deleting file "D:\Projects\GoldenTicket\tests\GoldenTicket.Domain.Tests\bin\Release\net10.0-windows10.0.26100.0\runtimes\win-x86\native\e_sqlite3.dll".
         Deleting file "D:\Projects\GoldenTicket\tests\GoldenTicket.Domain.Tests\bin\Release\net10.0-windows10.0.26100.0\Microsoft.Windows.SDK.NET.dll".
         Deleting file "D:\Projects\GoldenTicket\tests\GoldenTicket.Domain.Tests\bin\Release\net10.0-windows10.0.26100.0\WinRT.Runtime.dll".
         Deleting file "D:\Projects\GoldenTicket\tests\GoldenTicket.Domain.Tests\bin\Release\net10.0-windows10.0.26100.0\GoldenTicket.AI.dll".
         Deleting file "D:\Projects\GoldenTicket\tests\GoldenTicket.Domain.Tests\bin\Release\net10.0-windows10.0.26100.0\GoldenTicket.Application.dll".
         Deleting file "D:\Projects\GoldenTicket\tests\GoldenTicket.Domain.Tests\bin\Release\net10.0-windows10.0.26100.0\GoldenTicket.dll".
         Deleting file "D:\Projects\GoldenTicket\tests\GoldenTicket.Domain.Tests\bin\Release\net10.0-windows10.0.26100.0\GoldenTicket.Domain.dll".
         Deleting file "D:\Projects\GoldenTicket\tests\GoldenTicket.Domain.Tests\bin\Release\net10.0-windows10.0.26100.0\GoldenTicket.Persistence.dll".
         Deleting file "D:\Projects\GoldenTicket\tests\GoldenTicket.Domain.Tests\bin\Release\net10.0-windows10.0.26100.0\GoldenTicket.Simulator.dll".
         Deleting file "D:\Projects\GoldenTicket\tests\GoldenTicket.Domain.Tests\bin\Release\net10.0-windows10.0.26100.0\GoldenTicket.Domain.pdb".
         Deleting file "D:\Projects\GoldenTicket\tests\GoldenTicket.Domain.Tests\bin\Release\net10.0-windows10.0.26100.0\GoldenTicket.Application.pdb".
         Deleting file "D:\Projects\GoldenTicket\tests\GoldenTicket.Domain.Tests\bin\Release\net10.0-windows10.0.26100.0\GoldenTicket.AI.pdb".
         Deleting file "D:\Projects\GoldenTicket\tests\GoldenTicket.Domain.Tests\bin\Release\net10.0-windows10.0.26100.0\GoldenTicket.Persistence.pdb".
         Deleting file "D:\Projects\GoldenTicket\tests\GoldenTicket.Domain.Tests\bin\Release\net10.0-windows10.0.26100.0\GoldenTicket.Simulator.pdb".
         Deleting file "D:\Projects\GoldenTicket\tests\GoldenTicket.Domain.Tests\bin\Release\net10.0-windows10.0.26100.0\GoldenTicket.pdb".
         Deleting file "D:\Projects\GoldenTicket\tests\GoldenTicket.Domain.Tests\obj\Release\net10.0-windows10.0.26100.0\GoldenTicket.Domain.Tests.csproj.AssemblyReference.cache".
         Deleting file "D:\Projects\GoldenTicket\tests\GoldenTicket.Domain.Tests\obj\Release\net10.0-windows10.0.26100.0\GoldenTicket.Domain.Tests.GeneratedMSBuildEditorConfig.editorconfig".
         Deleting file "D:\Projects\GoldenTicket\tests\GoldenTicket.Domain.Tests\obj\Release\net10.0-windows10.0.26100.0\GoldenTicket.Domain.Tests.gentestingplatformentrypointinputcache.cache".
         Deleting file "D:\Projects\GoldenTicket\tests\GoldenTicket.Domain.Tests\obj\Release\net10.0-windows10.0.26100.0\GoldenTicket.Domain.Tests.genautoregisteredextensionsinputcache.cache".
         Deleting file "D:\Projects\GoldenTicket\tests\GoldenTicket.Domain.Tests\obj\Release\net10.0-windows10.0.26100.0\SelfRegisteredExtensions.cs".
         Deleting file "D:\Projects\GoldenTicket\tests\GoldenTicket.Domain.Tests\obj\Release\net10.0-windows10.0.26100.0\GoldenTicket.Domain.Tests.xUnit.v3.EntryPoint.cache".
         Deleting file "D:\Projects\GoldenTicket\tests\GoldenTicket.Domain.Tests\obj\Release\net10.0-windows10.0.26100.0\XunitAutoGeneratedEntryPoint.cs".
         Deleting file "D:\Projects\GoldenTicket\tests\GoldenTicket.Domain.Tests\obj\Release\net10.0-windows10.0.26100.0\GoldenTicket.Domain.Tests.AssemblyInfoInputs.cache".
         Deleting file "D:\Projects\GoldenTicket\tests\GoldenTicket.Domain.Tests\obj\Release\net10.0-windows10.0.26100.0\GoldenTicket.Domain.Tests.AssemblyInfo.cs".
         Deleting file "D:\Projects\GoldenTicket\tests\GoldenTicket.Domain.Tests\obj\Release\net10.0-windows10.0.26100.0\GoldenTicket.Domain.Tests.csproj.CoreCompileInputs.cache".
         Deleting file "D:\Projects\GoldenTicket\tests\GoldenTicket.Domain.Tests\obj\Release\net10.0-windows10.0.26100.0\GoldenTi.582B12E2.Up2Date".
         Deleting file "D:\Projects\GoldenTicket\tests\GoldenTicket.Domain.Tests\obj\Release\net10.0-windows10.0.26100.0\GoldenTicket.Domain.Tests.dll".
         Deleting file "D:\Projects\GoldenTicket\tests\GoldenTicket.Domain.Tests\obj\Release\net10.0-windows10.0.26100.0\refint\GoldenTicket.Domain.Tests.dll".
         Deleting file "D:\Projects\GoldenTicket\tests\GoldenTicket.Domain.Tests\obj\Release\net10.0-windows10.0.26100.0\GoldenTicket.Domain.Tests.pdb".
         Deleting file "D:\Projects\GoldenTicket\tests\GoldenTicket.Domain.Tests\obj\Release\net10.0-windows10.0.26100.0\GoldenTicket.Domain.Tests.genruntimeconfig.cache".
         Deleting file "D:\Projects\GoldenTicket\tests\GoldenTicket.Domain.Tests\obj\Release\net10.0-windows10.0.26100.0\ref\GoldenTicket.Domain.Tests.dll".
     1>Project "D:\Projects\GoldenTicket\GoldenTicket.sln" (1) is building "D:\Projects\GoldenTicket\src\GoldenTicket.Desktop\GoldenTicket.Desktop.csproj" (7) on node 2 (Rebuild target(s)).
     7>CoreClean:
         Deleting file "D:\Projects\GoldenTicket\src\GoldenTicket.Desktop\bin\Release\net10.0-windows10.0.26100.0\win-x64\data\classic-us\classic-us-v1.json".
         Deleting file "D:\Projects\GoldenTicket\src\GoldenTicket.Desktop\bin\Release\net10.0-windows10.0.26100.0\win-x64\GoldenTicket.exe".
         Deleting file "D:\Projects\GoldenTicket\src\GoldenTicket.Desktop\bin\Release\net10.0-windows10.0.26100.0\win-x64\GoldenTicket.deps.json".
         Deleting file "D:\Projects\GoldenTicket\src\GoldenTicket.Desktop\bin\Release\net10.0-windows10.0.26100.0\win-x64\GoldenTicket.runtimeconfig.json".
         Deleting file "D:\Projects\GoldenTicket\src\GoldenTicket.Desktop\bin\Release\net10.0-windows10.0.26100.0\win-x64\GoldenTicket.dll".
         Deleting file "D:\Projects\GoldenTicket\src\GoldenTicket.Desktop\bin\Release\net10.0-windows10.0.26100.0\win-x64\GoldenTicket.pdb".
         Deleting file "D:\Projects\GoldenTicket\src\GoldenTicket.Desktop\bin\Release\net10.0-windows10.0.26100.0\win-x64\CommunityToolkit.Mvvm.dll".
         Deleting file "D:\Projects\GoldenTicket\src\GoldenTicket.Desktop\bin\Release\net10.0-windows10.0.26100.0\win-x64\Microsoft.Data.Sqlite.dll".
         Deleting file "D:\Projects\GoldenTicket\src\GoldenTicket.Desktop\bin\Release\net10.0-windows10.0.26100.0\win-x64\SQLitePCLRaw.batteries_v2.dll".
         Deleting file "D:\Projects\GoldenTicket\src\GoldenTicket.Desktop\bin\Release\net10.0-windows10.0.26100.0\win-x64\SQLitePCLRaw.core.dll".
         Deleting file "D:\Projects\GoldenTicket\src\GoldenTicket.Desktop\bin\Release\net10.0-windows10.0.26100.0\win-x64\SQLitePCLRaw.provider.e_sqlite3.dll".
         Deleting file "D:\Projects\GoldenTicket\src\GoldenTicket.Desktop\bin\Release\net10.0-windows10.0.26100.0\win-x64\e_sqlite3.dll".
         Deleting file "D:\Projects\GoldenTicket\src\GoldenTicket.Desktop\bin\Release\net10.0-windows10.0.26100.0\win-x64\Microsoft.Windows.SDK.NET.dll".
         Deleting file "D:\Projects\GoldenTicket\src\GoldenTicket.Desktop\bin\Release\net10.0-windows10.0.26100.0\win-x64\WinRT.Runtime.dll".
         Deleting file "D:\Projects\GoldenTicket\src\GoldenTicket.Desktop\bin\Release\net10.0-windows10.0.26100.0\win-x64\GoldenTicket.AI.dll".
         Deleting file "D:\Projects\GoldenTicket\src\GoldenTicket.Desktop\bin\Release\net10.0-windows10.0.26100.0\win-x64\GoldenTicket.Application.dll".
         Deleting file "D:\Projects\GoldenTicket\src\GoldenTicket.Desktop\bin\Release\net10.0-windows10.0.26100.0\win-x64\GoldenTicket.Domain.dll".
         Deleting file "D:\Projects\GoldenTicket\src\GoldenTicket.Desktop\bin\Release\net10.0-windows10.0.26100.0\win-x64\GoldenTicket.Persistence.dll".
         Deleting file "D:\Projects\GoldenTicket\src\GoldenTicket.Desktop\bin\Release\net10.0-windows10.0.26100.0\win-x64\GoldenTicket.Domain.pdb".
         Deleting file "D:\Projects\GoldenTicket\src\GoldenTicket.Desktop\bin\Release\net10.0-windows10.0.26100.0\win-x64\GoldenTicket.Application.pdb".
         Deleting file "D:\Projects\GoldenTicket\src\GoldenTicket.Desktop\bin\Release\net10.0-windows10.0.26100.0\win-x64\GoldenTicket.AI.pdb".
         Deleting file "D:\Projects\GoldenTicket\src\GoldenTicket.Desktop\bin\Release\net10.0-windows10.0.26100.0\win-x64\GoldenTicket.Persistence.pdb".
         Deleting file "D:\Projects\GoldenTicket\src\GoldenTicket.Desktop\obj\Release\net10.0-windows10.0.26100.0\win-x64\GoldenTicket.Desktop.csproj.AssemblyReference.cache".
         Deleting file "D:\Projects\GoldenTicket\src\GoldenTicket.Desktop\obj\Release\net10.0-windows10.0.26100.0\win-x64\Theme\Controls.baml".
         Deleting file "D:\Projects\GoldenTicket\src\GoldenTicket.Desktop\obj\Release\net10.0-windows10.0.26100.0\win-x64\Theme\Palette.baml".
         Deleting file "D:\Projects\GoldenTicket\src\GoldenTicket.Desktop\obj\Release\net10.0-windows10.0.26100.0\win-x64\App.baml".
         Deleting file "D:\Projects\GoldenTicket\src\GoldenTicket.Desktop\obj\Release\net10.0-windows10.0.26100.0\win-x64\MainWindow.g.cs".
         Deleting file "D:\Projects\GoldenTicket\src\GoldenTicket.Desktop\obj\Release\net10.0-windows10.0.26100.0\win-x64\Views\FinalScoreView.g.cs".
         Deleting file "D:\Projects\GoldenTicket\src\GoldenTicket.Desktop\obj\Release\net10.0-windows10.0.26100.0\win-x64\Views\PrivateSeatView.g.cs".
         Deleting file "D:\Projects\GoldenTicket\src\GoldenTicket.Desktop\obj\Release\net10.0-windows10.0.26100.0\win-x64\Views\SetupView.g.cs".
         Deleting file "D:\Projects\GoldenTicket\src\GoldenTicket.Desktop\obj\Release\net10.0-windows10.0.26100.0\win-x64\Views\TableView.g.cs".
         Deleting file "D:\Projects\GoldenTicket\src\GoldenTicket.Desktop\obj\Release\net10.0-windows10.0.26100.0\win-x64\App.g.cs".
         Deleting file "D:\Projects\GoldenTicket\src\GoldenTicket.Desktop\obj\Release\net10.0-windows10.0.26100.0\win-x64\GeneratedInternalTypeHelper.g.cs".
         Deleting file "D:\Projects\GoldenTicket\src\GoldenTicket.Desktop\obj\Release\net10.0-windows10.0.26100.0\win-x64\GoldenTicket_MarkupCompile.cache".
         Deleting file "D:\Projects\GoldenTicket\src\GoldenTicket.Desktop\obj\Release\net10.0-windows10.0.26100.0\win-x64\GoldenTicket_MarkupCompile.lref".
         Deleting file "D:\Projects\GoldenTicket\src\GoldenTicket.Desktop\obj\Release\net10.0-windows10.0.26100.0\win-x64\MainWindow.baml".
         Deleting file "D:\Projects\GoldenTicket\src\GoldenTicket.Desktop\obj\Release\net10.0-windows10.0.26100.0\win-x64\Views\FinalScoreView.baml".
         Deleting file "D:\Projects\GoldenTicket\src\GoldenTicket.Desktop\obj\Release\net10.0-windows10.0.26100.0\win-x64\Views\PrivateSeatView.baml".
         Deleting file "D:\Projects\GoldenTicket\src\GoldenTicket.Desktop\obj\Release\net10.0-windows10.0.26100.0\win-x64\Views\SetupView.baml".
         Deleting file "D:\Projects\GoldenTicket\src\GoldenTicket.Desktop\obj\Release\net10.0-windows10.0.26100.0\win-x64\Views\TableView.baml".
         Deleting file "D:\Projects\GoldenTicket\src\GoldenTicket.Desktop\obj\Release\net10.0-windows10.0.26100.0\win-x64\GoldenTicket.g.resources".
         Deleting file "D:\Projects\GoldenTicket\src\GoldenTicket.Desktop\obj\Release\net10.0-windows10.0.26100.0\win-x64\GoldenTicket.Desktop.GeneratedMSBuildEditorConfig.editorconfig".
         Deleting file "D:\Projects\GoldenTicket\src\GoldenTicket.Desktop\obj\Release\net10.0-windows10.0.26100.0\win-x64\GoldenTicket.Desktop.AssemblyInfoInputs.cache".
         Deleting file "D:\Projects\GoldenTicket\src\GoldenTicket.Desktop\obj\Release\net10.0-windows10.0.26100.0\win-x64\GoldenTicket.Desktop.AssemblyInfo.cs".
         Deleting file "D:\Projects\GoldenTicket\src\GoldenTicket.Desktop\obj\Release\net10.0-windows10.0.26100.0\win-x64\GoldenTicket.Desktop.csproj.CoreCompileInputs.cache".
         Deleting file "D:\Projects\GoldenTicket\src\GoldenTicket.Desktop\obj\Release\net10.0-windows10.0.26100.0\win-x64\GoldenTi.84E37312.Up2Date".
         Deleting file "D:\Projects\GoldenTicket\src\GoldenTicket.Desktop\obj\Release\net10.0-windows10.0.26100.0\win-x64\GoldenTicket.dll".
         Deleting file "D:\Projects\GoldenTicket\src\GoldenTicket.Desktop\obj\Release\net10.0-windows10.0.26100.0\win-x64\refint\GoldenTicket.dll".
         Deleting file "D:\Projects\GoldenTicket\src\GoldenTicket.Desktop\obj\Release\net10.0-windows10.0.26100.0\win-x64\GoldenTicket.pdb".
         Deleting file "D:\Projects\GoldenTicket\src\GoldenTicket.Desktop\obj\Release\net10.0-windows10.0.26100.0\win-x64\GoldenTicket.Desktop.genruntimeconfig.cache".
         Deleting file "D:\Projects\GoldenTicket\src\GoldenTicket.Desktop\obj\Release\net10.0-windows10.0.26100.0\win-x64\ref\GoldenTicket.dll".
     1>Project "D:\Projects\GoldenTicket\GoldenTicket.sln" (1) is building "D:\Projects\GoldenTicket\src\GoldenTicket.Domain\GoldenTicket.Domain.csproj" (8) on node 1 (Rebuild target(s)).
     8>CoreClean:
         Deleting file "D:\Projects\GoldenTicket\src\GoldenTicket.Domain\bin\Release\net10.0\data\classic-us\classic-us-v1.json".
         Deleting file "D:\Projects\GoldenTicket\src\GoldenTicket.Domain\bin\Release\net10.0\GoldenTicket.Domain.deps.json".
         Deleting file "D:\Projects\GoldenTicket\src\GoldenTicket.Domain\bin\Release\net10.0\GoldenTicket.Domain.dll".
         Deleting file "D:\Projects\GoldenTicket\src\GoldenTicket.Domain\bin\Release\net10.0\GoldenTicket.Domain.pdb".
         Deleting file "D:\Projects\GoldenTicket\src\GoldenTicket.Domain\obj\Release\net10.0\GoldenTicket.Domain.GeneratedMSBuildEditorConfig.editorconfig".
         Deleting file "D:\Projects\GoldenTicket\src\GoldenTicket.Domain\obj\Release\net10.0\GoldenTicket.Domain.AssemblyInfoInputs.cache".
         Deleting file "D:\Projects\GoldenTicket\src\GoldenTicket.Domain\obj\Release\net10.0\GoldenTicket.Domain.AssemblyInfo.cs".
         Deleting file "D:\Projects\GoldenTicket\src\GoldenTicket.Domain\obj\Release\net10.0\GoldenTicket.Domain.csproj.CoreCompileInputs.cache".
         Deleting file "D:\Projects\GoldenTicket\src\GoldenTicket.Domain\obj\Release\net10.0\GoldenTicket.Domain.dll".
         Deleting file "D:\Projects\GoldenTicket\src\GoldenTicket.Domain\obj\Release\net10.0\refint\GoldenTicket.Domain.dll".
         Deleting file "D:\Projects\GoldenTicket\src\GoldenTicket.Domain\obj\Release\net10.0\GoldenTicket.Domain.pdb".
         Deleting file "D:\Projects\GoldenTicket\src\GoldenTicket.Domain\obj\Release\net10.0\ref\GoldenTicket.Domain.dll".
       GenerateTargetFrameworkMonikerAttribute:
       Skipping target "GenerateTargetFrameworkMonikerAttribute" because all output files are up-to-date with respect to the input files.
       CoreGenerateAssemblyInfo:
         Could not infer the type of parameter "_Parameter1" because the attribute type "System.Runtime.CompilerServices.InternalsVisibleTo" is unknown. The value will be treated as a string.
       _GenerateSourceLinkFile:
         Source Link is empty, file 'obj\Release\net10.0\GoldenTicket.Domain.sourcelink.json' does not exist.
       CoreCompile:
         Setting DOTNET_ROOT to 'C:\Program Files\dotnet'
         C:\Program Files\dotnet\sdk\10.0.401\Roslyn\bincore\csc.exe /noconfig /unsafe- /checked- /nowarn:CA1416,1701,1702,8002 /fullpaths /nostdlib+ /errorreport:prompt /warn:10 /define:TRACE;RELEASE;NET;NET10_0;NETCOREAPP;NET5_0_OR_GREATER;NET6_0_OR_GREATER;NET7_0_OR_GREATER;NET8_0_OR_GREATER;NET9_0_OR_GREATER;NET10_0_OR_GREATER;NETCOREAPP1_0_OR_GREATER;NETCOREAPP1_1_OR_GREATER;NETCOREAPP2_0_OR_GREATER;NETCOREAPP2_1_OR_GREATER;NETCOREAPP2_2_OR_GREATER;NETCOREAPP3_0_OR_GREATER;NETCOREAPP3_1_OR_GREATER /highentropyva+ /nullable:enable /reference:"C:\Program Files\dotnet\packs\Microsoft.NETCore.App.Ref\10.0.12\ref\net10.0\Microsoft.CSharp.dll" /reference:"C:\Program Files\dotnet\packs\Microsoft.NETCore.App.Ref\10.0.12\ref\net10.0\Microsoft.VisualBasic.Core.dll" /reference:"C:\Program Files\dotnet\packs\Microsoft.NETCore.App.Ref\10.0.12\ref\net10.0\Microsoft.VisualBasic.dll" /reference:"C:\Program Files\dotnet\packs\Microsoft.NETCore.App.Ref\10.0.12\ref\net10.0\Microsoft.Win32.Primitives.dll" /reference:"C:\Program Files\dotnet\packs\Microsoft.NETCore.App.Ref\10.0.12\ref\net10.0\Microsoft.Win32.Registry.dll" /reference:"C:\Program Files\dotnet\packs\Microsoft.NETCore.App.Ref\10.0.12\ref\net10.0\mscorlib.dll" /reference:"C:\Program Files\dotnet\packs\Microsoft.NETCore.App.Ref\10.0.12\ref\net10.0\netstandard.dll" /reference:"C:\Program Files\dotnet\packs\Microsoft.NETCore.App.Ref\10.0.12\ref\net10.0\System.AppContext.dll" /reference:"C:\Program Files\dotnet\packs\Microsoft.NETCore.App.Ref\10.0.12\ref\net10.0\System.Buffers.dll" /reference:"C:\Program Files\dotnet\packs\Microsoft.NETCore.App.Ref\10.0.12\ref\net10.0\System.Collections.Concurrent.dll" /reference:"C:\Program Files\dotnet\packs\Microsoft.NETCore.App.Ref\10.0.12\ref\net10.0\System.Collections.dll" /reference:"C:\Program Files\dotnet\packs\Microsoft.NETCore.App.Ref\10.0.12\ref\net10.0\System.Collections.Immutable.dll" /reference:"C:\Program Files\dotnet\packs\Microsoft.NETCore.App.Ref\10.0.12\ref\net10.0\System.Collections.NonGeneric.dll" /reference:"C:\Program Files\dotnet\packs\Microsoft.NETCore.App.Ref\10.0.12\ref\net10.0\System.Collections.Specialized.dll" /reference:"C:\Program Files\dotnet\packs\Microsoft.NETCore.App.Ref\10.0.12\ref\net10.0\System.ComponentModel.Annotations.dll" /reference:"C:\Program Files\dotnet\packs\Microsoft.NETCore.App.Ref\10.0.12\ref\net10.0\System.ComponentModel.DataAnnotations.dll" /reference:"C:\Program Files\dotnet\packs\Microsoft.NETCore.App.Ref\10.0.12\ref\net10.0\System.ComponentModel.dll" /reference:"C:\Program Files\dotnet\packs\Microsoft.NETCore.App.Ref\10.0.12\ref\net10.0\System.ComponentModel.EventBasedAsync.dll" /reference:"C:\Program Files\dotnet\packs\Microsoft.NETCore.App.Ref\10.0.12\ref\net10.0\System.ComponentModel.Primitives.dll" /reference:"C:\Program Files\dotnet\packs\Microsoft.NETCore.App.Ref\10.0.12\ref\net10.0\System.ComponentModel.TypeConverter.dll" /reference:"C:\Program Files\dotnet\packs\Microsoft.NETCore.App.Ref\10.0.12\ref\net10.0\System.Configuration.dll" /reference:"C:\Program Files\dotnet\packs\Microsoft.NETCore.App.Ref\10.0.12\ref\net10.0\System.Console.dll" /reference:"C:\Program Files\dotnet\packs\Microsoft.NETCore.App.Ref\10.0.12\ref\net10.0\System.Core.dll" /reference:"C:\Program Files\dotnet\packs\Microsoft.NETCore.App.Ref\10.0.12\ref\net10.0\System.Data.Common.dll" /reference:"C:\Program Files\dotnet\packs\Microsoft.NETCore.App.Ref\10.0.12\ref\net10.0\System.Data.DataSetExtensions.dll" /reference:"C:\Program Files\dotnet\packs\Microsoft.NETCore.App.Ref\10.0.12\ref\net10.0\System.Data.dll" /reference:"C:\Program Files\dotnet\packs\Microsoft.NETCore.App.Ref\10.0.12\ref\net10.0\System.Diagnostics.Contracts.dll" /reference:"C:\Program Files\dotnet\packs\Microsoft.NETCore.App.Ref\10.0.12\ref\net10.0\System.Diagnostics.Debug.dll" /reference:"C:\Program Files\dotnet\packs\Microsoft.NETCore.App.Ref\10.0.12\ref\net10.0\System.Diagnostics.DiagnosticSource.dll" /reference:"C:\Program Files\dotnet\packs\Microsoft.NETCore.App.Ref\10.0.12\ref\net10.0\System.Diagnostics.FileVersionInfo.dll" /reference:"C:\Program Files\dotnet\packs\Microsoft.NETCore.App.Ref\10.0.12\ref\net10.0\System.Diagnostics.Process.dll" /reference:"C:\Program Files\dotnet\packs\Microsoft.NETCore.App.Ref\10.0.12\ref\net10.0\System.Diagnostics.StackTrace.dll" /reference:"C:\Program Files\dotnet\packs\Microsoft.NETCore.App.Ref\10.0.12\ref\net10.0\System.Diagnostics.TextWriterTraceListener.dll" /reference:"C:\Program Files\dotnet\packs\Microsoft.NETCore.App.Ref\10.0.12\ref\net10.0\System.Diagnostics.Tools.dll" /reference:"C:\Program Files\dotnet\packs\Microsoft.NETCore.App.Ref\10.0.12\ref\net10.0\System.Diagnostics.TraceSource.dll" /reference:"C:\Program Files\dotnet\packs\Microsoft.NETCore.App.Ref\10.0.12\ref\net10.0\System.Diagnostics.Tracing.dll" /reference:"C:\Program Files\dotnet\packs\Microsoft.NETCore.App.Ref\10.0.12\ref\net10.0\System.dll" /reference:"C:\Program Files\dotnet\packs\Microsoft.NETCore.App.Ref\10.0.12\ref\net10.0\System.Drawing.dll" /reference:"C:\Program Files\dotnet\packs\Microsoft.NETCore.App.Ref\10.0.12\ref\net10.0\System.Drawing.Primitives.dll" /reference:"C:\Program Files\dotnet\packs\Microsoft.NETCore.App.Ref\10.0.12\ref\net10.0\System.Dynamic.Runtime.dll" /reference:"C:\Program Files\dotnet\packs\Microsoft.NETCore.App.Ref\10.0.12\ref\net10.0\System.Formats.Asn1.dll" /reference:"C:\Program Files\dotnet\packs\Microsoft.NETCore.App.Ref\10.0.12\ref\net10.0\System.Formats.Tar.dll" /reference:"C:\Program Files\dotnet\packs\Microsoft.NETCore.App.Ref\10.0.12\ref\net10.0\System.Globalization.Calendars.dll" /reference:"C:\Program Files\dotnet\packs\Microsoft.NETCore.App.Ref\10.0.12\ref\net10.0\System.Globalization.dll" /reference:"C:\Program Files\dotnet\packs\Microsoft.NETCore.App.Ref\10.0.12\ref\net10.0\System.Globalization.Extensions.dll" /reference:"C:\Program Files\dotnet\packs\Microsoft.NETCore.App.Ref\10.0.12\ref\net10.0\System.IO.Compression.Brotli.dll" /reference:"C:\Program Files\dotnet\packs\Microsoft.NETCore.App.Ref\10.0.12\ref\net10.0\System.IO.Compression.dll" /reference:"C:\Program Files\dotnet\packs\Microsoft.NETCore.App.Ref\10.0.12\ref\net10.0\System.IO.Compression.FileSystem.dll" /reference:"C:\Program Files\dotnet\packs\Microsoft.NETCore.App.Ref\10.0.12\ref\net10.0\System.IO.Compression.ZipFile.dll" /reference:"C:\Program Files\dotnet\packs\Microsoft.NETCore.App.Ref\10.0.12\ref\net10.0\System.IO.dll" /reference:"C:\Program Files\dotnet\packs\Microsoft.NETCore.App.Ref\10.0.12\ref\net10.0\System.IO.FileSystem.AccessControl.dll" /reference:"C:\Program Files\dotnet\packs\Microsoft.NETCore.App.Ref\10.0.12\ref\net10.0\System.IO.FileSystem.dll" /reference:"C:\Program Files\dotnet\packs\Microsoft.NETCore.App.Ref\10.0.12\ref\net10.0\System.IO.FileSystem.DriveInfo.dll" /reference:"C:\Program Files\dotnet\packs\Microsoft.NETCore.App.Ref\10.0.12\ref\net10.0\System.IO.FileSystem.Primitives.dll" /reference:"C:\Program Files\dotnet\packs\Microsoft.NETCore.App.Ref\10.0.12\ref\net10.0\System.IO.FileSystem.Watcher.dll" /reference:"C:\Program Files\dotnet\packs\Microsoft.NETCore.App.Ref\10.0.12\ref\net10.0\System.IO.IsolatedStorage.dll" /reference:"C:\Program Files\dotnet\packs\Microsoft.NETCore.App.Ref\10.0.12\ref\net10.0\System.IO.MemoryMappedFiles.dll" /reference:"C:\Program Files\dotnet\packs\Microsoft.NETCore.App.Ref\10.0.12\ref\net10.0\System.IO.Pipelines.dll" /reference:"C:\Program Files\dotnet\packs\Microsoft.NETCore.App.Ref\10.0.12\ref\net10.0\System.IO.Pipes.AccessControl.dll" /reference:"C:\Program Files\dotnet\packs\Microsoft.NETCore.App.Ref\10.0.12\ref\net10.0\System.IO.Pipes.dll" /reference:"C:\Program Files\dotnet\packs\Microsoft.NETCore.App.Ref\10.0.12\ref\net10.0\System.IO.UnmanagedMemoryStream.dll" /reference:"C:\Program Files\dotnet\packs\Microsoft.NETCore.App.Ref\10.0.12\ref\net10.0\System.Linq.AsyncEnumerable.dll" /reference:"C:\Program Files\dotnet\packs\Microsoft.NETCore.App.Ref\10.0.12\ref\net10.0\System.Linq.dll" /reference:"C:\Program Files\dotnet\packs\Microsoft.NETCore.App.Ref\10.0.12\ref\net10.0\System.Linq.Expressions.dll" /reference:"C:\Program Files\dotnet\packs\Microsoft.NETCore.App.Ref\10.0.12\ref\net10.0\System.Linq.Parallel.dll" /reference:"C:\Program Files\dotnet\packs\Microsoft.NETCore.App.Ref\10.0.12\ref\net10.0\System.Linq.Queryable.dll" /reference:"C:\Program Files\dotnet\packs\Microsoft.NETCore.App.Ref\10.0.12\ref\net10.0\System.Memory.dll" /reference:"C:\Program Files\dotnet\packs\Microsoft.NETCore.App.Ref\10.0.12\ref\net10.0\System.Net.dll" /reference:"C:\Program Files\dotnet\packs\Microsoft.NETCore.App.Ref\10.0.12\ref\net10.0\System.Net.Http.dll" /reference:"C:\Program Files\dotnet\packs\Microsoft.NETCore.App.Ref\10.0.12\ref\net10.0\System.Net.Http.Json.dll" /reference:"C:\Program Files\dotnet\packs\Microsoft.NETCore.App.Ref\10.0.12\ref\net10.0\System.Net.HttpListener.dll" /reference:"C:\Program Files\dotnet\packs\Microsoft.NETCore.App.Ref\10.0.12\ref\net10.0\System.Net.Mail.dll" /reference:"C:\Program Files\dotnet\packs\Microsoft.NETCore.App.Ref\10.0.12\ref\net10.0\System.Net.NameResolution.dll" /reference:"C:\Program Files\dotnet\packs\Microsoft.NETCore.App.Ref\10.0.12\ref\net10.0\System.Net.NetworkInformation.dll" /reference:"C:\Program Files\dotnet\packs\Microsoft.NETCore.App.Ref\10.0.12\ref\net10.0\System.Net.Ping.dll" /reference:"C:\Program Files\dotnet\packs\Microsoft.NETCore.App.Ref\10.0.12\ref\net10.0\System.Net.Primitives.dll" /reference:"C:\Program Files\dotnet\packs\Microsoft.NETCore.App.Ref\10.0.12\ref\net10.0\System.Net.Quic.dll" /reference:"C:\Program Files\dotnet\packs\Microsoft.NETCore.App.Ref\10.0.12\ref\net10.0\System.Net.Requests.dll" /reference:"C:\Program Files\dotnet\packs\Microsoft.NETCore.App.Ref\10.0.12\ref\net10.0\System.Net.Security.dll" /reference:"C:\Program Files\dotnet\packs\Microsoft.NETCore.App.Ref\10.0.12\ref\net10.0\System.Net.ServerSentEvents.dll" /reference:"C:\Program Files\dotnet\packs\Microsoft.NETCore.App.Ref\10.0.12\ref\net10.0\System.Net.ServicePoint.dll" /reference:"C:\Program Files\dotnet\packs\Microsoft.NETCore.App.Ref\10.0.12\ref\net10.0\System.Net.Sockets.dll" /reference:"C:\Program Files\dotnet\packs\Microsoft.NETCore.App.Ref\10.0.12\ref\net10.0\System.Net.WebClient.dll" /reference:"C:\Program Files\dotnet\packs\Microsoft.NETCore.App.Ref\10.0.12\ref\net10.0\System.Net.WebHeaderCollection.dll" /reference:"C:\Program Files\dotnet\packs\Microsoft.NETCore.App.Ref\10.0.12\ref\net10.0\System.Net.WebProxy.dll" /reference:"C:\Program Files\dotnet\packs\Microsoft.NETCore.App.Ref\10.0.12\ref\net10.0\System.Net.WebSockets.Client.dll" /reference:"C:\Program Files\dotnet\packs\Microsoft.NETCore.App.Ref\10.0.12\ref\net10.0\System.Net.WebSockets.dll" /reference:"C:\Program Files\dotnet\packs\Microsoft.NETCore.App.Ref\10.0.12\ref\net10.0\System.Numerics.dll" /reference:"C:\Program Files\dotnet\packs\Microsoft.NETCore.App.Ref\10.0.12\ref\net10.0\System.Numerics.Vectors.dll" /reference:"C:\Program Files\dotnet\packs\Microsoft.NETCore.App.Ref\10.0.12\ref\net10.0\System.ObjectModel.dll" /reference:"C:\Program Files\dotnet\packs\Microsoft.NETCore.App.Ref\10.0.12\ref\net10.0\System.Reflection.DispatchProxy.dll" /reference:"C:\Program Files\dotnet\packs\Microsoft.NETCore.App.Ref\10.0.12\ref\net10.0\System.Reflection.dll" /reference:"C:\Program Files\dotnet\packs\Microsoft.NETCore.App.Ref\10.0.12\ref\net10.0\System.Reflection.Emit.dll" /reference:"C:\Program Files\dotnet\packs\Microsoft.NETCore.App.Ref\10.0.12\ref\net10.0\System.Reflection.Emit.ILGeneration.dll" /reference:"C:\Program Files\dotnet\packs\Microsoft.NETCore.App.Ref\10.0.12\ref\net10.0\System.Reflection.Emit.Lightweight.dll" /reference:"C:\Program Files\dotnet\packs\Microsoft.NETCore.App.Ref\10.0.12\ref\net10.0\System.Reflection.Extensions.dll" /reference:"C:\Program Files\dotnet\packs\Microsoft.NETCore.App.Ref\10.0.12\ref\net10.0\System.Reflection.Metadata.dll" /reference:"C:\Program Files\dotnet\packs\Microsoft.NETCore.App.Ref\10.0.12\ref\net10.0\System.Reflection.Primitives.dll" /reference:"C:\Program Files\dotnet\packs\Microsoft.NETCore.App.Ref\10.0.12\ref\net10.0\System.Reflection.TypeExtensions.dll" /reference:"C:\Program Files\dotnet\packs\Microsoft.NETCore.App.Ref\10.0.12\ref\net10.0\System.Resources.Reader.dll" /reference:"C:\Program Files\dotnet\packs\Microsoft.NETCore.App.Ref\10.0.12\ref\net10.0\System.Resources.ResourceManager.dll" /reference:"C:\Program Files\dotnet\packs\Microsoft.NETCore.App.Ref\10.0.12\ref\net10.0\System.Resources.Writer.dll" /reference:"C:\Program Files\dotnet\packs\Microsoft.NETCore.App.Ref\10.0.12\ref\net10.0\System.Runtime.CompilerServices.Unsafe.dll" /reference:"C:\Program Files\dotnet\packs\Microsoft.NETCore.App.Ref\10.0.12\ref\net10.0\System.Runtime.CompilerServices.VisualC.dll" /reference:"C:\Program Files\dotnet\packs\Microsoft.NETCore.App.Ref\10.0.12\ref\net10.0\System.Runtime.dll" /reference:"C:\Program Files\dotnet\packs\Microsoft.NETCore.App.Ref\10.0.12\ref\net10.0\System.Runtime.Extensions.dll" /reference:"C:\Program Files\dotnet\packs\Microsoft.NETCore.App.Ref\10.0.12\ref\net10.0\System.Runtime.Handles.dll" /reference:"C:\Program Files\dotnet\packs\Microsoft.NETCore.App.Ref\10.0.12\ref\net10.0\System.Runtime.InteropServices.dll" /reference:"C:\Program Files\dotnet\packs\Microsoft.NETCore.App.Ref\10.0.12\ref\net10.0\System.Runtime.InteropServices.JavaScript.dll" /reference:"C:\Program Files\dotnet\packs\Microsoft.NETCore.App.Ref\10.0.12\ref\net10.0\System.Runtime.InteropServices.RuntimeInformation.dll" /reference:"C:\Program Files\dotnet\packs\Microsoft.NETCore.App.Ref\10.0.12\ref\net10.0\System.Runtime.Intrinsics.dll" /reference:"C:\Program Files\dotnet\packs\Microsoft.NETCore.App.Ref\10.0.12\ref\net10.0\System.Runtime.Loader.dll" /reference:"C:\Program Files\dotnet\packs\Microsoft.NETCore.App.Ref\10.0.12\ref\net10.0\System.Runtime.Numerics.dll" /reference:"C:\Program Files\dotnet\packs\Microsoft.NETCore.App.Ref\10.0.12\ref\net10.0\System.Runtime.Serialization.dll" /reference:"C:\Program Files\dotnet\packs\Microsoft.NETCore.App.Ref\10.0.12\ref\net10.0\System.Runtime.Serialization.Formatters.dll" /reference:"C:\Program Files\dotnet\packs\Microsoft.NETCore.App.Ref\10.0.12\ref\net10.0\System.Runtime.Serialization.Json.dll" /reference:"C:\Program Files\dotnet\packs\Microsoft.NETCore.App.Ref\10.0.12\ref\net10.0\System.Runtime.Serialization.Primitives.dll" /reference:"C:\Program Files\dotnet\packs\Microsoft.NETCore.App.Ref\10.0.12\ref\net10.0\System.Runtime.Serialization.Xml.dll" /reference:"C:\Program Files\dotnet\packs\Microsoft.NETCore.App.Ref\10.0.12\ref\net10.0\System.Security.AccessControl.dll" /reference:"C:\Program Files\dotnet\packs\Microsoft.NETCore.App.Ref\10.0.12\ref\net10.0\System.Security.Claims.dll" /reference:"C:\Program Files\dotnet\packs\Microsoft.NETCore.App.Ref\10.0.12\ref\net10.0\System.Security.Cryptography.Algorithms.dll" /reference:"C:\Program Files\dotnet\packs\Microsoft.NETCore.App.Ref\10.0.12\ref\net10.0\System.Security.Cryptography.Cng.dll" /reference:"C:\Program Files\dotnet\packs\Microsoft.NETCore.App.Ref\10.0.12\ref\net10.0\System.Security.Cryptography.Csp.dll" /reference:"C:\Program Files\dotnet\packs\Microsoft.NETCore.App.Ref\10.0.12\ref\net10.0\System.Security.Cryptography.dll" /reference:"C:\Program Files\dotnet\packs\Microsoft.NETCore.App.Ref\10.0.12\ref\net10.0\System.Security.Cryptography.Encoding.dll" /reference:"C:\Program Files\dotnet\packs\Microsoft.NETCore.App.Ref\10.0.12\ref\net10.0\System.Security.Cryptography.OpenSsl.dll" /reference:"C:\Program Files\dotnet\packs\Microsoft.NETCore.App.Ref\10.0.12\ref\net10.0\System.Security.Cryptography.Primitives.dll" /reference:"C:\Program Files\dotnet\packs\Microsoft.NETCore.App.Ref\10.0.12\ref\net10.0\System.Security.Cryptography.X509Certificates.dll" /reference:"C:\Program Files\dotnet\packs\Microsoft.NETCore.App.Ref\10.0.12\ref\net10.0\System.Security.dll" /reference:"C:\Program Files\dotnet\packs\Microsoft.NETCore.App.Ref\10.0.12\ref\net10.0\System.Security.Principal.dll" /reference:"C:\Program Files\dotnet\packs\Microsoft.NETCore.App.Ref\10.0.12\ref\net10.0\System.Security.Principal.Windows.dll" /reference:"C:\Program Files\dotnet\packs\Microsoft.NETCore.App.Ref\10.0.12\ref\net10.0\System.Security.SecureString.dll" /reference:"C:\Program Files\dotnet\packs\Microsoft.NETCore.App.Ref\10.0.12\ref\net10.0\System.ServiceModel.Web.dll" /reference:"C:\Program Files\dotnet\packs\Microsoft.NETCore.App.Ref\10.0.12\ref\net10.0\System.ServiceProcess.dll" /reference:"C:\Program Files\dotnet\packs\Microsoft.NETCore.App.Ref\10.0.12\ref\net10.0\System.Text.Encoding.CodePages.dll" /reference:"C:\Program Files\dotnet\packs\Microsoft.NETCore.App.Ref\10.0.12\ref\net10.0\System.Text.Encoding.dll" /reference:"C:\Program Files\dotnet\packs\Microsoft.NETCore.App.Ref\10.0.12\ref\net10.0\System.Text.Encoding.Extensions.dll" /reference:"C:\Program Files\dotnet\packs\Microsoft.NETCore.App.Ref\10.0.12\ref\net10.0\System.Text.Encodings.Web.dll" /reference:"C:\Program Files\dotnet\packs\Microsoft.NETCore.App.Ref\10.0.12\ref\net10.0\System.Text.Json.dll" /reference:"C:\Program Files\dotnet\packs\Microsoft.NETCore.App.Ref\10.0.12\ref\net10.0\System.Text.RegularExpressions.dll" /reference:"C:\Program Files\dotnet\packs\Microsoft.NETCore.App.Ref\10.0.12\ref\net10.0\System.Threading.AccessControl.dll" /reference:"C:\Program Files\dotnet\packs\Microsoft.NETCore.App.Ref\10.0.12\ref\net10.0\System.Threading.Channels.dll" /reference:"C:\Program Files\dotnet\packs\Microsoft.NETCore.App.Ref\10.0.12\ref\net10.0\System.Threading.dll" /reference:"C:\Program Files\dotnet\packs\Microsoft.NETCore.App.Ref\10.0.12\ref\net10.0\System.Threading.Overlapped.dll" /reference:"C:\Program Files\dotnet\packs\Microsoft.NETCore.App.Ref\10.0.12\ref\net10.0\System.Threading.Tasks.Dataflow.dll" /reference:"C:\Program Files\dotnet\packs\Microsoft.NETCore.App.Ref\10.0.12\ref\net10.0\System.Threading.Tasks.dll" /reference:"C:\Program Files\dotnet\packs\Microsoft.NETCore.App.Ref\10.0.12\ref\net10.0\System.Threading.Tasks.Extensions.dll" /reference:"C:\Program Files\dotnet\packs\Microsoft.NETCore.App.Ref\10.0.12\ref\net10.0\System.Threading.Tasks.Parallel.dll" /reference:"C:\Program Files\dotnet\packs\Microsoft.NETCore.App.Ref\10.0.12\ref\net10.0\System.Threading.Thread.dll" /reference:"C:\Program Files\dotnet\packs\Microsoft.NETCore.App.Ref\10.0.12\ref\net10.0\System.Threading.ThreadPool.dll" /reference:"C:\Program Files\dotnet\packs\Microsoft.NETCore.App.Ref\10.0.12\ref\net10.0\System.Threading.Timer.dll" /reference:"C:\Program Files\dotnet\packs\Microsoft.NETCore.App.Ref\10.0.12\ref\net10.0\System.Transactions.dll" /reference:"C:\Program Files\dotnet\packs\Microsoft.NETCore.App.Ref\10.0.12\ref\net10.0\System.Transactions.Local.dll" /reference:"C:\Program Files\dotnet\packs\Microsoft.NETCore.App.Ref\10.0.12\ref\net10.0\System.ValueTuple.dll" /reference:"C:\Program Files\dotnet\packs\Microsoft.NETCore.App.Ref\10.0.12\ref\net10.0\System.Web.dll" /reference:"C:\Program Files\dotnet\packs\Microsoft.NETCore.App.Ref\10.0.12\ref\net10.0\System.Web.HttpUtility.dll" /reference:"C:\Program Files\dotnet\packs\Microsoft.NETCore.App.Ref\10.0.12\ref\net10.0\System.Windows.dll" /reference:"C:\Program Files\dotnet\packs\Microsoft.NETCore.App.Ref\10.0.12\ref\net10.0\System.Xml.dll" /reference:"C:\Program Files\dotnet\packs\Microsoft.NETCore.App.Ref\10.0.12\ref\net10.0\System.Xml.Linq.dll" /reference:"C:\Program Files\dotnet\packs\Microsoft.NETCore.App.Ref\10.0.12\ref\net10.0\System.Xml.ReaderWriter.dll" /reference:"C:\Program Files\dotnet\packs\Microsoft.NETCore.App.Ref\10.0.12\ref\net10.0\System.Xml.Serialization.dll" /reference:"C:\Program Files\dotnet\packs\Microsoft.NETCore.App.Ref\10.0.12\ref\net10.0\System.Xml.XDocument.dll" /reference:"C:\Program Files\dotnet\packs\Microsoft.NETCore.App.Ref\10.0.12\ref\net10.0\System.Xml.XmlDocument.dll" /reference:"C:\Program Files\dotnet\packs\Microsoft.NETCore.App.Ref\10.0.12\ref\net10.0\System.Xml.XmlSerializer.dll" /reference:"C:\Program Files\dotnet\packs\Microsoft.NETCore.App.Ref\10.0.12\ref\net10.0\System.Xml.XPath.dll" /reference:"C:\Program Files\dotnet\packs\Microsoft.NETCore.App.Ref\10.0.12\ref\net10.0\System.Xml.XPath.XDocument.dll" /reference:"C:\Program Files\dotnet\packs\Microsoft.NETCore.App.Ref\10.0.12\ref\net10.0\WindowsBase.dll" /features:"InterceptorsNamespaces=;Microsoft.Extensions.Validation.Generated" /debug- /debug:portable /filealign:512 /optimize+ /out:obj\Release\net10.0\GoldenTicket.Domain.dll /refout:obj\Release\net10.0\refint\GoldenTicket.Domain.dll /target:library /warnaserror- /utf8output /deterministic+ /langversion:latest /analyzerconfig:obj\Release\net10.0\GoldenTicket.Domain.GeneratedMSBuildEditorConfig.editorconfig /analyzerconfig:"C:\Program Files\dotnet\sdk\10.0.401\Sdks\Microsoft.NET.Sdk\analyzers\build\config\analysislevel_10_default.globalconfig" /analyzer:"C:\Program Files\dotnet\sdk\10.0.401\Sdks\Microsoft.NET.Sdk\targets\..\analyzers\Microsoft.CodeAnalysis.CSharp.NetAnalyzers.dll" /analyzer:"C:\Program Files\dotnet\sdk\10.0.401\Sdks\Microsoft.NET.Sdk\targets\..\analyzers\Microsoft.CodeAnalysis.NetAnalyzers.dll" /analyzer:"C:\Program Files\dotnet\packs\Microsoft.NETCore.App.Ref\10.0.12\analyzers/dotnet/cs/Microsoft.Interop.ComInterfaceGenerator.dll" /analyzer:"C:\Program Files\dotnet\packs\Microsoft.NETCore.App.Ref\10.0.12\analyzers/dotnet/cs/Microsoft.Interop.JavaScript.JSImportGenerator.dll" /analyzer:"C:\Program Files\dotnet\packs\Microsoft.NETCore.App.Ref\10.0.12\analyzers/dotnet/cs/Microsoft.Interop.LibraryImportGenerator.dll" /analyzer:"C:\Program Files\dotnet\packs\Microsoft.NETCore.App.Ref\10.0.12\analyzers/dotnet/cs/Microsoft.Interop.SourceGeneration.dll" /analyzer:"C:\Program Files\dotnet\packs\Microsoft.NETCore.App.Ref\10.0.12\analyzers/dotnet/cs/System.Text.Json.SourceGeneration.dll" /analyzer:"C:\Program Files\dotnet\packs\Microsoft.NETCore.App.Ref\10.0.12\analyzers/dotnet/cs/System.Text.RegularExpressions.Generator.dll" Ai\IAiPolicy.cs Engine\GameCommands.cs Engine\GameReducer.cs Engine\GameRules.cs Engine\LegalActions.cs Enums.cs Events\GameEvent.cs Ids.cs InvariantChecker.cs Json\IdConverters.cs Manifest\BoardManifest.cs Manifest\ManifestLoader.cs Model\CardCatalog.cs Model\FinalResult.cs Model\GameState.cs Model\PendingOperations.cs Model\Seat.cs Projections\Projector.cs Projections\Views.cs Randomness\DeterministicRandom.cs Scoring\FinalScoring.cs Scoring\LongestTrail.cs Scoring\TicketEvaluator.cs StateHash.cs obj\Release\net10.0\GoldenTicket.Domain.GlobalUsings.g.cs "obj\Release\net10.0\.NETCoreApp,Version=v10.0.AssemblyAttributes.cs" obj\Release\net10.0\GoldenTicket.Domain.AssemblyInfo.cs /warnaserror+:NU1605,SYSLIB0011
         Compilation request GoldenTicket.Domain (net10.0), PathToTool=C:\Program Files\dotnet\sdk\10.0.401\Roslyn\bincore\csc.exe
         CommandLine = ' /noconfig'
         BuildResponseFile = '/unsafe- /checked- /nowarn:CA1416,1701,1702,8002 /fullpaths /nostdlib+ /errorreport:prompt /warn:10 /define:TRACE;RELEASE;NET;NET10_0;NETCOREAPP;NET5_0_OR_GREATER;NET6_0_OR_GREATER;NET7_0_OR_GREATER;NET8_0_OR_GREATER;NET9_0_OR_GREATER;NET10_0_OR_GREATER;NETCOREAPP1_0_OR_GREATER;NETCOREAPP1_1_OR_GREATER;NETCOREAPP2_0_OR_GREATER;NETCOREAPP2_1_OR_GREATER;NETCOREAPP2_2_OR_GREATER;NETCOREAPP3_0_OR_GREATER;NETCOREAPP3_1_OR_GREATER /highentropyva+ /nullable:enable /reference:"C:\Program Files\dotnet\packs\Microsoft.NETCore.App.Ref\10.0.12\ref\net10.0\Microsoft.CSharp.dll" /reference:"C:\Program Files\dotnet\packs\Microsoft.NETCore.App.Ref\10.0.12\ref\net10.0\Microsoft.VisualBasic.Core.dll" /reference:"C:\Program Files\dotnet\packs\Microsoft.NETCore.App.Ref\10.0.12\ref\net10.0\Microsoft.VisualBasic.dll" /reference:"C:\Program Files\dotnet\packs\Microsoft.NETCore.App.Ref\10.0.12\ref\net10.0\Microsoft.Win32.Primitives.dll" /reference:"C:\Program Files\dotnet\packs\Microsoft.NETCore.App.Ref\10.0.12\ref\net10.0\Microsoft.Win32.Registry.dll" /reference:"C:\Program Files\dotnet\packs\Microsoft.NETCore.App.Ref\10.0.12\ref\net10.0\mscorlib.dll" /reference:"C:\Program Files\dotnet\packs\Microsoft.NETCore.App.Ref\10.0.12\ref\net10.0\netstandard.dll" /reference:"C:\Program Files\dotnet\packs\Microsoft.NETCore.App.Ref\10.0.12\ref\net10.0\System.AppContext.dll" /reference:"C:\Program Files\dotnet\packs\Microsoft.NETCore.App.Ref\10.0.12\ref\net10.0\System.Buffers.dll" /reference:"C:\Program Files\dotnet\packs\Microsoft.NETCore.App.Ref\10.0.12\ref\net10.0\System.Collections.Concurrent.dll" /reference:"C:\Program Files\dotnet\packs\Microsoft.NETCore.App.Ref\10.0.12\ref\net10.0\System.Collections.dll" /reference:"C:\Program Files\dotnet\packs\Microsoft.NETCore.App.Ref\10.0.12\ref\net10.0\System.Collections.Immutable.dll" /reference:"C:\Program Files\dotnet\packs\Microsoft.NETCore.App.Ref\10.0.12\ref\net10.0\System.Collections.NonGeneric.dll" /reference:"C:\Program Files\dotnet\packs\Microsoft.NETCore.App.Ref\10.0.12\ref\net10.0\System.Collections.Specialized.dll" /reference:"C:\Program Files\dotnet\packs\Microsoft.NETCore.App.Ref\10.0.12\ref\net10.0\System.ComponentModel.Annotations.dll" /reference:"C:\Program Files\dotnet\packs\Microsoft.NETCore.App.Ref\10.0.12\ref\net10.0\System.ComponentModel.DataAnnotations.dll" /reference:"C:\Program Files\dotnet\packs\Microsoft.NETCore.App.Ref\10.0.12\ref\net10.0\System.ComponentModel.dll" /reference:"C:\Program Files\dotnet\packs\Microsoft.NETCore.App.Ref\10.0.12\ref\net10.0\System.ComponentModel.EventBasedAsync.dll" /reference:"C:\Program Files\dotnet\packs\Microsoft.NETCore.App.Ref\10.0.12\ref\net10.0\System.ComponentModel.Primitives.dll" /reference:"C:\Program Files\dotnet\packs\Microsoft.NETCore.App.Ref\10.0.12\ref\net10.0\System.ComponentModel.TypeConverter.dll" /reference:"C:\Program Files\dotnet\packs\Microsoft.NETCore.App.Ref\10.0.12\ref\net10.0\System.Configuration.dll" /reference:"C:\Program Files\dotnet\packs\Microsoft.NETCore.App.Ref\10.0.12\ref\net10.0\System.Console.dll" /reference:"C:\Program Files\dotnet\packs\Microsoft.NETCore.App.Ref\10.0.12\ref\net10.0\System.Core.dll" /reference:"C:\Program Files\dotnet\packs\Microsoft.NETCore.App.Ref\10.0.12\ref\net10.0\System.Data.Common.dll" /reference:"C:\Program Files\dotnet\packs\Microsoft.NETCore.App.Ref\10.0.12\ref\net10.0\System.Data.DataSetExtensions.dll" /reference:"C:\Program Files\dotnet\packs\Microsoft.NETCore.App.Ref\10.0.12\ref\net10.0\System.Data.dll" /reference:"C:\Program Files\dotnet\packs\Microsoft.NETCore.App.Ref\10.0.12\ref\net10.0\System.Diagnostics.Contracts.dll" /reference:"C:\Program Files\dotnet\packs\Microsoft.NETCore.App.Ref\10.0.12\ref\net10.0\System.Diagnostics.Debug.dll" /reference:"C:\Program Files\dotnet\packs\Microsoft.NETCore.App.Ref\10.0.12\ref\net10.0\System.Diagnostics.DiagnosticSource.dll" /reference:"C:\Program Files\dotnet\packs\Microsoft.NETCore.App.Ref\10.0.12\ref\net10.0\System.Diagnostics.FileVersionInfo.dll" /reference:"C:\Program Files\dotnet\packs\Microsoft.NETCore.App.Ref\10.0.12\ref\net10.0\System.Diagnostics.Process.dll" /reference:"C:\Program Files\dotnet\packs\Microsoft.NETCore.App.Ref\10.0.12\ref\net10.0\System.Diagnostics.StackTrace.dll" /reference:"C:\Program Files\dotnet\packs\Microsoft.NETCore.App.Ref\10.0.12\ref\net10.0\System.Diagnostics.TextWriterTraceListener.dll" /reference:"C:\Program Files\dotnet\packs\Microsoft.NETCore.App.Ref\10.0.12\ref\net10.0\System.Diagnostics.Tools.dll" /reference:"C:\Program Files\dotnet\packs\Microsoft.NETCore.App.Ref\10.0.12\ref\net10.0\System.Diagnostics.TraceSource.dll" /reference:"C:\Program Files\dotnet\packs\Microsoft.NETCore.App.Ref\10.0.12\ref\net10.0\System.Diagnostics.Tracing.dll" /reference:"C:\Program Files\dotnet\packs\Microsoft.NETCore.App.Ref\10.0.12\ref\net10.0\System.dll" /reference:"C:\Program Files\dotnet\packs\Microsoft.NETCore.App.Ref\10.0.12\ref\net10.0\System.Drawing.dll" /reference:"C:\Program Files\dotnet\packs\Microsoft.NETCore.App.Ref\10.0.12\ref\net10.0\System.Drawing.Primitives.dll" /reference:"C:\Program Files\dotnet\packs\Microsoft.NETCore.App.Ref\10.0.12\ref\net10.0\System.Dynamic.Runtime.dll" /reference:"C:\Program Files\dotnet\packs\Microsoft.NETCore.App.Ref\10.0.12\ref\net10.0\System.Formats.Asn1.dll" /reference:"C:\Program Files\dotnet\packs\Microsoft.NETCore.App.Ref\10.0.12\ref\net10.0\System.Formats.Tar.dll" /reference:"C:\Program Files\dotnet\packs\Microsoft.NETCore.App.Ref\10.0.12\ref\net10.0\System.Globalization.Calendars.dll" /reference:"C:\Program Files\dotnet\packs\Microsoft.NETCore.App.Ref\10.0.12\ref\net10.0\System.Globalization.dll" /reference:"C:\Program Files\dotnet\packs\Microsoft.NETCore.App.Ref\10.0.12\ref\net10.0\System.Globalization.Extensions.dll" /reference:"C:\Program Files\dotnet\packs\Microsoft.NETCore.App.Ref\10.0.12\ref\net10.0\System.IO.Compression.Brotli.dll" /reference:"C:\Program Files\dotnet\packs\Microsoft.NETCore.App.Ref\10.0.12\ref\net10.0\System.IO.Compression.dll" /reference:"C:\Program Files\dotnet\packs\Microsoft.NETCore.App.Ref\10.0.12\ref\net10.0\System.IO.Compression.FileSystem.dll" /reference:"C:\Program Files\dotnet\packs\Microsoft.NETCore.App.Ref\10.0.12\ref\net10.0\System.IO.Compression.ZipFile.dll" /reference:"C:\Program Files\dotnet\packs\Microsoft.NETCore.App.Ref\10.0.12\ref\net10.0\System.IO.dll" /reference:"C:\Program Files\dotnet\packs\Microsoft.NETCore.App.Ref\10.0.12\ref\net10.0\System.IO.FileSystem.AccessControl.dll" /reference:"C:\Program Files\dotnet\packs\Microsoft.NETCore.App.Ref\10.0.12\ref\net10.0\System.IO.FileSystem.dll" /reference:"C:\Program Files\dotnet\packs\Microsoft.NETCore.App.Ref\10.0.12\ref\net10.0\System.IO.FileSystem.DriveInfo.dll" /reference:"C:\Program Files\dotnet\packs\Microsoft.NETCore.App.Ref\10.0.12\ref\net10.0\System.IO.FileSystem.Primitives.dll" /reference:"C:\Program Files\dotnet\packs\Microsoft.NETCore.App.Ref\10.0.12\ref\net10.0\System.IO.FileSystem.Watcher.dll" /reference:"C:\Program Files\dotnet\packs\Microsoft.NETCore.App.Ref\10.0.12\ref\net10.0\System.IO.IsolatedStorage.dll" /reference:"C:\Program Files\dotnet\packs\Microsoft.NETCore.App.Ref\10.0.12\ref\net10.0\System.IO.MemoryMappedFiles.dll" /reference:"C:\Program Files\dotnet\packs\Microsoft.NETCore.App.Ref\10.0.12\ref\net10.0\System.IO.Pipelines.dll" /reference:"C:\Program Files\dotnet\packs\Microsoft.NETCore.App.Ref\10.0.12\ref\net10.0\System.IO.Pipes.AccessControl.dll" /reference:"C:\Program Files\dotnet\packs\Microsoft.NETCore.App.Ref\10.0.12\ref\net10.0\System.IO.Pipes.dll" /reference:"C:\Program Files\dotnet\packs\Microsoft.NETCore.App.Ref\10.0.12\ref\net10.0\System.IO.UnmanagedMemoryStream.dll" /reference:"C:\Program Files\dotnet\packs\Microsoft.NETCore.App.Ref\10.0.12\ref\net10.0\System.Linq.AsyncEnumerable.dll" /reference:"C:\Program Files\dotnet\packs\Microsoft.NETCore.App.Ref\10.0.12\ref\net10.0\System.Linq.dll" /reference:"C:\Program Files\dotnet\packs\Microsoft.NETCore.App.Ref\10.0.12\ref\net10.0\System.Linq.Expressions.dll" /reference:"C:\Program Files\dotnet\packs\Microsoft.NETCore.App.Ref\10.0.12\ref\net10.0\System.Linq.Parallel.dll" /reference:"C:\Program Files\dotnet\packs\Microsoft.NETCore.App.Ref\10.0.12\ref\net10.0\System.Linq.Queryable.dll" /reference:"C:\Program Files\dotnet\packs\Microsoft.NETCore.App.Ref\10.0.12\ref\net10.0\System.Memory.dll" /reference:"C:\Program Files\dotnet\packs\Microsoft.NETCore.App.Ref\10.0.12\ref\net10.0\System.Net.dll" /reference:"C:\Program Files\dotnet\packs\Microsoft.NETCore.App.Ref\10.0.12\ref\net10.0\System.Net.Http.dll" /reference:"C:\Program Files\dotnet\packs\Microsoft.NETCore.App.Ref\10.0.12\ref\net10.0\System.Net.Http.Json.dll" /reference:"C:\Program Files\dotnet\packs\Microsoft.NETCore.App.Ref\10.0.12\ref\net10.0\System.Net.HttpListener.dll" /reference:"C:\Program Files\dotnet\packs\Microsoft.NETCore.App.Ref\10.0.12\ref\net10.0\System.Net.Mail.dll" /reference:"C:\Program Files\dotnet\packs\Microsoft.NETCore.App.Ref\10.0.12\ref\net10.0\System.Net.NameResolution.dll" /reference:"C:\Program Files\dotnet\packs\Microsoft.NETCore.App.Ref\10.0.12\ref\net10.0\System.Net.NetworkInformation.dll" /reference:"C:\Program Files\dotnet\packs\Microsoft.NETCore.App.Ref\10.0.12\ref\net10.0\System.Net.Ping.dll" /reference:"C:\Program Files\dotnet\packs\Microsoft.NETCore.App.Ref\10.0.12\ref\net10.0\System.Net.Primitives.dll" /reference:"C:\Program Files\dotnet\packs\Microsoft.NETCore.App.Ref\10.0.12\ref\net10.0\System.Net.Quic.dll" /reference:"C:\Program Files\dotnet\packs\Microsoft.NETCore.App.Ref\10.0.12\ref\net10.0\System.Net.Requests.dll" /reference:"C:\Program Files\dotnet\packs\Microsoft.NETCore.App.Ref\10.0.12\ref\net10.0\System.Net.Security.dll" /reference:"C:\Program Files\dotnet\packs\Microsoft.NETCore.App.Ref\10.0.12\ref\net10.0\System.Net.ServerSentEvents.dll" /reference:"C:\Program Files\dotnet\packs\Microsoft.NETCore.App.Ref\10.0.12\ref\net10.0\System.Net.ServicePoint.dll" /reference:"C:\Program Files\dotnet\packs\Microsoft.NETCore.App.Ref\10.0.12\ref\net10.0\System.Net.Sockets.dll" /reference:"C:\Program Files\dotnet\packs\Microsoft.NETCore.App.Ref\10.0.12\ref\net10.0\System.Net.WebClient.dll" /reference:"C:\Program Files\dotnet\packs\Microsoft.NETCore.App.Ref\10.0.12\ref\net10.0\System.Net.WebHeaderCollection.dll" /reference:"C:\Program Files\dotnet\packs\Microsoft.NETCore.App.Ref\10.0.12\ref\net10.0\System.Net.WebProxy.dll" /reference:"C:\Program Files\dotnet\packs\Microsoft.NETCore.App.Ref\10.0.12\ref\net10.0\System.Net.WebSockets.Client.dll" /reference:"C:\Program Files\dotnet\packs\Microsoft.NETCore.App.Ref\10.0.12\ref\net10.0\System.Net.WebSockets.dll" /reference:"C:\Program Files\dotnet\packs\Microsoft.NETCore.App.Ref\10.0.12\ref\net10.0\System.Numerics.dll" /reference:"C:\Program Files\dotnet\packs\Microsoft.NETCore.App.Ref\10.0.12\ref\net10.0\System.Numerics.Vectors.dll" /reference:"C:\Program Files\dotnet\packs\Microsoft.NETCore.App.Ref\10.0.12\ref\net10.0\System.ObjectModel.dll" /reference:"C:\Program Files\dotnet\packs\Microsoft.NETCore.App.Ref\10.0.12\ref\net10.0\System.Reflection.DispatchProxy.dll" /reference:"C:\Program Files\dotnet\packs\Microsoft.NETCore.App.Ref\10.0.12\ref\net10.0\System.Reflection.dll" /reference:"C:\Program Files\dotnet\packs\Microsoft.NETCore.App.Ref\10.0.12\ref\net10.0\System.Reflection.Emit.dll" /reference:"C:\Program Files\dotnet\packs\Microsoft.NETCore.App.Ref\10.0.12\ref\net10.0\System.Reflection.Emit.ILGeneration.dll" /reference:"C:\Program Files\dotnet\packs\Microsoft.NETCore.App.Ref\10.0.12\ref\net10.0\System.Reflection.Emit.Lightweight.dll" /reference:"C:\Program Files\dotnet\packs\Microsoft.NETCore.App.Ref\10.0.12\ref\net10.0\System.Reflection.Extensions.dll" /reference:"C:\Program Files\dotnet\packs\Microsoft.NETCore.App.Ref\10.0.12\ref\net10.0\System.Reflection.Metadata.dll" /reference:"C:\Program Files\dotnet\packs\Microsoft.NETCore.App.Ref\10.0.12\ref\net10.0\System.Reflection.Primitives.dll" /reference:"C:\Program Files\dotnet\packs\Microsoft.NETCore.App.Ref\10.0.12\ref\net10.0\System.Reflection.TypeExtensions.dll" /reference:"C:\Program Files\dotnet\packs\Microsoft.NETCore.App.Ref\10.0.12\ref\net10.0\System.Resources.Reader.dll" /reference:"C:\Program Files\dotnet\packs\Microsoft.NETCore.App.Ref\10.0.12\ref\net10.0\System.Resources.ResourceManager.dll" /reference:"C:\Program Files\dotnet\packs\Microsoft.NETCore.App.Ref\10.0.12\ref\net10.0\System.Resources.Writer.dll" /reference:"C:\Program Files\dotnet\packs\Microsoft.NETCore.App.Ref\10.0.12\ref\net10.0\System.Runtime.CompilerServices.Unsafe.dll" /reference:"C:\Program Files\dotnet\packs\Microsoft.NETCore.App.Ref\10.0.12\ref\net10.0\System.Runtime.CompilerServices.VisualC.dll" /reference:"C:\Program Files\dotnet\packs\Microsoft.NETCore.App.Ref\10.0.12\ref\net10.0\System.Runtime.dll" /reference:"C:\Program Files\dotnet\packs\Microsoft.NETCore.App.Ref\10.0.12\ref\net10.0\System.Runtime.Extensions.dll" /reference:"C:\Program Files\dotnet\packs\Microsoft.NETCore.App.Ref\10.0.12\ref\net10.0\System.Runtime.Handles.dll" /reference:"C:\Program Files\dotnet\packs\Microsoft.NETCore.App.Ref\10.0.12\ref\net10.0\System.Runtime.InteropServices.dll" /reference:"C:\Program Files\dotnet\packs\Microsoft.NETCore.App.Ref\10.0.12\ref\net10.0\System.Runtime.InteropServices.JavaScript.dll" /reference:"C:\Program Files\dotnet\packs\Microsoft.NETCore.App.Ref\10.0.12\ref\net10.0\System.Runtime.InteropServices.RuntimeInformation.dll" /reference:"C:\Program Files\dotnet\packs\Microsoft.NETCore.App.Ref\10.0.12\ref\net10.0\System.Runtime.Intrinsics.dll" /reference:"C:\Program Files\dotnet\packs\Microsoft.NETCore.App.Ref\10.0.12\ref\net10.0\System.Runtime.Loader.dll" /reference:"C:\Program Files\dotnet\packs\Microsoft.NETCore.App.Ref\10.0.12\ref\net10.0\System.Runtime.Numerics.dll" /reference:"C:\Program Files\dotnet\packs\Microsoft.NETCore.App.Ref\10.0.12\ref\net10.0\System.Runtime.Serialization.dll" /reference:"C:\Program Files\dotnet\packs\Microsoft.NETCore.App.Ref\10.0.12\ref\net10.0\System.Runtime.Serialization.Formatters.dll" /reference:"C:\Program Files\dotnet\packs\Microsoft.NETCore.App.Ref\10.0.12\ref\net10.0\System.Runtime.Serialization.Json.dll" /reference:"C:\Program Files\dotnet\packs\Microsoft.NETCore.App.Ref\10.0.12\ref\net10.0\System.Runtime.Serialization.Primitives.dll" /reference:"C:\Program Files\dotnet\packs\Microsoft.NETCore.App.Ref\10.0.12\ref\net10.0\System.Runtime.Serialization.Xml.dll" /reference:"C:\Program Files\dotnet\packs\Microsoft.NETCore.App.Ref\10.0.12\ref\net10.0\System.Security.AccessControl.dll" /reference:"C:\Program Files\dotnet\packs\Microsoft.NETCore.App.Ref\10.0.12\ref\net10.0\System.Security.Claims.dll" /reference:"C:\Program Files\dotnet\packs\Microsoft.NETCore.App.Ref\10.0.12\ref\net10.0\System.Security.Cryptography.Algorithms.dll" /reference:"C:\Program Files\dotnet\packs\Microsoft.NETCore.App.Ref\10.0.12\ref\net10.0\System.Security.Cryptography.Cng.dll" /reference:"C:\Program Files\dotnet\packs\Microsoft.NETCore.App.Ref\10.0.12\ref\net10.0\System.Security.Cryptography.Csp.dll" /reference:"C:\Program Files\dotnet\packs\Microsoft.NETCore.App.Ref\10.0.12\ref\net10.0\System.Security.Cryptography.dll" /reference:"C:\Program Files\dotnet\packs\Microsoft.NETCore.App.Ref\10.0.12\ref\net10.0\System.Security.Cryptography.Encoding.dll" /reference:"C:\Program Files\dotnet\packs\Microsoft.NETCore.App.Ref\10.0.12\ref\net10.0\System.Security.Cryptography.OpenSsl.dll" /reference:"C:\Program Files\dotnet\packs\Microsoft.NETCore.App.Ref\10.0.12\ref\net10.0\System.Security.Cryptography.Primitives.dll" /reference:"C:\Program Files\dotnet\packs\Microsoft.NETCore.App.Ref\10.0.12\ref\net10.0\System.Security.Cryptography.X509Certificates.dll" /reference:"C:\Program Files\dotnet\packs\Microsoft.NETCore.App.Ref\10.0.12\ref\net10.0\System.Security.dll" /reference:"C:\Program Files\dotnet\packs\Microsoft.NETCore.App.Ref\10.0.12\ref\net10.0\System.Security.Principal.dll" /reference:"C:\Program Files\dotnet\packs\Microsoft.NETCore.App.Ref\10.0.12\ref\net10.0\System.Security.Principal.Windows.dll" /reference:"C:\Program Files\dotnet\packs\Microsoft.NETCore.App.Ref\10.0.12\ref\net10.0\System.Security.SecureString.dll" /reference:"C:\Program Files\dotnet\packs\Microsoft.NETCore.App.Ref\10.0.12\ref\net10.0\System.ServiceModel.Web.dll" /reference:"C:\Program Files\dotnet\packs\Microsoft.NETCore.App.Ref\10.0.12\ref\net10.0\System.ServiceProcess.dll" /reference:"C:\Program Files\dotnet\packs\Microsoft.NETCore.App.Ref\10.0.12\ref\net10.0\System.Text.Encoding.CodePages.dll" /reference:"C:\Program Files\dotnet\packs\Microsoft.NETCore.App.Ref\10.0.12\ref\net10.0\System.Text.Encoding.dll" /reference:"C:\Program Files\dotnet\packs\Microsoft.NETCore.App.Ref\10.0.12\ref\net10.0\System.Text.Encoding.Extensions.dll" /reference:"C:\Program Files\dotnet\packs\Microsoft.NETCore.App.Ref\10.0.12\ref\net10.0\System.Text.Encodings.Web.dll" /reference:"C:\Program Files\dotnet\packs\Microsoft.NETCore.App.Ref\10.0.12\ref\net10.0\System.Text.Json.dll" /reference:"C:\Program Files\dotnet\packs\Microsoft.NETCore.App.Ref\10.0.12\ref\net10.0\System.Text.RegularExpressions.dll" /reference:"C:\Program Files\dotnet\packs\Microsoft.NETCore.App.Ref\10.0.12\ref\net10.0\System.Threading.AccessControl.dll" /reference:"C:\Program Files\dotnet\packs\Microsoft.NETCore.App.Ref\10.0.12\ref\net10.0\System.Threading.Channels.dll" /reference:"C:\Program Files\dotnet\packs\Microsoft.NETCore.App.Ref\10.0.12\ref\net10.0\System.Threading.dll" /reference:"C:\Program Files\dotnet\packs\Microsoft.NETCore.App.Ref\10.0.12\ref\net10.0\System.Threading.Overlapped.dll" /reference:"C:\Program Files\dotnet\packs\Microsoft.NETCore.App.Ref\10.0.12\ref\net10.0\System.Threading.Tasks.Dataflow.dll" /reference:"C:\Program Files\dotnet\packs\Microsoft.NETCore.App.Ref\10.0.12\ref\net10.0\System.Threading.Tasks.dll" /reference:"C:\Program Files\dotnet\packs\Microsoft.NETCore.App.Ref\10.0.12\ref\net10.0\System.Threading.Tasks.Extensions.dll" /reference:"C:\Program Files\dotnet\packs\Microsoft.NETCore.App.Ref\10.0.12\ref\net10.0\System.Threading.Tasks.Parallel.dll" /reference:"C:\Program Files\dotnet\packs\Microsoft.NETCore.App.Ref\10.0.12\ref\net10.0\System.Threading.Thread.dll" /reference:"C:\Program Files\dotnet\packs\Microsoft.NETCore.App.Ref\10.0.12\ref\net10.0\System.Threading.ThreadPool.dll" /reference:"C:\Program Files\dotnet\packs\Microsoft.NETCore.App.Ref\10.0.12\ref\net10.0\System.Threading.Timer.dll" /reference:"C:\Program Files\dotnet\packs\Microsoft.NETCore.App.Ref\10.0.12\ref\net10.0\System.Transactions.dll" /reference:"C:\Program Files\dotnet\packs\Microsoft.NETCore.App.Ref\10.0.12\ref\net10.0\System.Transactions.Local.dll" /reference:"C:\Program Files\dotnet\packs\Microsoft.NETCore.App.Ref\10.0.12\ref\net10.0\System.ValueTuple.dll" /reference:"C:\Program Files\dotnet\packs\Microsoft.NETCore.App.Ref\10.0.12\ref\net10.0\System.Web.dll" /reference:"C:\Program Files\dotnet\packs\Microsoft.NETCore.App.Ref\10.0.12\ref\net10.0\System.Web.HttpUtility.dll" /reference:"C:\Program Files\dotnet\packs\Microsoft.NETCore.App.Ref\10.0.12\ref\net10.0\System.Windows.dll" /reference:"C:\Program Files\dotnet\packs\Microsoft.NETCore.App.Ref\10.0.12\ref\net10.0\System.Xml.dll" /reference:"C:\Program Files\dotnet\packs\Microsoft.NETCore.App.Ref\10.0.12\ref\net10.0\System.Xml.Linq.dll" /reference:"C:\Program Files\dotnet\packs\Microsoft.NETCore.App.Ref\10.0.12\ref\net10.0\System.Xml.ReaderWriter.dll" /reference:"C:\Program Files\dotnet\packs\Microsoft.NETCore.App.Ref\10.0.12\ref\net10.0\System.Xml.Serialization.dll" /reference:"C:\Program Files\dotnet\packs\Microsoft.NETCore.App.Ref\10.0.12\ref\net10.0\System.Xml.XDocument.dll" /reference:"C:\Program Files\dotnet\packs\Microsoft.NETCore.App.Ref\10.0.12\ref\net10.0\System.Xml.XmlDocument.dll" /reference:"C:\Program Files\dotnet\packs\Microsoft.NETCore.App.Ref\10.0.12\ref\net10.0\System.Xml.XmlSerializer.dll" /reference:"C:\Program Files\dotnet\packs\Microsoft.NETCore.App.Ref\10.0.12\ref\net10.0\System.Xml.XPath.dll" /reference:"C:\Program Files\dotnet\packs\Microsoft.NETCore.App.Ref\10.0.12\ref\net10.0\System.Xml.XPath.XDocument.dll" /reference:"C:\Program Files\dotnet\packs\Microsoft.NETCore.App.Ref\10.0.12\ref\net10.0\WindowsBase.dll" /features:"InterceptorsNamespaces=;Microsoft.Extensions.Validation.Generated" /debug- /debug:portable /filealign:512 /optimize+ /out:obj\Release\net10.0\GoldenTicket.Domain.dll /refout:obj\Release\net10.0\refint\GoldenTicket.Domain.dll /target:library /warnaserror- /utf8output /deterministic+ /langversion:latest /analyzerconfig:obj\Release\net10.0\GoldenTicket.Domain.GeneratedMSBuildEditorConfig.editorconfig /analyzerconfig:"C:\Program Files\dotnet\sdk\10.0.401\Sdks\Microsoft.NET.Sdk\analyzers\build\config\analysislevel_10_default.globalconfig" /analyzer:"C:\Program Files\dotnet\sdk\10.0.401\Sdks\Microsoft.NET.Sdk\targets\..\analyzers\Microsoft.CodeAnalysis.CSharp.NetAnalyzers.dll" /analyzer:"C:\Program Files\dotnet\sdk\10.0.401\Sdks\Microsoft.NET.Sdk\targets\..\analyzers\Microsoft.CodeAnalysis.NetAnalyzers.dll" /analyzer:"C:\Program Files\dotnet\packs\Microsoft.NETCore.App.Ref\10.0.12\analyzers/dotnet/cs/Microsoft.Interop.ComInterfaceGenerator.dll" /analyzer:"C:\Program Files\dotnet\packs\Microsoft.NETCore.App.Ref\10.0.12\analyzers/dotnet/cs/Microsoft.Interop.JavaScript.JSImportGenerator.dll" /analyzer:"C:\Program Files\dotnet\packs\Microsoft.NETCore.App.Ref\10.0.12\analyzers/dotnet/cs/Microsoft.Interop.LibraryImportGenerator.dll" /analyzer:"C:\Program Files\dotnet\packs\Microsoft.NETCore.App.Ref\10.0.12\analyzers/dotnet/cs/Microsoft.Interop.SourceGeneration.dll" /analyzer:"C:\Program Files\dotnet\packs\Microsoft.NETCore.App.Ref\10.0.12\analyzers/dotnet/cs/System.Text.Json.SourceGeneration.dll" /analyzer:"C:\Program Files\dotnet\packs\Microsoft.NETCore.App.Ref\10.0.12\analyzers/dotnet/cs/System.Text.RegularExpressions.Generator.dll" Ai\IAiPolicy.cs Engine\GameCommands.cs Engine\GameReducer.cs Engine\GameRules.cs Engine\LegalActions.cs Enums.cs Events\GameEvent.cs Ids.cs InvariantChecker.cs Json\IdConverters.cs Manifest\BoardManifest.cs Manifest\ManifestLoader.cs Model\CardCatalog.cs Model\FinalResult.cs Model\GameState.cs Model\PendingOperations.cs Model\Seat.cs Projections\Projector.cs Projections\Views.cs Randomness\DeterministicRandom.cs Scoring\FinalScoring.cs Scoring\LongestTrail.cs Scoring\TicketEvaluator.cs StateHash.cs obj\Release\net10.0\GoldenTicket.Domain.GlobalUsings.g.cs "obj\Release\net10.0\.NETCoreApp,Version=v10.0.AssemblyAttributes.cs" obj\Release\net10.0\GoldenTicket.Domain.AssemblyInfo.cs /warnaserror+:NU1605,SYSLIB0011'
         Attempt to open named pipe 'UGCeNc1jG8RDFJq5hw8Iu9jDUBgo+jafmeD3NdUyO_c'
         Attempt to connect named pipe 'UGCeNc1jG8RDFJq5hw8Iu9jDUBgo+jafmeD3NdUyO_c'
         Named pipe 'UGCeNc1jG8RDFJq5hw8Iu9jDUBgo+jafmeD3NdUyO_c' connected
         Begin writing request for GoldenTicket.Domain (net10.0)
         End writing request for GoldenTicket.Domain (net10.0)
         Begin reading response for GoldenTicket.Domain (net10.0)
         End reading response for GoldenTicket.Domain (net10.0)
         CompilerServer: server - server processed compilation - GoldenTicket.Domain (net10.0)
       _CopyOutOfDateSourceItemsToOutputDirectory:
         Copying file from "D:\Projects\GoldenTicket\data\classic-us\classic-us-v1.json" to "D:\Projects\GoldenTicket\src\GoldenTicket.Domain\bin\Release\net10.0\data\classic-us\classic-us-v1.json".
       CopyFilesToOutputDirectory:
         Copying file from "D:\Projects\GoldenTicket\src\GoldenTicket.Domain\obj\Release\net10.0\GoldenTicket.Domain.dll" to "D:\Projects\GoldenTicket\src\GoldenTicket.Domain\bin\Release\net10.0\GoldenTicket.Domain.dll".
         Copying reference assembly from "obj\Release\net10.0\refint\GoldenTicket.Domain.dll" to "D:\Projects\GoldenTicket\src\GoldenTicket.Domain\obj\Release\net10.0\ref\GoldenTicket.Domain.dll".
         GoldenTicket.Domain -> D:\Projects\GoldenTicket\src\GoldenTicket.Domain\bin\Release\net10.0\GoldenTicket.Domain.dll
         Copying file from "D:\Projects\GoldenTicket\src\GoldenTicket.Domain\obj\Release\net10.0\GoldenTicket.Domain.pdb" to "D:\Projects\GoldenTicket\src\GoldenTicket.Domain\bin\Release\net10.0\GoldenTicket.Domain.pdb".
     8>Done Building Project "D:\Projects\GoldenTicket\src\GoldenTicket.Domain\GoldenTicket.Domain.csproj" (Rebuild target(s)).
     2>GenerateTargetFrameworkMonikerAttribute:
       Skipping target "GenerateTargetFrameworkMonikerAttribute" because all output files are up-to-date with respect to the input files.
     5>GenerateTargetFrameworkMonikerAttribute:
       Skipping target "GenerateTargetFrameworkMonikerAttribute" because all output files are up-to-date with respect to the input files.
     2>_GenerateSourceLinkFile:
         Source Link is empty, file 'obj\Release\net10.0\GoldenTicket.Application.sourcelink.json' does not exist.
       CoreCompile:
         Setting DOTNET_ROOT to 'C:\Program Files\dotnet'
         C:\Program Files\dotnet\sdk\10.0.401\Roslyn\bincore\csc.exe /noconfig /unsafe- /checked- /nowarn:CA1416,1701,1702,8002 /fullpaths /nostdlib+ /errorreport:prompt /warn:10 /define:TRACE;RELEASE;NET;NET10_0;NETCOREAPP;NET5_0_OR_GREATER;NET6_0_OR_GREATER;NET7_0_OR_GREATER;NET8_0_OR_GREATER;NET9_0_OR_GREATER;NET10_0_OR_GREATER;NETCOREAPP1_0_OR_GREATER;NETCOREAPP1_1_OR_GREATER;NETCOREAPP2_0_OR_GREATER;NETCOREAPP2_1_OR_GREATER;NETCOREAPP2_2_OR_GREATER;NETCOREAPP3_0_OR_GREATER;NETCOREAPP3_1_OR_GREATER /highentropyva+ /nullable:enable /reference:D:\Projects\GoldenTicket\src\GoldenTicket.Domain\obj\Release\net10.0\ref\GoldenTicket.Domain.dll /reference:"C:\Program Files\dotnet\packs\Microsoft.NETCore.App.Ref\10.0.12\ref\net10.0\Microsoft.CSharp.dll" /reference:"C:\Program Files\dotnet\packs\Microsoft.NETCore.App.Ref\10.0.12\ref\net10.0\Microsoft.VisualBasic.Core.dll" /reference:"C:\Program Files\dotnet\packs\Microsoft.NETCore.App.Ref\10.0.12\ref\net10.0\Microsoft.VisualBasic.dll" /reference:"C:\Program Files\dotnet\packs\Microsoft.NETCore.App.Ref\10.0.12\ref\net10.0\Microsoft.Win32.Primitives.dll" /reference:"C:\Program Files\dotnet\packs\Microsoft.NETCore.App.Ref\10.0.12\ref\net10.0\Microsoft.Win32.Registry.dll" /reference:"C:\Program Files\dotnet\packs\Microsoft.NETCore.App.Ref\10.0.12\ref\net10.0\mscorlib.dll" /reference:"C:\Program Files\dotnet\packs\Microsoft.NETCore.App.Ref\10.0.12\ref\net10.0\netstandard.dll" /reference:"C:\Program Files\dotnet\packs\Microsoft.NETCore.App.Ref\10.0.12\ref\net10.0\System.AppContext.dll" /reference:"C:\Program Files\dotnet\packs\Microsoft.NETCore.App.Ref\10.0.12\ref\net10.0\System.Buffers.dll" /reference:"C:\Program Files\dotnet\packs\Microsoft.NETCore.App.Ref\10.0.12\ref\net10.0\System.Collections.Concurrent.dll" /reference:"C:\Program Files\dotnet\packs\Microsoft.NETCore.App.Ref\10.0.12\ref\net10.0\System.Collections.dll" /reference:"C:\Program Files\dotnet\packs\Microsoft.NETCore.App.Ref\10.0.12\ref\net10.0\System.Collections.Immutable.dll" /reference:"C:\Program Files\dotnet\packs\Microsoft.NETCore.App.Ref\10.0.12\ref\net10.0\System.Collections.NonGeneric.dll" /reference:"C:\Program Files\dotnet\packs\Microsoft.NETCore.App.Ref\10.0.12\ref\net10.0\System.Collections.Specialized.dll" /reference:"C:\Program Files\dotnet\packs\Microsoft.NETCore.App.Ref\10.0.12\ref\net10.0\System.ComponentModel.Annotations.dll" /reference:"C:\Program Files\dotnet\packs\Microsoft.NETCore.App.Ref\10.0.12\ref\net10.0\System.ComponentModel.DataAnnotations.dll" /reference:"C:\Program Files\dotnet\packs\Microsoft.NETCore.App.Ref\10.0.12\ref\net10.0\System.ComponentModel.dll" /reference:"C:\Program Files\dotnet\packs\Microsoft.NETCore.App.Ref\10.0.12\ref\net10.0\System.ComponentModel.EventBasedAsync.dll" /reference:"C:\Program Files\dotnet\packs\Microsoft.NETCore.App.Ref\10.0.12\ref\net10.0\System.ComponentModel.Primitives.dll" /reference:"C:\Program Files\dotnet\packs\Microsoft.NETCore.App.Ref\10.0.12\ref\net10.0\System.ComponentModel.TypeConverter.dll" /reference:"C:\Program Files\dotnet\packs\Microsoft.NETCore.App.Ref\10.0.12\ref\net10.0\System.Configuration.dll" /reference:"C:\Program Files\dotnet\packs\Microsoft.NETCore.App.Ref\10.0.12\ref\net10.0\System.Console.dll" /reference:"C:\Program Files\dotnet\packs\Microsoft.NETCore.App.Ref\10.0.12\ref\net10.0\System.Core.dll" /reference:"C:\Program Files\dotnet\packs\Microsoft.NETCore.App.Ref\10.0.12\ref\net10.0\System.Data.Common.dll" /reference:"C:\Program Files\dotnet\packs\Microsoft.NETCore.App.Ref\10.0.12\ref\net10.0\System.Data.DataSetExtensions.dll" /reference:"C:\Program Files\dotnet\packs\Microsoft.NETCore.App.Ref\10.0.12\ref\net10.0\System.Data.dll" /reference:"C:\Program Files\dotnet\packs\Microsoft.NETCore.App.Ref\10.0.12\ref\net10.0\System.Diagnostics.Contracts.dll" /reference:"C:\Program Files\dotnet\packs\Microsoft.NETCore.App.Ref\10.0.12\ref\net10.0\System.Diagnostics.Debug.dll" /reference:"C:\Program Files\dotnet\packs\Microsoft.NETCore.App.Ref\10.0.12\ref\net10.0\System.Diagnostics.DiagnosticSource.dll" /reference:"C:\Program Files\dotnet\packs\Microsoft.NETCore.App.Ref\10.0.12\ref\net10.0\System.Diagnostics.FileVersionInfo.dll" /reference:"C:\Program Files\dotnet\packs\Microsoft.NETCore.App.Ref\10.0.12\ref\net10.0\System.Diagnostics.Process.dll" /reference:"C:\Program Files\dotnet\packs\Microsoft.NETCore.App.Ref\10.0.12\ref\net10.0\System.Diagnostics.StackTrace.dll" /reference:"C:\Program Files\dotnet\packs\Microsoft.NETCore.App.Ref\10.0.12\ref\net10.0\System.Diagnostics.TextWriterTraceListener.dll" /reference:"C:\Program Files\dotnet\packs\Microsoft.NETCore.App.Ref\10.0.12\ref\net10.0\System.Diagnostics.Tools.dll" /reference:"C:\Program Files\dotnet\packs\Microsoft.NETCore.App.Ref\10.0.12\ref\net10.0\System.Diagnostics.TraceSource.dll" /reference:"C:\Program Files\dotnet\packs\Microsoft.NETCore.App.Ref\10.0.12\ref\net10.0\System.Diagnostics.Tracing.dll" /reference:"C:\Program Files\dotnet\packs\Microsoft.NETCore.App.Ref\10.0.12\ref\net10.0\System.dll" /reference:"C:\Program Files\dotnet\packs\Microsoft.NETCore.App.Ref\10.0.12\ref\net10.0\System.Drawing.dll" /reference:"C:\Program Files\dotnet\packs\Microsoft.NETCore.App.Ref\10.0.12\ref\net10.0\System.Drawing.Primitives.dll" /reference:"C:\Program Files\dotnet\packs\Microsoft.NETCore.App.Ref\10.0.12\ref\net10.0\System.Dynamic.Runtime.dll" /reference:"C:\Program Files\dotnet\packs\Microsoft.NETCore.App.Ref\10.0.12\ref\net10.0\System.Formats.Asn1.dll" /reference:"C:\Program Files\dotnet\packs\Microsoft.NETCore.App.Ref\10.0.12\ref\net10.0\System.Formats.Tar.dll" /reference:"C:\Program Files\dotnet\packs\Microsoft.NETCore.App.Ref\10.0.12\ref\net10.0\System.Globalization.Calendars.dll" /reference:"C:\Program Files\dotnet\packs\Microsoft.NETCore.App.Ref\10.0.12\ref\net10.0\System.Globalization.dll" /reference:"C:\Program Files\dotnet\packs\Microsoft.NETCore.App.Ref\10.0.12\ref\net10.0\System.Globalization.Extensions.dll" /reference:"C:\Program Files\dotnet\packs\Microsoft.NETCore.App.Ref\10.0.12\ref\net10.0\System.IO.Compression.Brotli.dll" /reference:"C:\Program Files\dotnet\packs\Microsoft.NETCore.App.Ref\10.0.12\ref\net10.0\System.IO.Compression.dll" /reference:"C:\Program Files\dotnet\packs\Microsoft.NETCore.App.Ref\10.0.12\ref\net10.0\System.IO.Compression.FileSystem.dll" /reference:"C:\Program Files\dotnet\packs\Microsoft.NETCore.App.Ref\10.0.12\ref\net10.0\System.IO.Compression.ZipFile.dll" /reference:"C:\Program Files\dotnet\packs\Microsoft.NETCore.App.Ref\10.0.12\ref\net10.0\System.IO.dll" /reference:"C:\Program Files\dotnet\packs\Microsoft.NETCore.App.Ref\10.0.12\ref\net10.0\System.IO.FileSystem.AccessControl.dll" /reference:"C:\Program Files\dotnet\packs\Microsoft.NETCore.App.Ref\10.0.12\ref\net10.0\System.IO.FileSystem.dll" /reference:"C:\Program Files\dotnet\packs\Microsoft.NETCore.App.Ref\10.0.12\ref\net10.0\System.IO.FileSystem.DriveInfo.dll" /reference:"C:\Program Files\dotnet\packs\Microsoft.NETCore.App.Ref\10.0.12\ref\net10.0\System.IO.FileSystem.Primitives.dll" /reference:"C:\Program Files\dotnet\packs\Microsoft.NETCore.App.Ref\10.0.12\ref\net10.0\System.IO.FileSystem.Watcher.dll" /reference:"C:\Program Files\dotnet\packs\Microsoft.NETCore.App.Ref\10.0.12\ref\net10.0\System.IO.IsolatedStorage.dll" /reference:"C:\Program Files\dotnet\packs\Microsoft.NETCore.App.Ref\10.0.12\ref\net10.0\System.IO.MemoryMappedFiles.dll" /reference:"C:\Program Files\dotnet\packs\Microsoft.NETCore.App.Ref\10.0.12\ref\net10.0\System.IO.Pipelines.dll" /reference:"C:\Program Files\dotnet\packs\Microsoft.NETCore.App.Ref\10.0.12\ref\net10.0\System.IO.Pipes.AccessControl.dll" /reference:"C:\Program Files\dotnet\packs\Microsoft.NETCore.App.Ref\10.0.12\ref\net10.0\System.IO.Pipes.dll" /reference:"C:\Program Files\dotnet\packs\Microsoft.NETCore.App.Ref\10.0.12\ref\net10.0\System.IO.UnmanagedMemoryStream.dll" /reference:"C:\Program Files\dotnet\packs\Microsoft.NETCore.App.Ref\10.0.12\ref\net10.0\System.Linq.AsyncEnumerable.dll" /reference:"C:\Program Files\dotnet\packs\Microsoft.NETCore.App.Ref\10.0.12\ref\net10.0\System.Linq.dll" /reference:"C:\Program Files\dotnet\packs\Microsoft.NETCore.App.Ref\10.0.12\ref\net10.0\System.Linq.Expressions.dll" /reference:"C:\Program Files\dotnet\packs\Microsoft.NETCore.App.Ref\10.0.12\ref\net10.0\System.Linq.Parallel.dll" /reference:"C:\Program Files\dotnet\packs\Microsoft.NETCore.App.Ref\10.0.12\ref\net10.0\System.Linq.Queryable.dll" /reference:"C:\Program Files\dotnet\packs\Microsoft.NETCore.App.Ref\10.0.12\ref\net10.0\System.Memory.dll" /reference:"C:\Program Files\dotnet\packs\Microsoft.NETCore.App.Ref\10.0.12\ref\net10.0\System.Net.dll" /reference:"C:\Program Files\dotnet\packs\Microsoft.NETCore.App.Ref\10.0.12\ref\net10.0\System.Net.Http.dll" /reference:"C:\Program Files\dotnet\packs\Microsoft.NETCore.App.Ref\10.0.12\ref\net10.0\System.Net.Http.Json.dll" /reference:"C:\Program Files\dotnet\packs\Microsoft.NETCore.App.Ref\10.0.12\ref\net10.0\System.Net.HttpListener.dll" /reference:"C:\Program Files\dotnet\packs\Microsoft.NETCore.App.Ref\10.0.12\ref\net10.0\System.Net.Mail.dll" /reference:"C:\Program Files\dotnet\packs\Microsoft.NETCore.App.Ref\10.0.12\ref\net10.0\System.Net.NameResolution.dll" /reference:"C:\Program Files\dotnet\packs\Microsoft.NETCore.App.Ref\10.0.12\ref\net10.0\System.Net.NetworkInformation.dll" /reference:"C:\Program Files\dotnet\packs\Microsoft.NETCore.App.Ref\10.0.12\ref\net10.0\System.Net.Ping.dll" /reference:"C:\Program Files\dotnet\packs\Microsoft.NETCore.App.Ref\10.0.12\ref\net10.0\System.Net.Primitives.dll" /reference:"C:\Program Files\dotnet\packs\Microsoft.NETCore.App.Ref\10.0.12\ref\net10.0\System.Net.Quic.dll" /reference:"C:\Program Files\dotnet\packs\Microsoft.NETCore.App.Ref\10.0.12\ref\net10.0\System.Net.Requests.dll" /reference:"C:\Program Files\dotnet\packs\Microsoft.NETCore.App.Ref\10.0.12\ref\net10.0\System.Net.Security.dll" /reference:"C:\Program Files\dotnet\packs\Microsoft.NETCore.App.Ref\10.0.12\ref\net10.0\System.Net.ServerSentEvents.dll" /reference:"C:\Program Files\dotnet\packs\Microsoft.NETCore.App.Ref\10.0.12\ref\net10.0\System.Net.ServicePoint.dll" /reference:"C:\Program Files\dotnet\packs\Microsoft.NETCore.App.Ref\10.0.12\ref\net10.0\System.Net.Sockets.dll" /reference:"C:\Program Files\dotnet\packs\Microsoft.NETCore.App.Ref\10.0.12\ref\net10.0\System.Net.WebClient.dll" /reference:"C:\Program Files\dotnet\packs\Microsoft.NETCore.App.Ref\10.0.12\ref\net10.0\System.Net.WebHeaderCollection.dll" /reference:"C:\Program Files\dotnet\packs\Microsoft.NETCore.App.Ref\10.0.12\ref\net10.0\System.Net.WebProxy.dll" /reference:"C:\Program Files\dotnet\packs\Microsoft.NETCore.App.Ref\10.0.12\ref\net10.0\System.Net.WebSockets.Client.dll" /reference:"C:\Program Files\dotnet\packs\Microsoft.NETCore.App.Ref\10.0.12\ref\net10.0\System.Net.WebSockets.dll" /reference:"C:\Program Files\dotnet\packs\Microsoft.NETCore.App.Ref\10.0.12\ref\net10.0\System.Numerics.dll" /reference:"C:\Program Files\dotnet\packs\Microsoft.NETCore.App.Ref\10.0.12\ref\net10.0\System.Numerics.Vectors.dll" /reference:"C:\Program Files\dotnet\packs\Microsoft.NETCore.App.Ref\10.0.12\ref\net10.0\System.ObjectModel.dll" /reference:"C:\Program Files\dotnet\packs\Microsoft.NETCore.App.Ref\10.0.12\ref\net10.0\System.Reflection.DispatchProxy.dll" /reference:"C:\Program Files\dotnet\packs\Microsoft.NETCore.App.Ref\10.0.12\ref\net10.0\System.Reflection.dll" /reference:"C:\Program Files\dotnet\packs\Microsoft.NETCore.App.Ref\10.0.12\ref\net10.0\System.Reflection.Emit.dll" /reference:"C:\Program Files\dotnet\packs\Microsoft.NETCore.App.Ref\10.0.12\ref\net10.0\System.Reflection.Emit.ILGeneration.dll" /reference:"C:\Program Files\dotnet\packs\Microsoft.NETCore.App.Ref\10.0.12\ref\net10.0\System.Reflection.Emit.Lightweight.dll" /reference:"C:\Program Files\dotnet\packs\Microsoft.NETCore.App.Ref\10.0.12\ref\net10.0\System.Reflection.Extensions.dll" /reference:"C:\Program Files\dotnet\packs\Microsoft.NETCore.App.Ref\10.0.12\ref\net10.0\System.Reflection.Metadata.dll" /reference:"C:\Program Files\dotnet\packs\Microsoft.NETCore.App.Ref\10.0.12\ref\net10.0\System.Reflection.Primitives.dll" /reference:"C:\Program Files\dotnet\packs\Microsoft.NETCore.App.Ref\10.0.12\ref\net10.0\System.Reflection.TypeExtensions.dll" /reference:"C:\Program Files\dotnet\packs\Microsoft.NETCore.App.Ref\10.0.12\ref\net10.0\System.Resources.Reader.dll" /reference:"C:\Program Files\dotnet\packs\Microsoft.NETCore.App.Ref\10.0.12\ref\net10.0\System.Resources.ResourceManager.dll" /reference:"C:\Program Files\dotnet\packs\Microsoft.NETCore.App.Ref\10.0.12\ref\net10.0\System.Resources.Writer.dll" /reference:"C:\Program Files\dotnet\packs\Microsoft.NETCore.App.Ref\10.0.12\ref\net10.0\System.Runtime.CompilerServices.Unsafe.dll" /reference:"C:\Program Files\dotnet\packs\Microsoft.NETCore.App.Ref\10.0.12\ref\net10.0\System.Runtime.CompilerServices.VisualC.dll" /reference:"C:\Program Files\dotnet\packs\Microsoft.NETCore.App.Ref\10.0.12\ref\net10.0\System.Runtime.dll" /reference:"C:\Program Files\dotnet\packs\Microsoft.NETCore.App.Ref\10.0.12\ref\net10.0\System.Runtime.Extensions.dll" /reference:"C:\Program Files\dotnet\packs\Microsoft.NETCore.App.Ref\10.0.12\ref\net10.0\System.Runtime.Handles.dll" /reference:"C:\Program Files\dotnet\packs\Microsoft.NETCore.App.Ref\10.0.12\ref\net10.0\System.Runtime.InteropServices.dll" /reference:"C:\Program Files\dotnet\packs\Microsoft.NETCore.App.Ref\10.0.12\ref\net10.0\System.Runtime.InteropServices.JavaScript.dll" /reference:"C:\Program Files\dotnet\packs\Microsoft.NETCore.App.Ref\10.0.12\ref\net10.0\System.Runtime.InteropServices.RuntimeInformation.dll" /reference:"C:\Program Files\dotnet\packs\Microsoft.NETCore.App.Ref\10.0.12\ref\net10.0\System.Runtime.Intrinsics.dll" /reference:"C:\Program Files\dotnet\packs\Microsoft.NETCore.App.Ref\10.0.12\ref\net10.0\System.Runtime.Loader.dll" /reference:"C:\Program Files\dotnet\packs\Microsoft.NETCore.App.Ref\10.0.12\ref\net10.0\System.Runtime.Numerics.dll" /reference:"C:\Program Files\dotnet\packs\Microsoft.NETCore.App.Ref\10.0.12\ref\net10.0\System.Runtime.Serialization.dll" /reference:"C:\Program Files\dotnet\packs\Microsoft.NETCore.App.Ref\10.0.12\ref\net10.0\System.Runtime.Serialization.Formatters.dll" /reference:"C:\Program Files\dotnet\packs\Microsoft.NETCore.App.Ref\10.0.12\ref\net10.0\System.Runtime.Serialization.Json.dll" /reference:"C:\Program Files\dotnet\packs\Microsoft.NETCore.App.Ref\10.0.12\ref\net10.0\System.Runtime.Serialization.Primitives.dll" /reference:"C:\Program Files\dotnet\packs\Microsoft.NETCore.App.Ref\10.0.12\ref\net10.0\System.Runtime.Serialization.Xml.dll" /reference:"C:\Program Files\dotnet\packs\Microsoft.NETCore.App.Ref\10.0.12\ref\net10.0\System.Security.AccessControl.dll" /reference:"C:\Program Files\dotnet\packs\Microsoft.NETCore.App.Ref\10.0.12\ref\net10.0\System.Security.Claims.dll" /reference:"C:\Program Files\dotnet\packs\Microsoft.NETCore.App.Ref\10.0.12\ref\net10.0\System.Security.Cryptography.Algorithms.dll" /reference:"C:\Program Files\dotnet\packs\Microsoft.NETCore.App.Ref\10.0.12\ref\net10.0\System.Security.Cryptography.Cng.dll" /reference:"C:\Program Files\dotnet\packs\Microsoft.NETCore.App.Ref\10.0.12\ref\net10.0\System.Security.Cryptography.Csp.dll" /reference:"C:\Program Files\dotnet\packs\Microsoft.NETCore.App.Ref\10.0.12\ref\net10.0\System.Security.Cryptography.dll" /reference:"C:\Program Files\dotnet\packs\Microsoft.NETCore.App.Ref\10.0.12\ref\net10.0\System.Security.Cryptography.Encoding.dll" /reference:"C:\Program Files\dotnet\packs\Microsoft.NETCore.App.Ref\10.0.12\ref\net10.0\System.Security.Cryptography.OpenSsl.dll" /reference:"C:\Program Files\dotnet\packs\Microsoft.NETCore.App.Ref\10.0.12\ref\net10.0\System.Security.Cryptography.Primitives.dll" /reference:"C:\Program Files\dotnet\packs\Microsoft.NETCore.App.Ref\10.0.12\ref\net10.0\System.Security.Cryptography.X509Certificates.dll" /reference:"C:\Program Files\dotnet\packs\Microsoft.NETCore.App.Ref\10.0.12\ref\net10.0\System.Security.dll" /reference:"C:\Program Files\dotnet\packs\Microsoft.NETCore.App.Ref\10.0.12\ref\net10.0\System.Security.Principal.dll" /reference:"C:\Program Files\dotnet\packs\Microsoft.NETCore.App.Ref\10.0.12\ref\net10.0\System.Security.Principal.Windows.dll" /reference:"C:\Program Files\dotnet\packs\Microsoft.NETCore.App.Ref\10.0.12\ref\net10.0\System.Security.SecureString.dll" /reference:"C:\Program Files\dotnet\packs\Microsoft.NETCore.App.Ref\10.0.12\ref\net10.0\System.ServiceModel.Web.dll" /reference:"C:\Program Files\dotnet\packs\Microsoft.NETCore.App.Ref\10.0.12\ref\net10.0\System.ServiceProcess.dll" /reference:"C:\Program Files\dotnet\packs\Microsoft.NETCore.App.Ref\10.0.12\ref\net10.0\System.Text.Encoding.CodePages.dll" /reference:"C:\Program Files\dotnet\packs\Microsoft.NETCore.App.Ref\10.0.12\ref\net10.0\System.Text.Encoding.dll" /reference:"C:\Program Files\dotnet\packs\Microsoft.NETCore.App.Ref\10.0.12\ref\net10.0\System.Text.Encoding.Extensions.dll" /reference:"C:\Program Files\dotnet\packs\Microsoft.NETCore.App.Ref\10.0.12\ref\net10.0\System.Text.Encodings.Web.dll" /reference:"C:\Program Files\dotnet\packs\Microsoft.NETCore.App.Ref\10.0.12\ref\net10.0\System.Text.Json.dll" /reference:"C:\Program Files\dotnet\packs\Microsoft.NETCore.App.Ref\10.0.12\ref\net10.0\System.Text.RegularExpressions.dll" /reference:"C:\Program Files\dotnet\packs\Microsoft.NETCore.App.Ref\10.0.12\ref\net10.0\System.Threading.AccessControl.dll" /reference:"C:\Program Files\dotnet\packs\Microsoft.NETCore.App.Ref\10.0.12\ref\net10.0\System.Threading.Channels.dll" /reference:"C:\Program Files\dotnet\packs\Microsoft.NETCore.App.Ref\10.0.12\ref\net10.0\System.Threading.dll" /reference:"C:\Program Files\dotnet\packs\Microsoft.NETCore.App.Ref\10.0.12\ref\net10.0\System.Threading.Overlapped.dll" /reference:"C:\Program Files\dotnet\packs\Microsoft.NETCore.App.Ref\10.0.12\ref\net10.0\System.Threading.Tasks.Dataflow.dll" /reference:"C:\Program Files\dotnet\packs\Microsoft.NETCore.App.Ref\10.0.12\ref\net10.0\System.Threading.Tasks.dll" /reference:"C:\Program Files\dotnet\packs\Microsoft.NETCore.App.Ref\10.0.12\ref\net10.0\System.Threading.Tasks.Extensions.dll" /reference:"C:\Program Files\dotnet\packs\Microsoft.NETCore.App.Ref\10.0.12\ref\net10.0\System.Threading.Tasks.Parallel.dll" /reference:"C:\Program Files\dotnet\packs\Microsoft.NETCore.App.Ref\10.0.12\ref\net10.0\System.Threading.Thread.dll" /reference:"C:\Program Files\dotnet\packs\Microsoft.NETCore.App.Ref\10.0.12\ref\net10.0\System.Threading.ThreadPool.dll" /reference:"C:\Program Files\dotnet\packs\Microsoft.NETCore.App.Ref\10.0.12\ref\net10.0\System.Threading.Timer.dll" /reference:"C:\Program Files\dotnet\packs\Microsoft.NETCore.App.Ref\10.0.12\ref\net10.0\System.Transactions.dll" /reference:"C:\Program Files\dotnet\packs\Microsoft.NETCore.App.Ref\10.0.12\ref\net10.0\System.Transactions.Local.dll" /reference:"C:\Program Files\dotnet\packs\Microsoft.NETCore.App.Ref\10.0.12\ref\net10.0\System.ValueTuple.dll" /reference:"C:\Program Files\dotnet\packs\Microsoft.NETCore.App.Ref\10.0.12\ref\net10.0\System.Web.dll" /reference:"C:\Program Files\dotnet\packs\Microsoft.NETCore.App.Ref\10.0.12\ref\net10.0\System.Web.HttpUtility.dll" /reference:"C:\Program Files\dotnet\packs\Microsoft.NETCore.App.Ref\10.0.12\ref\net10.0\System.Windows.dll" /reference:"C:\Program Files\dotnet\packs\Microsoft.NETCore.App.Ref\10.0.12\ref\net10.0\System.Xml.dll" /reference:"C:\Program Files\dotnet\packs\Microsoft.NETCore.App.Ref\10.0.12\ref\net10.0\System.Xml.Linq.dll" /reference:"C:\Program Files\dotnet\packs\Microsoft.NETCore.App.Ref\10.0.12\ref\net10.0\System.Xml.ReaderWriter.dll" /reference:"C:\Program Files\dotnet\packs\Microsoft.NETCore.App.Ref\10.0.12\ref\net10.0\System.Xml.Serialization.dll" /reference:"C:\Program Files\dotnet\packs\Microsoft.NETCore.App.Ref\10.0.12\ref\net10.0\System.Xml.XDocument.dll" /reference:"C:\Program Files\dotnet\packs\Microsoft.NETCore.App.Ref\10.0.12\ref\net10.0\System.Xml.XmlDocument.dll" /reference:"C:\Program Files\dotnet\packs\Microsoft.NETCore.App.Ref\10.0.12\ref\net10.0\System.Xml.XmlSerializer.dll" /reference:"C:\Program Files\dotnet\packs\Microsoft.NETCore.App.Ref\10.0.12\ref\net10.0\System.Xml.XPath.dll" /reference:"C:\Program Files\dotnet\packs\Microsoft.NETCore.App.Ref\10.0.12\ref\net10.0\System.Xml.XPath.XDocument.dll" /reference:"C:\Program Files\dotnet\packs\Microsoft.NETCore.App.Ref\10.0.12\ref\net10.0\WindowsBase.dll" /features:"InterceptorsNamespaces=;Microsoft.Extensions.Validation.Generated" /debug- /debug:portable /filealign:512 /optimize+ /out:obj\Release\net10.0\GoldenTicket.Application.dll /refout:obj\Release\net10.0\refint\GoldenTicket.Application.dll /target:library /warnaserror- /utf8output /deterministic+ /langversion:latest /analyzerconfig:obj\Release\net10.0\GoldenTicket.Application.GeneratedMSBuildEditorConfig.editorconfig /analyzerconfig:"C:\Program Files\dotnet\sdk\10.0.401\Sdks\Microsoft.NET.Sdk\analyzers\build\config\analysislevel_10_default.globalconfig" /analyzer:"C:\Program Files\dotnet\sdk\10.0.401\Sdks\Microsoft.NET.Sdk\targets\..\analyzers\Microsoft.CodeAnalysis.CSharp.NetAnalyzers.dll" /analyzer:"C:\Program Files\dotnet\sdk\10.0.401\Sdks\Microsoft.NET.Sdk\targets\..\analyzers\Microsoft.CodeAnalysis.NetAnalyzers.dll" /analyzer:"C:\Program Files\dotnet\packs\Microsoft.NETCore.App.Ref\10.0.12\analyzers/dotnet/cs/Microsoft.Interop.ComInterfaceGenerator.dll" /analyzer:"C:\Program Files\dotnet\packs\Microsoft.NETCore.App.Ref\10.0.12\analyzers/dotnet/cs/Microsoft.Interop.JavaScript.JSImportGenerator.dll" /analyzer:"C:\Program Files\dotnet\packs\Microsoft.NETCore.App.Ref\10.0.12\analyzers/dotnet/cs/Microsoft.Interop.LibraryImportGenerator.dll" /analyzer:"C:\Program Files\dotnet\packs\Microsoft.NETCore.App.Ref\10.0.12\analyzers/dotnet/cs/Microsoft.Interop.SourceGeneration.dll" /analyzer:"C:\Program Files\dotnet\packs\Microsoft.NETCore.App.Ref\10.0.12\analyzers/dotnet/cs/System.Text.Json.SourceGeneration.dll" /analyzer:"C:\Program Files\dotnet\packs\Microsoft.NETCore.App.Ref\10.0.12\analyzers/dotnet/cs/System.Text.RegularExpressions.Generator.dll" ComputerSeatDriver.cs GameCoordinator.cs InMemorySessionStore.cs ISessionStore.cs obj\Release\net10.0\GoldenTicket.Application.GlobalUsings.g.cs "obj\Release\net10.0\.NETCoreApp,Version=v10.0.AssemblyAttributes.cs" obj\Release\net10.0\GoldenTicket.Application.AssemblyInfo.cs /warnaserror+:NU1605,SYSLIB0011
         Compilation request GoldenTicket.Application (net10.0), PathToTool=C:\Program Files\dotnet\sdk\10.0.401\Roslyn\bincore\csc.exe
         CommandLine = ' /noconfig'
         BuildResponseFile = '/unsafe- /checked- /nowarn:CA1416,1701,1702,8002 /fullpaths /nostdlib+ /errorreport:prompt /warn:10 /define:TRACE;RELEASE;NET;NET10_0;NETCOREAPP;NET5_0_OR_GREATER;NET6_0_OR_GREATER;NET7_0_OR_GREATER;NET8_0_OR_GREATER;NET9_0_OR_GREATER;NET10_0_OR_GREATER;NETCOREAPP1_0_OR_GREATER;NETCOREAPP1_1_OR_GREATER;NETCOREAPP2_0_OR_GREATER;NETCOREAPP2_1_OR_GREATER;NETCOREAPP2_2_OR_GREATER;NETCOREAPP3_0_OR_GREATER;NETCOREAPP3_1_OR_GREATER /highentropyva+ /nullable:enable /reference:D:\Projects\GoldenTicket\src\GoldenTicket.Domain\obj\Release\net10.0\ref\GoldenTicket.Domain.dll /reference:"C:\Program Files\dotnet\packs\Microsoft.NETCore.App.Ref\10.0.12\ref\net10.0\Microsoft.CSharp.dll" /reference:"C:\Program Files\dotnet\packs\Microsoft.NETCore.App.Ref\10.0.12\ref\net10.0\Microsoft.VisualBasic.Core.dll" /reference:"C:\Program Files\dotnet\packs\Microsoft.NETCore.App.Ref\10.0.12\ref\net10.0\Microsoft.VisualBasic.dll" /reference:"C:\Program Files\dotnet\packs\Microsoft.NETCore.App.Ref\10.0.12\ref\net10.0\Microsoft.Win32.Primitives.dll" /reference:"C:\Program Files\dotnet\packs\Microsoft.NETCore.App.Ref\10.0.12\ref\net10.0\Microsoft.Win32.Registry.dll" /reference:"C:\Program Files\dotnet\packs\Microsoft.NETCore.App.Ref\10.0.12\ref\net10.0\mscorlib.dll" /reference:"C:\Program Files\dotnet\packs\Microsoft.NETCore.App.Ref\10.0.12\ref\net10.0\netstandard.dll" /reference:"C:\Program Files\dotnet\packs\Microsoft.NETCore.App.Ref\10.0.12\ref\net10.0\System.AppContext.dll" /reference:"C:\Program Files\dotnet\packs\Microsoft.NETCore.App.Ref\10.0.12\ref\net10.0\System.Buffers.dll" /reference:"C:\Program Files\dotnet\packs\Microsoft.NETCore.App.Ref\10.0.12\ref\net10.0\System.Collections.Concurrent.dll" /reference:"C:\Program Files\dotnet\packs\Microsoft.NETCore.App.Ref\10.0.12\ref\net10.0\System.Collections.dll" /reference:"C:\Program Files\dotnet\packs\Microsoft.NETCore.App.Ref\10.0.12\ref\net10.0\System.Collections.Immutable.dll" /reference:"C:\Program Files\dotnet\packs\Microsoft.NETCore.App.Ref\10.0.12\ref\net10.0\System.Collections.NonGeneric.dll" /reference:"C:\Program Files\dotnet\packs\Microsoft.NETCore.App.Ref\10.0.12\ref\net10.0\System.Collections.Specialized.dll" /reference:"C:\Program Files\dotnet\packs\Microsoft.NETCore.App.Ref\10.0.12\ref\net10.0\System.ComponentModel.Annotations.dll" /reference:"C:\Program Files\dotnet\packs\Microsoft.NETCore.App.Ref\10.0.12\ref\net10.0\System.ComponentModel.DataAnnotations.dll" /reference:"C:\Program Files\dotnet\packs\Microsoft.NETCore.App.Ref\10.0.12\ref\net10.0\System.ComponentModel.dll" /reference:"C:\Program Files\dotnet\packs\Microsoft.NETCore.App.Ref\10.0.12\ref\net10.0\System.ComponentModel.EventBasedAsync.dll" /reference:"C:\Program Files\dotnet\packs\Microsoft.NETCore.App.Ref\10.0.12\ref\net10.0\System.ComponentModel.Primitives.dll" /reference:"C:\Program Files\dotnet\packs\Microsoft.NETCore.App.Ref\10.0.12\ref\net10.0\System.ComponentModel.TypeConverter.dll" /reference:"C:\Program Files\dotnet\packs\Microsoft.NETCore.App.Ref\10.0.12\ref\net10.0\System.Configuration.dll" /reference:"C:\Program Files\dotnet\packs\Microsoft.NETCore.App.Ref\10.0.12\ref\net10.0\System.Console.dll" /reference:"C:\Program Files\dotnet\packs\Microsoft.NETCore.App.Ref\10.0.12\ref\net10.0\System.Core.dll" /reference:"C:\Program Files\dotnet\packs\Microsoft.NETCore.App.Ref\10.0.12\ref\net10.0\System.Data.Common.dll" /reference:"C:\Program Files\dotnet\packs\Microsoft.NETCore.App.Ref\10.0.12\ref\net10.0\System.Data.DataSetExtensions.dll" /reference:"C:\Program Files\dotnet\packs\Microsoft.NETCore.App.Ref\10.0.12\ref\net10.0\System.Data.dll" /reference:"C:\Program Files\dotnet\packs\Microsoft.NETCore.App.Ref\10.0.12\ref\net10.0\System.Diagnostics.Contracts.dll" /reference:"C:\Program Files\dotnet\packs\Microsoft.NETCore.App.Ref\10.0.12\ref\net10.0\System.Diagnostics.Debug.dll" /reference:"C:\Program Files\dotnet\packs\Microsoft.NETCore.App.Ref\10.0.12\ref\net10.0\System.Diagnostics.DiagnosticSource.dll" /reference:"C:\Program Files\dotnet\packs\Microsoft.NETCore.App.Ref\10.0.12\ref\net10.0\System.Diagnostics.FileVersionInfo.dll" /reference:"C:\Program Files\dotnet\packs\Microsoft.NETCore.App.Ref\10.0.12\ref\net10.0\System.Diagnostics.Process.dll" /reference:"C:\Program Files\dotnet\packs\Microsoft.NETCore.App.Ref\10.0.12\ref\net10.0\System.Diagnostics.StackTrace.dll" /reference:"C:\Program Files\dotnet\packs\Microsoft.NETCore.App.Ref\10.0.12\ref\net10.0\System.Diagnostics.TextWriterTraceListener.dll" /reference:"C:\Program Files\dotnet\packs\Microsoft.NETCore.App.Ref\10.0.12\ref\net10.0\System.Diagnostics.Tools.dll" /reference:"C:\Program Files\dotnet\packs\Microsoft.NETCore.App.Ref\10.0.12\ref\net10.0\System.Diagnostics.TraceSource.dll" /reference:"C:\Program Files\dotnet\packs\Microsoft.NETCore.App.Ref\10.0.12\ref\net10.0\System.Diagnostics.Tracing.dll" /reference:"C:\Program Files\dotnet\packs\Microsoft.NETCore.App.Ref\10.0.12\ref\net10.0\System.dll" /reference:"C:\Program Files\dotnet\packs\Microsoft.NETCore.App.Ref\10.0.12\ref\net10.0\System.Drawing.dll" /reference:"C:\Program Files\dotnet\packs\Microsoft.NETCore.App.Ref\10.0.12\ref\net10.0\System.Drawing.Primitives.dll" /reference:"C:\Program Files\dotnet\packs\Microsoft.NETCore.App.Ref\10.0.12\ref\net10.0\System.Dynamic.Runtime.dll" /reference:"C:\Program Files\dotnet\packs\Microsoft.NETCore.App.Ref\10.0.12\ref\net10.0\System.Formats.Asn1.dll" /reference:"C:\Program Files\dotnet\packs\Microsoft.NETCore.App.Ref\10.0.12\ref\net10.0\System.Formats.Tar.dll" /reference:"C:\Program Files\dotnet\packs\Microsoft.NETCore.App.Ref\10.0.12\ref\net10.0\System.Globalization.Calendars.dll" /reference:"C:\Program Files\dotnet\packs\Microsoft.NETCore.App.Ref\10.0.12\ref\net10.0\System.Globalization.dll" /reference:"C:\Program Files\dotnet\packs\Microsoft.NETCore.App.Ref\10.0.12\ref\net10.0\System.Globalization.Extensions.dll" /reference:"C:\Program Files\dotnet\packs\Microsoft.NETCore.App.Ref\10.0.12\ref\net10.0\System.IO.Compression.Brotli.dll" /reference:"C:\Program Files\dotnet\packs\Microsoft.NETCore.App.Ref\10.0.12\ref\net10.0\System.IO.Compression.dll" /reference:"C:\Program Files\dotnet\packs\Microsoft.NETCore.App.Ref\10.0.12\ref\net10.0\System.IO.Compression.FileSystem.dll" /reference:"C:\Program Files\dotnet\packs\Microsoft.NETCore.App.Ref\10.0.12\ref\net10.0\System.IO.Compression.ZipFile.dll" /reference:"C:\Program Files\dotnet\packs\Microsoft.NETCore.App.Ref\10.0.12\ref\net10.0\System.IO.dll" /reference:"C:\Program Files\dotnet\packs\Microsoft.NETCore.App.Ref\10.0.12\ref\net10.0\System.IO.FileSystem.AccessControl.dll" /reference:"C:\Program Files\dotnet\packs\Microsoft.NETCore.App.Ref\10.0.12\ref\net10.0\System.IO.FileSystem.dll" /reference:"C:\Program Files\dotnet\packs\Microsoft.NETCore.App.Ref\10.0.12\ref\net10.0\System.IO.FileSystem.DriveInfo.dll" /reference:"C:\Program Files\dotnet\packs\Microsoft.NETCore.App.Ref\10.0.12\ref\net10.0\System.IO.FileSystem.Primitives.dll" /reference:"C:\Program Files\dotnet\packs\Microsoft.NETCore.App.Ref\10.0.12\ref\net10.0\System.IO.FileSystem.Watcher.dll" /reference:"C:\Program Files\dotnet\packs\Microsoft.NETCore.App.Ref\10.0.12\ref\net10.0\System.IO.IsolatedStorage.dll" /reference:"C:\Program Files\dotnet\packs\Microsoft.NETCore.App.Ref\10.0.12\ref\net10.0\System.IO.MemoryMappedFiles.dll" /reference:"C:\Program Files\dotnet\packs\Microsoft.NETCore.App.Ref\10.0.12\ref\net10.0\System.IO.Pipelines.dll" /reference:"C:\Program Files\dotnet\packs\Microsoft.NETCore.App.Ref\10.0.12\ref\net10.0\System.IO.Pipes.AccessControl.dll" /reference:"C:\Program Files\dotnet\packs\Microsoft.NETCore.App.Ref\10.0.12\ref\net10.0\System.IO.Pipes.dll" /reference:"C:\Program Files\dotnet\packs\Microsoft.NETCore.App.Ref\10.0.12\ref\net10.0\System.IO.UnmanagedMemoryStream.dll" /reference:"C:\Program Files\dotnet\packs\Microsoft.NETCore.App.Ref\10.0.12\ref\net10.0\System.Linq.AsyncEnumerable.dll" /reference:"C:\Program Files\dotnet\packs\Microsoft.NETCore.App.Ref\10.0.12\ref\net10.0\System.Linq.dll" /reference:"C:\Program Files\dotnet\packs\Microsoft.NETCore.App.Ref\10.0.12\ref\net10.0\System.Linq.Expressions.dll" /reference:"C:\Program Files\dotnet\packs\Microsoft.NETCore.App.Ref\10.0.12\ref\net10.0\System.Linq.Parallel.dll" /reference:"C:\Program Files\dotnet\packs\Microsoft.NETCore.App.Ref\10.0.12\ref\net10.0\System.Linq.Queryable.dll" /reference:"C:\Program Files\dotnet\packs\Microsoft.NETCore.App.Ref\10.0.12\ref\net10.0\System.Memory.dll" /reference:"C:\Program Files\dotnet\packs\Microsoft.NETCore.App.Ref\10.0.12\ref\net10.0\System.Net.dll" /reference:"C:\Program Files\dotnet\packs\Microsoft.NETCore.App.Ref\10.0.12\ref\net10.0\System.Net.Http.dll" /reference:"C:\Program Files\dotnet\packs\Microsoft.NETCore.App.Ref\10.0.12\ref\net10.0\System.Net.Http.Json.dll" /reference:"C:\Program Files\dotnet\packs\Microsoft.NETCore.App.Ref\10.0.12\ref\net10.0\System.Net.HttpListener.dll" /reference:"C:\Program Files\dotnet\packs\Microsoft.NETCore.App.Ref\10.0.12\ref\net10.0\System.Net.Mail.dll" /reference:"C:\Program Files\dotnet\packs\Microsoft.NETCore.App.Ref\10.0.12\ref\net10.0\System.Net.NameResolution.dll" /reference:"C:\Program Files\dotnet\packs\Microsoft.NETCore.App.Ref\10.0.12\ref\net10.0\System.Net.NetworkInformation.dll" /reference:"C:\Program Files\dotnet\packs\Microsoft.NETCore.App.Ref\10.0.12\ref\net10.0\System.Net.Ping.dll" /reference:"C:\Program Files\dotnet\packs\Microsoft.NETCore.App.Ref\10.0.12\ref\net10.0\System.Net.Primitives.dll" /reference:"C:\Program Files\dotnet\packs\Microsoft.NETCore.App.Ref\10.0.12\ref\net10.0\System.Net.Quic.dll" /reference:"C:\Program Files\dotnet\packs\Microsoft.NETCore.App.Ref\10.0.12\ref\net10.0\System.Net.Requests.dll" /reference:"C:\Program Files\dotnet\packs\Microsoft.NETCore.App.Ref\10.0.12\ref\net10.0\System.Net.Security.dll" /reference:"C:\Program Files\dotnet\packs\Microsoft.NETCore.App.Ref\10.0.12\ref\net10.0\System.Net.ServerSentEvents.dll" /reference:"C:\Program Files\dotnet\packs\Microsoft.NETCore.App.Ref\10.0.12\ref\net10.0\System.Net.ServicePoint.dll" /reference:"C:\Program Files\dotnet\packs\Microsoft.NETCore.App.Ref\10.0.12\ref\net10.0\System.Net.Sockets.dll" /reference:"C:\Program Files\dotnet\packs\Microsoft.NETCore.App.Ref\10.0.12\ref\net10.0\System.Net.WebClient.dll" /reference:"C:\Program Files\dotnet\packs\Microsoft.NETCore.App.Ref\10.0.12\ref\net10.0\System.Net.WebHeaderCollection.dll" /reference:"C:\Program Files\dotnet\packs\Microsoft.NETCore.App.Ref\10.0.12\ref\net10.0\System.Net.WebProxy.dll" /reference:"C:\Program Files\dotnet\packs\Microsoft.NETCore.App.Ref\10.0.12\ref\net10.0\System.Net.WebSockets.Client.dll" /reference:"C:\Program Files\dotnet\packs\Microsoft.NETCore.App.Ref\10.0.12\ref\net10.0\System.Net.WebSockets.dll" /reference:"C:\Program Files\dotnet\packs\Microsoft.NETCore.App.Ref\10.0.12\ref\net10.0\System.Numerics.dll" /reference:"C:\Program Files\dotnet\packs\Microsoft.NETCore.App.Ref\10.0.12\ref\net10.0\System.Numerics.Vectors.dll" /reference:"C:\Program Files\dotnet\packs\Microsoft.NETCore.App.Ref\10.0.12\ref\net10.0\System.ObjectModel.dll" /reference:"C:\Program Files\dotnet\packs\Microsoft.NETCore.App.Ref\10.0.12\ref\net10.0\System.Reflection.DispatchProxy.dll" /reference:"C:\Program Files\dotnet\packs\Microsoft.NETCore.App.Ref\10.0.12\ref\net10.0\System.Reflection.dll" /reference:"C:\Program Files\dotnet\packs\Microsoft.NETCore.App.Ref\10.0.12\ref\net10.0\System.Reflection.Emit.dll" /reference:"C:\Program Files\dotnet\packs\Microsoft.NETCore.App.Ref\10.0.12\ref\net10.0\System.Reflection.Emit.ILGeneration.dll" /reference:"C:\Program Files\dotnet\packs\Microsoft.NETCore.App.Ref\10.0.12\ref\net10.0\System.Reflection.Emit.Lightweight.dll" /reference:"C:\Program Files\dotnet\packs\Microsoft.NETCore.App.Ref\10.0.12\ref\net10.0\System.Reflection.Extensions.dll" /reference:"C:\Program Files\dotnet\packs\Microsoft.NETCore.App.Ref\10.0.12\ref\net10.0\System.Reflection.Metadata.dll" /reference:"C:\Program Files\dotnet\packs\Microsoft.NETCore.App.Ref\10.0.12\ref\net10.0\System.Reflection.Primitives.dll" /reference:"C:\Program Files\dotnet\packs\Microsoft.NETCore.App.Ref\10.0.12\ref\net10.0\System.Reflection.TypeExtensions.dll" /reference:"C:\Program Files\dotnet\packs\Microsoft.NETCore.App.Ref\10.0.12\ref\net10.0\System.Resources.Reader.dll" /reference:"C:\Program Files\dotnet\packs\Microsoft.NETCore.App.Ref\10.0.12\ref\net10.0\System.Resources.ResourceManager.dll" /reference:"C:\Program Files\dotnet\packs\Microsoft.NETCore.App.Ref\10.0.12\ref\net10.0\System.Resources.Writer.dll" /reference:"C:\Program Files\dotnet\packs\Microsoft.NETCore.App.Ref\10.0.12\ref\net10.0\System.Runtime.CompilerServices.Unsafe.dll" /reference:"C:\Program Files\dotnet\packs\Microsoft.NETCore.App.Ref\10.0.12\ref\net10.0\System.Runtime.CompilerServices.VisualC.dll" /reference:"C:\Program Files\dotnet\packs\Microsoft.NETCore.App.Ref\10.0.12\ref\net10.0\System.Runtime.dll" /reference:"C:\Program Files\dotnet\packs\Microsoft.NETCore.App.Ref\10.0.12\ref\net10.0\System.Runtime.Extensions.dll" /reference:"C:\Program Files\dotnet\packs\Microsoft.NETCore.App.Ref\10.0.12\ref\net10.0\System.Runtime.Handles.dll" /reference:"C:\Program Files\dotnet\packs\Microsoft.NETCore.App.Ref\10.0.12\ref\net10.0\System.Runtime.InteropServices.dll" /reference:"C:\Program Files\dotnet\packs\Microsoft.NETCore.App.Ref\10.0.12\ref\net10.0\System.Runtime.InteropServices.JavaScript.dll" /reference:"C:\Program Files\dotnet\packs\Microsoft.NETCore.App.Ref\10.0.12\ref\net10.0\System.Runtime.InteropServices.RuntimeInformation.dll" /reference:"C:\Program Files\dotnet\packs\Microsoft.NETCore.App.Ref\10.0.12\ref\net10.0\System.Runtime.Intrinsics.dll" /reference:"C:\Program Files\dotnet\packs\Microsoft.NETCore.App.Ref\10.0.12\ref\net10.0\System.Runtime.Loader.dll" /reference:"C:\Program Files\dotnet\packs\Microsoft.NETCore.App.Ref\10.0.12\ref\net10.0\System.Runtime.Numerics.dll" /reference:"C:\Program Files\dotnet\packs\Microsoft.NETCore.App.Ref\10.0.12\ref\net10.0\System.Runtime.Serialization.dll" /reference:"C:\Program Files\dotnet\packs\Microsoft.NETCore.App.Ref\10.0.12\ref\net10.0\System.Runtime.Serialization.Formatters.dll" /reference:"C:\Program Files\dotnet\packs\Microsoft.NETCore.App.Ref\10.0.12\ref\net10.0\System.Runtime.Serialization.Json.dll" /reference:"C:\Program Files\dotnet\packs\Microsoft.NETCore.App.Ref\10.0.12\ref\net10.0\System.Runtime.Serialization.Primitives.dll" /reference:"C:\Program Files\dotnet\packs\Microsoft.NETCore.App.Ref\10.0.12\ref\net10.0\System.Runtime.Serialization.Xml.dll" /reference:"C:\Program Files\dotnet\packs\Microsoft.NETCore.App.Ref\10.0.12\ref\net10.0\System.Security.AccessControl.dll" /reference:"C:\Program Files\dotnet\packs\Microsoft.NETCore.App.Ref\10.0.12\ref\net10.0\System.Security.Claims.dll" /reference:"C:\Program Files\dotnet\packs\Microsoft.NETCore.App.Ref\10.0.12\ref\net10.0\System.Security.Cryptography.Algorithms.dll" /reference:"C:\Program Files\dotnet\packs\Microsoft.NETCore.App.Ref\10.0.12\ref\net10.0\System.Security.Cryptography.Cng.dll" /reference:"C:\Program Files\dotnet\packs\Microsoft.NETCore.App.Ref\10.0.12\ref\net10.0\System.Security.Cryptography.Csp.dll" /reference:"C:\Program Files\dotnet\packs\Microsoft.NETCore.App.Ref\10.0.12\ref\net10.0\System.Security.Cryptography.dll" /reference:"C:\Program Files\dotnet\packs\Microsoft.NETCore.App.Ref\10.0.12\ref\net10.0\System.Security.Cryptography.Encoding.dll" /reference:"C:\Program Files\dotnet\packs\Microsoft.NETCore.App.Ref\10.0.12\ref\net10.0\System.Security.Cryptography.OpenSsl.dll" /reference:"C:\Program Files\dotnet\packs\Microsoft.NETCore.App.Ref\10.0.12\ref\net10.0\System.Security.Cryptography.Primitives.dll" /reference:"C:\Program Files\dotnet\packs\Microsoft.NETCore.App.Ref\10.0.12\ref\net10.0\System.Security.Cryptography.X509Certificates.dll" /reference:"C:\Program Files\dotnet\packs\Microsoft.NETCore.App.Ref\10.0.12\ref\net10.0\System.Security.dll" /reference:"C:\Program Files\dotnet\packs\Microsoft.NETCore.App.Ref\10.0.12\ref\net10.0\System.Security.Principal.dll" /reference:"C:\Program Files\dotnet\packs\Microsoft.NETCore.App.Ref\10.0.12\ref\net10.0\System.Security.Principal.Windows.dll" /reference:"C:\Program Files\dotnet\packs\Microsoft.NETCore.App.Ref\10.0.12\ref\net10.0\System.Security.SecureString.dll" /reference:"C:\Program Files\dotnet\packs\Microsoft.NETCore.App.Ref\10.0.12\ref\net10.0\System.ServiceModel.Web.dll" /reference:"C:\Program Files\dotnet\packs\Microsoft.NETCore.App.Ref\10.0.12\ref\net10.0\System.ServiceProcess.dll" /reference:"C:\Program Files\dotnet\packs\Microsoft.NETCore.App.Ref\10.0.12\ref\net10.0\System.Text.Encoding.CodePages.dll" /reference:"C:\Program Files\dotnet\packs\Microsoft.NETCore.App.Ref\10.0.12\ref\net10.0\System.Text.Encoding.dll" /reference:"C:\Program Files\dotnet\packs\Microsoft.NETCore.App.Ref\10.0.12\ref\net10.0\System.Text.Encoding.Extensions.dll" /reference:"C:\Program Files\dotnet\packs\Microsoft.NETCore.App.Ref\10.0.12\ref\net10.0\System.Text.Encodings.Web.dll" /reference:"C:\Program Files\dotnet\packs\Microsoft.NETCore.App.Ref\10.0.12\ref\net10.0\System.Text.Json.dll" /reference:"C:\Program Files\dotnet\packs\Microsoft.NETCore.App.Ref\10.0.12\ref\net10.0\System.Text.RegularExpressions.dll" /reference:"C:\Program Files\dotnet\packs\Microsoft.NETCore.App.Ref\10.0.12\ref\net10.0\System.Threading.AccessControl.dll" /reference:"C:\Program Files\dotnet\packs\Microsoft.NETCore.App.Ref\10.0.12\ref\net10.0\System.Threading.Channels.dll" /reference:"C:\Program Files\dotnet\packs\Microsoft.NETCore.App.Ref\10.0.12\ref\net10.0\System.Threading.dll" /reference:"C:\Program Files\dotnet\packs\Microsoft.NETCore.App.Ref\10.0.12\ref\net10.0\System.Threading.Overlapped.dll" /reference:"C:\Program Files\dotnet\packs\Microsoft.NETCore.App.Ref\10.0.12\ref\net10.0\System.Threading.Tasks.Dataflow.dll" /reference:"C:\Program Files\dotnet\packs\Microsoft.NETCore.App.Ref\10.0.12\ref\net10.0\System.Threading.Tasks.dll" /reference:"C:\Program Files\dotnet\packs\Microsoft.NETCore.App.Ref\10.0.12\ref\net10.0\System.Threading.Tasks.Extensions.dll" /reference:"C:\Program Files\dotnet\packs\Microsoft.NETCore.App.Ref\10.0.12\ref\net10.0\System.Threading.Tasks.Parallel.dll" /reference:"C:\Program Files\dotnet\packs\Microsoft.NETCore.App.Ref\10.0.12\ref\net10.0\System.Threading.Thread.dll" /reference:"C:\Program Files\dotnet\packs\Microsoft.NETCore.App.Ref\10.0.12\ref\net10.0\System.Threading.ThreadPool.dll" /reference:"C:\Program Files\dotnet\packs\Microsoft.NETCore.App.Ref\10.0.12\ref\net10.0\System.Threading.Timer.dll" /reference:"C:\Program Files\dotnet\packs\Microsoft.NETCore.App.Ref\10.0.12\ref\net10.0\System.Transactions.dll" /reference:"C:\Program Files\dotnet\packs\Microsoft.NETCore.App.Ref\10.0.12\ref\net10.0\System.Transactions.Local.dll" /reference:"C:\Program Files\dotnet\packs\Microsoft.NETCore.App.Ref\10.0.12\ref\net10.0\System.ValueTuple.dll" /reference:"C:\Program Files\dotnet\packs\Microsoft.NETCore.App.Ref\10.0.12\ref\net10.0\System.Web.dll" /reference:"C:\Program Files\dotnet\packs\Microsoft.NETCore.App.Ref\10.0.12\ref\net10.0\System.Web.HttpUtility.dll" /reference:"C:\Program Files\dotnet\packs\Microsoft.NETCore.App.Ref\10.0.12\ref\net10.0\System.Windows.dll" /reference:"C:\Program Files\dotnet\packs\Microsoft.NETCore.App.Ref\10.0.12\ref\net10.0\System.Xml.dll" /reference:"C:\Program Files\dotnet\packs\Microsoft.NETCore.App.Ref\10.0.12\ref\net10.0\System.Xml.Linq.dll" /reference:"C:\Program Files\dotnet\packs\Microsoft.NETCore.App.Ref\10.0.12\ref\net10.0\System.Xml.ReaderWriter.dll" /reference:"C:\Program Files\dotnet\packs\Microsoft.NETCore.App.Ref\10.0.12\ref\net10.0\System.Xml.Serialization.dll" /reference:"C:\Program Files\dotnet\packs\Microsoft.NETCore.App.Ref\10.0.12\ref\net10.0\System.Xml.XDocument.dll" /reference:"C:\Program Files\dotnet\packs\Microsoft.NETCore.App.Ref\10.0.12\ref\net10.0\System.Xml.XmlDocument.dll" /reference:"C:\Program Files\dotnet\packs\Microsoft.NETCore.App.Ref\10.0.12\ref\net10.0\System.Xml.XmlSerializer.dll" /reference:"C:\Program Files\dotnet\packs\Microsoft.NETCore.App.Ref\10.0.12\ref\net10.0\System.Xml.XPath.dll" /reference:"C:\Program Files\dotnet\packs\Microsoft.NETCore.App.Ref\10.0.12\ref\net10.0\System.Xml.XPath.XDocument.dll" /reference:"C:\Program Files\dotnet\packs\Microsoft.NETCore.App.Ref\10.0.12\ref\net10.0\WindowsBase.dll" /features:"InterceptorsNamespaces=;Microsoft.Extensions.Validation.Generated" /debug- /debug:portable /filealign:512 /optimize+ /out:obj\Release\net10.0\GoldenTicket.Application.dll /refout:obj\Release\net10.0\refint\GoldenTicket.Application.dll /target:library /warnaserror- /utf8output /deterministic+ /langversion:latest /analyzerconfig:obj\Release\net10.0\GoldenTicket.Application.GeneratedMSBuildEditorConfig.editorconfig /analyzerconfig:"C:\Program Files\dotnet\sdk\10.0.401\Sdks\Microsoft.NET.Sdk\analyzers\build\config\analysislevel_10_default.globalconfig" /analyzer:"C:\Program Files\dotnet\sdk\10.0.401\Sdks\Microsoft.NET.Sdk\targets\..\analyzers\Microsoft.CodeAnalysis.CSharp.NetAnalyzers.dll" /analyzer:"C:\Program Files\dotnet\sdk\10.0.401\Sdks\Microsoft.NET.Sdk\targets\..\analyzers\Microsoft.CodeAnalysis.NetAnalyzers.dll" /analyzer:"C:\Program Files\dotnet\packs\Microsoft.NETCore.App.Ref\10.0.12\analyzers/dotnet/cs/Microsoft.Interop.ComInterfaceGenerator.dll" /analyzer:"C:\Program Files\dotnet\packs\Microsoft.NETCore.App.Ref\10.0.12\analyzers/dotnet/cs/Microsoft.Interop.JavaScript.JSImportGenerator.dll" /analyzer:"C:\Program Files\dotnet\packs\Microsoft.NETCore.App.Ref\10.0.12\analyzers/dotnet/cs/Microsoft.Interop.LibraryImportGenerator.dll" /analyzer:"C:\Program Files\dotnet\packs\Microsoft.NETCore.App.Ref\10.0.12\analyzers/dotnet/cs/Microsoft.Interop.SourceGeneration.dll" /analyzer:"C:\Program Files\dotnet\packs\Microsoft.NETCore.App.Ref\10.0.12\analyzers/dotnet/cs/System.Text.Json.SourceGeneration.dll" /analyzer:"C:\Program Files\dotnet\packs\Microsoft.NETCore.App.Ref\10.0.12\analyzers/dotnet/cs/System.Text.RegularExpressions.Generator.dll" ComputerSeatDriver.cs GameCoordinator.cs InMemorySessionStore.cs ISessionStore.cs obj\Release\net10.0\GoldenTicket.Application.GlobalUsings.g.cs "obj\Release\net10.0\.NETCoreApp,Version=v10.0.AssemblyAttributes.cs" obj\Release\net10.0\GoldenTicket.Application.AssemblyInfo.cs /warnaserror+:NU1605,SYSLIB0011'
         Attempt to open named pipe 'UGCeNc1jG8RDFJq5hw8Iu9jDUBgo+jafmeD3NdUyO_c'
         Attempt to connect named pipe 'UGCeNc1jG8RDFJq5hw8Iu9jDUBgo+jafmeD3NdUyO_c'
         Named pipe 'UGCeNc1jG8RDFJq5hw8Iu9jDUBgo+jafmeD3NdUyO_c' connected
         Begin writing request for GoldenTicket.Application (net10.0)
         End writing request for GoldenTicket.Application (net10.0)
         Begin reading response for GoldenTicket.Application (net10.0)
     5>_GenerateSourceLinkFile:
         Source Link is empty, file 'obj\Release\net10.0\GoldenTicket.AI.sourcelink.json' does not exist.
       CoreCompile:
         Setting DOTNET_ROOT to 'C:\Program Files\dotnet'
         C:\Program Files\dotnet\sdk\10.0.401\Roslyn\bincore\csc.exe /noconfig /unsafe- /checked- /nowarn:CA1416,1701,1702,8002 /fullpaths /nostdlib+ /errorreport:prompt /warn:10 /define:TRACE;RELEASE;NET;NET10_0;NETCOREAPP;NET5_0_OR_GREATER;NET6_0_OR_GREATER;NET7_0_OR_GREATER;NET8_0_OR_GREATER;NET9_0_OR_GREATER;NET10_0_OR_GREATER;NETCOREAPP1_0_OR_GREATER;NETCOREAPP1_1_OR_GREATER;NETCOREAPP2_0_OR_GREATER;NETCOREAPP2_1_OR_GREATER;NETCOREAPP2_2_OR_GREATER;NETCOREAPP3_0_OR_GREATER;NETCOREAPP3_1_OR_GREATER /highentropyva+ /nullable:enable /reference:D:\Projects\GoldenTicket\src\GoldenTicket.Domain\obj\Release\net10.0\ref\GoldenTicket.Domain.dll /reference:"C:\Program Files\dotnet\packs\Microsoft.NETCore.App.Ref\10.0.12\ref\net10.0\Microsoft.CSharp.dll" /reference:"C:\Program Files\dotnet\packs\Microsoft.NETCore.App.Ref\10.0.12\ref\net10.0\Microsoft.VisualBasic.Core.dll" /reference:"C:\Program Files\dotnet\packs\Microsoft.NETCore.App.Ref\10.0.12\ref\net10.0\Microsoft.VisualBasic.dll" /reference:"C:\Program Files\dotnet\packs\Microsoft.NETCore.App.Ref\10.0.12\ref\net10.0\Microsoft.Win32.Primitives.dll" /reference:"C:\Program Files\dotnet\packs\Microsoft.NETCore.App.Ref\10.0.12\ref\net10.0\Microsoft.Win32.Registry.dll" /reference:"C:\Program Files\dotnet\packs\Microsoft.NETCore.App.Ref\10.0.12\ref\net10.0\mscorlib.dll" /reference:"C:\Program Files\dotnet\packs\Microsoft.NETCore.App.Ref\10.0.12\ref\net10.0\netstandard.dll" /reference:"C:\Program Files\dotnet\packs\Microsoft.NETCore.App.Ref\10.0.12\ref\net10.0\System.AppContext.dll" /reference:"C:\Program Files\dotnet\packs\Microsoft.NETCore.App.Ref\10.0.12\ref\net10.0\System.Buffers.dll" /reference:"C:\Program Files\dotnet\packs\Microsoft.NETCore.App.Ref\10.0.12\ref\net10.0\System.Collections.Concurrent.dll" /reference:"C:\Program Files\dotnet\packs\Microsoft.NETCore.App.Ref\10.0.12\ref\net10.0\System.Collections.dll" /reference:"C:\Program Files\dotnet\packs\Microsoft.NETCore.App.Ref\10.0.12\ref\net10.0\System.Collections.Immutable.dll" /reference:"C:\Program Files\dotnet\packs\Microsoft.NETCore.App.Ref\10.0.12\ref\net10.0\System.Collections.NonGeneric.dll" /reference:"C:\Program Files\dotnet\packs\Microsoft.NETCore.App.Ref\10.0.12\ref\net10.0\System.Collections.Specialized.dll" /reference:"C:\Program Files\dotnet\packs\Microsoft.NETCore.App.Ref\10.0.12\ref\net10.0\System.ComponentModel.Annotations.dll" /reference:"C:\Program Files\dotnet\packs\Microsoft.NETCore.App.Ref\10.0.12\ref\net10.0\System.ComponentModel.DataAnnotations.dll" /reference:"C:\Program Files\dotnet\packs\Microsoft.NETCore.App.Ref\10.0.12\ref\net10.0\System.ComponentModel.dll" /reference:"C:\Program Files\dotnet\packs\Microsoft.NETCore.App.Ref\10.0.12\ref\net10.0\System.ComponentModel.EventBasedAsync.dll" /reference:"C:\Program Files\dotnet\packs\Microsoft.NETCore.App.Ref\10.0.12\ref\net10.0\System.ComponentModel.Primitives.dll" /reference:"C:\Program Files\dotnet\packs\Microsoft.NETCore.App.Ref\10.0.12\ref\net10.0\System.ComponentModel.TypeConverter.dll" /reference:"C:\Program Files\dotnet\packs\Microsoft.NETCore.App.Ref\10.0.12\ref\net10.0\System.Configuration.dll" /reference:"C:\Program Files\dotnet\packs\Microsoft.NETCore.App.Ref\10.0.12\ref\net10.0\System.Console.dll" /reference:"C:\Program Files\dotnet\packs\Microsoft.NETCore.App.Ref\10.0.12\ref\net10.0\System.Core.dll" /reference:"C:\Program Files\dotnet\packs\Microsoft.NETCore.App.Ref\10.0.12\ref\net10.0\System.Data.Common.dll" /reference:"C:\Program Files\dotnet\packs\Microsoft.NETCore.App.Ref\10.0.12\ref\net10.0\System.Data.DataSetExtensions.dll" /reference:"C:\Program Files\dotnet\packs\Microsoft.NETCore.App.Ref\10.0.12\ref\net10.0\System.Data.dll" /reference:"C:\Program Files\dotnet\packs\Microsoft.NETCore.App.Ref\10.0.12\ref\net10.0\System.Diagnostics.Contracts.dll" /reference:"C:\Program Files\dotnet\packs\Microsoft.NETCore.App.Ref\10.0.12\ref\net10.0\System.Diagnostics.Debug.dll" /reference:"C:\Program Files\dotnet\packs\Microsoft.NETCore.App.Ref\10.0.12\ref\net10.0\System.Diagnostics.DiagnosticSource.dll" /reference:"C:\Program Files\dotnet\packs\Microsoft.NETCore.App.Ref\10.0.12\ref\net10.0\System.Diagnostics.FileVersionInfo.dll" /reference:"C:\Program Files\dotnet\packs\Microsoft.NETCore.App.Ref\10.0.12\ref\net10.0\System.Diagnostics.Process.dll" /reference:"C:\Program Files\dotnet\packs\Microsoft.NETCore.App.Ref\10.0.12\ref\net10.0\System.Diagnostics.StackTrace.dll" /reference:"C:\Program Files\dotnet\packs\Microsoft.NETCore.App.Ref\10.0.12\ref\net10.0\System.Diagnostics.TextWriterTraceListener.dll" /reference:"C:\Program Files\dotnet\packs\Microsoft.NETCore.App.Ref\10.0.12\ref\net10.0\System.Diagnostics.Tools.dll" /reference:"C:\Program Files\dotnet\packs\Microsoft.NETCore.App.Ref\10.0.12\ref\net10.0\System.Diagnostics.TraceSource.dll" /reference:"C:\Program Files\dotnet\packs\Microsoft.NETCore.App.Ref\10.0.12\ref\net10.0\System.Diagnostics.Tracing.dll" /reference:"C:\Program Files\dotnet\packs\Microsoft.NETCore.App.Ref\10.0.12\ref\net10.0\System.dll" /reference:"C:\Program Files\dotnet\packs\Microsoft.NETCore.App.Ref\10.0.12\ref\net10.0\System.Drawing.dll" /reference:"C:\Program Files\dotnet\packs\Microsoft.NETCore.App.Ref\10.0.12\ref\net10.0\System.Drawing.Primitives.dll" /reference:"C:\Program Files\dotnet\packs\Microsoft.NETCore.App.Ref\10.0.12\ref\net10.0\System.Dynamic.Runtime.dll" /reference:"C:\Program Files\dotnet\packs\Microsoft.NETCore.App.Ref\10.0.12\ref\net10.0\System.Formats.Asn1.dll" /reference:"C:\Program Files\dotnet\packs\Microsoft.NETCore.App.Ref\10.0.12\ref\net10.0\System.Formats.Tar.dll" /reference:"C:\Program Files\dotnet\packs\Microsoft.NETCore.App.Ref\10.0.12\ref\net10.0\System.Globalization.Calendars.dll" /reference:"C:\Program Files\dotnet\packs\Microsoft.NETCore.App.Ref\10.0.12\ref\net10.0\System.Globalization.dll" /reference:"C:\Program Files\dotnet\packs\Microsoft.NETCore.App.Ref\10.0.12\ref\net10.0\System.Globalization.Extensions.dll" /reference:"C:\Program Files\dotnet\packs\Microsoft.NETCore.App.Ref\10.0.12\ref\net10.0\System.IO.Compression.Brotli.dll" /reference:"C:\Program Files\dotnet\packs\Microsoft.NETCore.App.Ref\10.0.12\ref\net10.0\System.IO.Compression.dll" /reference:"C:\Program Files\dotnet\packs\Microsoft.NETCore.App.Ref\10.0.12\ref\net10.0\System.IO.Compression.FileSystem.dll" /reference:"C:\Program Files\dotnet\packs\Microsoft.NETCore.App.Ref\10.0.12\ref\net10.0\System.IO.Compression.ZipFile.dll" /reference:"C:\Program Files\dotnet\packs\Microsoft.NETCore.App.Ref\10.0.12\ref\net10.0\System.IO.dll" /reference:"C:\Program Files\dotnet\packs\Microsoft.NETCore.App.Ref\10.0.12\ref\net10.0\System.IO.FileSystem.AccessControl.dll" /reference:"C:\Program Files\dotnet\packs\Microsoft.NETCore.App.Ref\10.0.12\ref\net10.0\System.IO.FileSystem.dll" /reference:"C:\Program Files\dotnet\packs\Microsoft.NETCore.App.Ref\10.0.12\ref\net10.0\System.IO.FileSystem.DriveInfo.dll" /reference:"C:\Program Files\dotnet\packs\Microsoft.NETCore.App.Ref\10.0.12\ref\net10.0\System.IO.FileSystem.Primitives.dll" /reference:"C:\Program Files\dotnet\packs\Microsoft.NETCore.App.Ref\10.0.12\ref\net10.0\System.IO.FileSystem.Watcher.dll" /reference:"C:\Program Files\dotnet\packs\Microsoft.NETCore.App.Ref\10.0.12\ref\net10.0\System.IO.IsolatedStorage.dll" /reference:"C:\Program Files\dotnet\packs\Microsoft.NETCore.App.Ref\10.0.12\ref\net10.0\System.IO.MemoryMappedFiles.dll" /reference:"C:\Program Files\dotnet\packs\Microsoft.NETCore.App.Ref\10.0.12\ref\net10.0\System.IO.Pipelines.dll" /reference:"C:\Program Files\dotnet\packs\Microsoft.NETCore.App.Ref\10.0.12\ref\net10.0\System.IO.Pipes.AccessControl.dll" /reference:"C:\Program Files\dotnet\packs\Microsoft.NETCore.App.Ref\10.0.12\ref\net10.0\System.IO.Pipes.dll" /reference:"C:\Program Files\dotnet\packs\Microsoft.NETCore.App.Ref\10.0.12\ref\net10.0\System.IO.UnmanagedMemoryStream.dll" /reference:"C:\Program Files\dotnet\packs\Microsoft.NETCore.App.Ref\10.0.12\ref\net10.0\System.Linq.AsyncEnumerable.dll" /reference:"C:\Program Files\dotnet\packs\Microsoft.NETCore.App.Ref\10.0.12\ref\net10.0\System.Linq.dll" /reference:"C:\Program Files\dotnet\packs\Microsoft.NETCore.App.Ref\10.0.12\ref\net10.0\System.Linq.Expressions.dll" /reference:"C:\Program Files\dotnet\packs\Microsoft.NETCore.App.Ref\10.0.12\ref\net10.0\System.Linq.Parallel.dll" /reference:"C:\Program Files\dotnet\packs\Microsoft.NETCore.App.Ref\10.0.12\ref\net10.0\System.Linq.Queryable.dll" /reference:"C:\Program Files\dotnet\packs\Microsoft.NETCore.App.Ref\10.0.12\ref\net10.0\System.Memory.dll" /reference:"C:\Program Files\dotnet\packs\Microsoft.NETCore.App.Ref\10.0.12\ref\net10.0\System.Net.dll" /reference:"C:\Program Files\dotnet\packs\Microsoft.NETCore.App.Ref\10.0.12\ref\net10.0\System.Net.Http.dll" /reference:"C:\Program Files\dotnet\packs\Microsoft.NETCore.App.Ref\10.0.12\ref\net10.0\System.Net.Http.Json.dll" /reference:"C:\Program Files\dotnet\packs\Microsoft.NETCore.App.Ref\10.0.12\ref\net10.0\System.Net.HttpListener.dll" /reference:"C:\Program Files\dotnet\packs\Microsoft.NETCore.App.Ref\10.0.12\ref\net10.0\System.Net.Mail.dll" /reference:"C:\Program Files\dotnet\packs\Microsoft.NETCore.App.Ref\10.0.12\ref\net10.0\System.Net.NameResolution.dll" /reference:"C:\Program Files\dotnet\packs\Microsoft.NETCore.App.Ref\10.0.12\ref\net10.0\System.Net.NetworkInformation.dll" /reference:"C:\Program Files\dotnet\packs\Microsoft.NETCore.App.Ref\10.0.12\ref\net10.0\System.Net.Ping.dll" /reference:"C:\Program Files\dotnet\packs\Microsoft.NETCore.App.Ref\10.0.12\ref\net10.0\System.Net.Primitives.dll" /reference:"C:\Program Files\dotnet\packs\Microsoft.NETCore.App.Ref\10.0.12\ref\net10.0\System.Net.Quic.dll" /reference:"C:\Program Files\dotnet\packs\Microsoft.NETCore.App.Ref\10.0.12\ref\net10.0\System.Net.Requests.dll" /reference:"C:\Program Files\dotnet\packs\Microsoft.NETCore.App.Ref\10.0.12\ref\net10.0\System.Net.Security.dll" /reference:"C:\Program Files\dotnet\packs\Microsoft.NETCore.App.Ref\10.0.12\ref\net10.0\System.Net.ServerSentEvents.dll" /reference:"C:\Program Files\dotnet\packs\Microsoft.NETCore.App.Ref\10.0.12\ref\net10.0\System.Net.ServicePoint.dll" /reference:"C:\Program Files\dotnet\packs\Microsoft.NETCore.App.Ref\10.0.12\ref\net10.0\System.Net.Sockets.dll" /reference:"C:\Program Files\dotnet\packs\Microsoft.NETCore.App.Ref\10.0.12\ref\net10.0\System.Net.WebClient.dll" /reference:"C:\Program Files\dotnet\packs\Microsoft.NETCore.App.Ref\10.0.12\ref\net10.0\System.Net.WebHeaderCollection.dll" /reference:"C:\Program Files\dotnet\packs\Microsoft.NETCore.App.Ref\10.0.12\ref\net10.0\System.Net.WebProxy.dll" /reference:"C:\Program Files\dotnet\packs\Microsoft.NETCore.App.Ref\10.0.12\ref\net10.0\System.Net.WebSockets.Client.dll" /reference:"C:\Program Files\dotnet\packs\Microsoft.NETCore.App.Ref\10.0.12\ref\net10.0\System.Net.WebSockets.dll" /reference:"C:\Program Files\dotnet\packs\Microsoft.NETCore.App.Ref\10.0.12\ref\net10.0\System.Numerics.dll" /reference:"C:\Program Files\dotnet\packs\Microsoft.NETCore.App.Ref\10.0.12\ref\net10.0\System.Numerics.Vectors.dll" /reference:"C:\Program Files\dotnet\packs\Microsoft.NETCore.App.Ref\10.0.12\ref\net10.0\System.ObjectModel.dll" /reference:"C:\Program Files\dotnet\packs\Microsoft.NETCore.App.Ref\10.0.12\ref\net10.0\System.Reflection.DispatchProxy.dll" /reference:"C:\Program Files\dotnet\packs\Microsoft.NETCore.App.Ref\10.0.12\ref\net10.0\System.Reflection.dll" /reference:"C:\Program Files\dotnet\packs\Microsoft.NETCore.App.Ref\10.0.12\ref\net10.0\System.Reflection.Emit.dll" /reference:"C:\Program Files\dotnet\packs\Microsoft.NETCore.App.Ref\10.0.12\ref\net10.0\System.Reflection.Emit.ILGeneration.dll" /reference:"C:\Program Files\dotnet\packs\Microsoft.NETCore.App.Ref\10.0.12\ref\net10.0\System.Reflection.Emit.Lightweight.dll" /reference:"C:\Program Files\dotnet\packs\Microsoft.NETCore.App.Ref\10.0.12\ref\net10.0\System.Reflection.Extensions.dll" /reference:"C:\Program Files\dotnet\packs\Microsoft.NETCore.App.Ref\10.0.12\ref\net10.0\System.Reflection.Metadata.dll" /reference:"C:\Program Files\dotnet\packs\Microsoft.NETCore.App.Ref\10.0.12\ref\net10.0\System.Reflection.Primitives.dll" /reference:"C:\Program Files\dotnet\packs\Microsoft.NETCore.App.Ref\10.0.12\ref\net10.0\System.Reflection.TypeExtensions.dll" /reference:"C:\Program Files\dotnet\packs\Microsoft.NETCore.App.Ref\10.0.12\ref\net10.0\System.Resources.Reader.dll" /reference:"C:\Program Files\dotnet\packs\Microsoft.NETCore.App.Ref\10.0.12\ref\net10.0\System.Resources.ResourceManager.dll" /reference:"C:\Program Files\dotnet\packs\Microsoft.NETCore.App.Ref\10.0.12\ref\net10.0\System.Resources.Writer.dll" /reference:"C:\Program Files\dotnet\packs\Microsoft.NETCore.App.Ref\10.0.12\ref\net10.0\System.Runtime.CompilerServices.Unsafe.dll" /reference:"C:\Program Files\dotnet\packs\Microsoft.NETCore.App.Ref\10.0.12\ref\net10.0\System.Runtime.CompilerServices.VisualC.dll" /reference:"C:\Program Files\dotnet\packs\Microsoft.NETCore.App.Ref\10.0.12\ref\net10.0\System.Runtime.dll" /reference:"C:\Program Files\dotnet\packs\Microsoft.NETCore.App.Ref\10.0.12\ref\net10.0\System.Runtime.Extensions.dll" /reference:"C:\Program Files\dotnet\packs\Microsoft.NETCore.App.Ref\10.0.12\ref\net10.0\System.Runtime.Handles.dll" /reference:"C:\Program Files\dotnet\packs\Microsoft.NETCore.App.Ref\10.0.12\ref\net10.0\System.Runtime.InteropServices.dll" /reference:"C:\Program Files\dotnet\packs\Microsoft.NETCore.App.Ref\10.0.12\ref\net10.0\System.Runtime.InteropServices.JavaScript.dll" /reference:"C:\Program Files\dotnet\packs\Microsoft.NETCore.App.Ref\10.0.12\ref\net10.0\System.Runtime.InteropServices.RuntimeInformation.dll" /reference:"C:\Program Files\dotnet\packs\Microsoft.NETCore.App.Ref\10.0.12\ref\net10.0\System.Runtime.Intrinsics.dll" /reference:"C:\Program Files\dotnet\packs\Microsoft.NETCore.App.Ref\10.0.12\ref\net10.0\System.Runtime.Loader.dll" /reference:"C:\Program Files\dotnet\packs\Microsoft.NETCore.App.Ref\10.0.12\ref\net10.0\System.Runtime.Numerics.dll" /reference:"C:\Program Files\dotnet\packs\Microsoft.NETCore.App.Ref\10.0.12\ref\net10.0\System.Runtime.Serialization.dll" /reference:"C:\Program Files\dotnet\packs\Microsoft.NETCore.App.Ref\10.0.12\ref\net10.0\System.Runtime.Serialization.Formatters.dll" /reference:"C:\Program Files\dotnet\packs\Microsoft.NETCore.App.Ref\10.0.12\ref\net10.0\System.Runtime.Serialization.Json.dll" /reference:"C:\Program Files\dotnet\packs\Microsoft.NETCore.App.Ref\10.0.12\ref\net10.0\System.Runtime.Serialization.Primitives.dll" /reference:"C:\Program Files\dotnet\packs\Microsoft.NETCore.App.Ref\10.0.12\ref\net10.0\System.Runtime.Serialization.Xml.dll" /reference:"C:\Program Files\dotnet\packs\Microsoft.NETCore.App.Ref\10.0.12\ref\net10.0\System.Security.AccessControl.dll" /reference:"C:\Program Files\dotnet\packs\Microsoft.NETCore.App.Ref\10.0.12\ref\net10.0\System.Security.Claims.dll" /reference:"C:\Program Files\dotnet\packs\Microsoft.NETCore.App.Ref\10.0.12\ref\net10.0\System.Security.Cryptography.Algorithms.dll" /reference:"C:\Program Files\dotnet\packs\Microsoft.NETCore.App.Ref\10.0.12\ref\net10.0\System.Security.Cryptography.Cng.dll" /reference:"C:\Program Files\dotnet\packs\Microsoft.NETCore.App.Ref\10.0.12\ref\net10.0\System.Security.Cryptography.Csp.dll" /reference:"C:\Program Files\dotnet\packs\Microsoft.NETCore.App.Ref\10.0.12\ref\net10.0\System.Security.Cryptography.dll" /reference:"C:\Program Files\dotnet\packs\Microsoft.NETCore.App.Ref\10.0.12\ref\net10.0\System.Security.Cryptography.Encoding.dll" /reference:"C:\Program Files\dotnet\packs\Microsoft.NETCore.App.Ref\10.0.12\ref\net10.0\System.Security.Cryptography.OpenSsl.dll" /reference:"C:\Program Files\dotnet\packs\Microsoft.NETCore.App.Ref\10.0.12\ref\net10.0\System.Security.Cryptography.Primitives.dll" /reference:"C:\Program Files\dotnet\packs\Microsoft.NETCore.App.Ref\10.0.12\ref\net10.0\System.Security.Cryptography.X509Certificates.dll" /reference:"C:\Program Files\dotnet\packs\Microsoft.NETCore.App.Ref\10.0.12\ref\net10.0\System.Security.dll" /reference:"C:\Program Files\dotnet\packs\Microsoft.NETCore.App.Ref\10.0.12\ref\net10.0\System.Security.Principal.dll" /reference:"C:\Program Files\dotnet\packs\Microsoft.NETCore.App.Ref\10.0.12\ref\net10.0\System.Security.Principal.Windows.dll" /reference:"C:\Program Files\dotnet\packs\Microsoft.NETCore.App.Ref\10.0.12\ref\net10.0\System.Security.SecureString.dll" /reference:"C:\Program Files\dotnet\packs\Microsoft.NETCore.App.Ref\10.0.12\ref\net10.0\System.ServiceModel.Web.dll" /reference:"C:\Program Files\dotnet\packs\Microsoft.NETCore.App.Ref\10.0.12\ref\net10.0\System.ServiceProcess.dll" /reference:"C:\Program Files\dotnet\packs\Microsoft.NETCore.App.Ref\10.0.12\ref\net10.0\System.Text.Encoding.CodePages.dll" /reference:"C:\Program Files\dotnet\packs\Microsoft.NETCore.App.Ref\10.0.12\ref\net10.0\System.Text.Encoding.dll" /reference:"C:\Program Files\dotnet\packs\Microsoft.NETCore.App.Ref\10.0.12\ref\net10.0\System.Text.Encoding.Extensions.dll" /reference:"C:\Program Files\dotnet\packs\Microsoft.NETCore.App.Ref\10.0.12\ref\net10.0\System.Text.Encodings.Web.dll" /reference:"C:\Program Files\dotnet\packs\Microsoft.NETCore.App.Ref\10.0.12\ref\net10.0\System.Text.Json.dll" /reference:"C:\Program Files\dotnet\packs\Microsoft.NETCore.App.Ref\10.0.12\ref\net10.0\System.Text.RegularExpressions.dll" /reference:"C:\Program Files\dotnet\packs\Microsoft.NETCore.App.Ref\10.0.12\ref\net10.0\System.Threading.AccessControl.dll" /reference:"C:\Program Files\dotnet\packs\Microsoft.NETCore.App.Ref\10.0.12\ref\net10.0\System.Threading.Channels.dll" /reference:"C:\Program Files\dotnet\packs\Microsoft.NETCore.App.Ref\10.0.12\ref\net10.0\System.Threading.dll" /reference:"C:\Program Files\dotnet\packs\Microsoft.NETCore.App.Ref\10.0.12\ref\net10.0\System.Threading.Overlapped.dll" /reference:"C:\Program Files\dotnet\packs\Microsoft.NETCore.App.Ref\10.0.12\ref\net10.0\System.Threading.Tasks.Dataflow.dll" /reference:"C:\Program Files\dotnet\packs\Microsoft.NETCore.App.Ref\10.0.12\ref\net10.0\System.Threading.Tasks.dll" /reference:"C:\Program Files\dotnet\packs\Microsoft.NETCore.App.Ref\10.0.12\ref\net10.0\System.Threading.Tasks.Extensions.dll" /reference:"C:\Program Files\dotnet\packs\Microsoft.NETCore.App.Ref\10.0.12\ref\net10.0\System.Threading.Tasks.Parallel.dll" /reference:"C:\Program Files\dotnet\packs\Microsoft.NETCore.App.Ref\10.0.12\ref\net10.0\System.Threading.Thread.dll" /reference:"C:\Program Files\dotnet\packs\Microsoft.NETCore.App.Ref\10.0.12\ref\net10.0\System.Threading.ThreadPool.dll" /reference:"C:\Program Files\dotnet\packs\Microsoft.NETCore.App.Ref\10.0.12\ref\net10.0\System.Threading.Timer.dll" /reference:"C:\Program Files\dotnet\packs\Microsoft.NETCore.App.Ref\10.0.12\ref\net10.0\System.Transactions.dll" /reference:"C:\Program Files\dotnet\packs\Microsoft.NETCore.App.Ref\10.0.12\ref\net10.0\System.Transactions.Local.dll" /reference:"C:\Program Files\dotnet\packs\Microsoft.NETCore.App.Ref\10.0.12\ref\net10.0\System.ValueTuple.dll" /reference:"C:\Program Files\dotnet\packs\Microsoft.NETCore.App.Ref\10.0.12\ref\net10.0\System.Web.dll" /reference:"C:\Program Files\dotnet\packs\Microsoft.NETCore.App.Ref\10.0.12\ref\net10.0\System.Web.HttpUtility.dll" /reference:"C:\Program Files\dotnet\packs\Microsoft.NETCore.App.Ref\10.0.12\ref\net10.0\System.Windows.dll" /reference:"C:\Program Files\dotnet\packs\Microsoft.NETCore.App.Ref\10.0.12\ref\net10.0\System.Xml.dll" /reference:"C:\Program Files\dotnet\packs\Microsoft.NETCore.App.Ref\10.0.12\ref\net10.0\System.Xml.Linq.dll" /reference:"C:\Program Files\dotnet\packs\Microsoft.NETCore.App.Ref\10.0.12\ref\net10.0\System.Xml.ReaderWriter.dll" /reference:"C:\Program Files\dotnet\packs\Microsoft.NETCore.App.Ref\10.0.12\ref\net10.0\System.Xml.Serialization.dll" /reference:"C:\Program Files\dotnet\packs\Microsoft.NETCore.App.Ref\10.0.12\ref\net10.0\System.Xml.XDocument.dll" /reference:"C:\Program Files\dotnet\packs\Microsoft.NETCore.App.Ref\10.0.12\ref\net10.0\System.Xml.XmlDocument.dll" /reference:"C:\Program Files\dotnet\packs\Microsoft.NETCore.App.Ref\10.0.12\ref\net10.0\System.Xml.XmlSerializer.dll" /reference:"C:\Program Files\dotnet\packs\Microsoft.NETCore.App.Ref\10.0.12\ref\net10.0\System.Xml.XPath.dll" /reference:"C:\Program Files\dotnet\packs\Microsoft.NETCore.App.Ref\10.0.12\ref\net10.0\System.Xml.XPath.XDocument.dll" /reference:"C:\Program Files\dotnet\packs\Microsoft.NETCore.App.Ref\10.0.12\ref\net10.0\WindowsBase.dll" /features:"InterceptorsNamespaces=;Microsoft.Extensions.Validation.Generated" /debug- /debug:portable /filealign:512 /optimize+ /out:obj\Release\net10.0\GoldenTicket.AI.dll /refout:obj\Release\net10.0\refint\GoldenTicket.AI.dll /target:library /warnaserror- /utf8output /deterministic+ /langversion:latest /analyzerconfig:obj\Release\net10.0\GoldenTicket.AI.GeneratedMSBuildEditorConfig.editorconfig /analyzerconfig:"C:\Program Files\dotnet\sdk\10.0.401\Sdks\Microsoft.NET.Sdk\analyzers\build\config\analysislevel_10_default.globalconfig" /analyzer:"C:\Program Files\dotnet\sdk\10.0.401\Sdks\Microsoft.NET.Sdk\targets\..\analyzers\Microsoft.CodeAnalysis.CSharp.NetAnalyzers.dll" /analyzer:"C:\Program Files\dotnet\sdk\10.0.401\Sdks\Microsoft.NET.Sdk\targets\..\analyzers\Microsoft.CodeAnalysis.NetAnalyzers.dll" /analyzer:"C:\Program Files\dotnet\packs\Microsoft.NETCore.App.Ref\10.0.12\analyzers/dotnet/cs/Microsoft.Interop.ComInterfaceGenerator.dll" /analyzer:"C:\Program Files\dotnet\packs\Microsoft.NETCore.App.Ref\10.0.12\analyzers/dotnet/cs/Microsoft.Interop.JavaScript.JSImportGenerator.dll" /analyzer:"C:\Program Files\dotnet\packs\Microsoft.NETCore.App.Ref\10.0.12\analyzers/dotnet/cs/Microsoft.Interop.LibraryImportGenerator.dll" /analyzer:"C:\Program Files\dotnet\packs\Microsoft.NETCore.App.Ref\10.0.12\analyzers/dotnet/cs/Microsoft.Interop.SourceGeneration.dll" /analyzer:"C:\Program Files\dotnet\packs\Microsoft.NETCore.App.Ref\10.0.12\analyzers/dotnet/cs/System.Text.Json.SourceGeneration.dll" /analyzer:"C:\Program Files\dotnet\packs\Microsoft.NETCore.App.Ref\10.0.12\analyzers/dotnet/cs/System.Text.RegularExpressions.Generator.dll" HeuristicAiPolicy.cs RoutePlanner.cs obj\Release\net10.0\GoldenTicket.AI.GlobalUsings.g.cs "obj\Release\net10.0\.NETCoreApp,Version=v10.0.AssemblyAttributes.cs" obj\Release\net10.0\GoldenTicket.AI.AssemblyInfo.cs /warnaserror+:NU1605,SYSLIB0011
         Compilation request GoldenTicket.AI (net10.0), PathToTool=C:\Program Files\dotnet\sdk\10.0.401\Roslyn\bincore\csc.exe
         CommandLine = ' /noconfig'
         BuildResponseFile = '/unsafe- /checked- /nowarn:CA1416,1701,1702,8002 /fullpaths /nostdlib+ /errorreport:prompt /warn:10 /define:TRACE;RELEASE;NET;NET10_0;NETCOREAPP;NET5_0_OR_GREATER;NET6_0_OR_GREATER;NET7_0_OR_GREATER;NET8_0_OR_GREATER;NET9_0_OR_GREATER;NET10_0_OR_GREATER;NETCOREAPP1_0_OR_GREATER;NETCOREAPP1_1_OR_GREATER;NETCOREAPP2_0_OR_GREATER;NETCOREAPP2_1_OR_GREATER;NETCOREAPP2_2_OR_GREATER;NETCOREAPP3_0_OR_GREATER;NETCOREAPP3_1_OR_GREATER /highentropyva+ /nullable:enable /reference:D:\Projects\GoldenTicket\src\GoldenTicket.Domain\obj\Release\net10.0\ref\GoldenTicket.Domain.dll /reference:"C:\Program Files\dotnet\packs\Microsoft.NETCore.App.Ref\10.0.12\ref\net10.0\Microsoft.CSharp.dll" /reference:"C:\Program Files\dotnet\packs\Microsoft.NETCore.App.Ref\10.0.12\ref\net10.0\Microsoft.VisualBasic.Core.dll" /reference:"C:\Program Files\dotnet\packs\Microsoft.NETCore.App.Ref\10.0.12\ref\net10.0\Microsoft.VisualBasic.dll" /reference:"C:\Program Files\dotnet\packs\Microsoft.NETCore.App.Ref\10.0.12\ref\net10.0\Microsoft.Win32.Primitives.dll" /reference:"C:\Program Files\dotnet\packs\Microsoft.NETCore.App.Ref\10.0.12\ref\net10.0\Microsoft.Win32.Registry.dll" /reference:"C:\Program Files\dotnet\packs\Microsoft.NETCore.App.Ref\10.0.12\ref\net10.0\mscorlib.dll" /reference:"C:\Program Files\dotnet\packs\Microsoft.NETCore.App.Ref\10.0.12\ref\net10.0\netstandard.dll" /reference:"C:\Program Files\dotnet\packs\Microsoft.NETCore.App.Ref\10.0.12\ref\net10.0\System.AppContext.dll" /reference:"C:\Program Files\dotnet\packs\Microsoft.NETCore.App.Ref\10.0.12\ref\net10.0\System.Buffers.dll" /reference:"C:\Program Files\dotnet\packs\Microsoft.NETCore.App.Ref\10.0.12\ref\net10.0\System.Collections.Concurrent.dll" /reference:"C:\Program Files\dotnet\packs\Microsoft.NETCore.App.Ref\10.0.12\ref\net10.0\System.Collections.dll" /reference:"C:\Program Files\dotnet\packs\Microsoft.NETCore.App.Ref\10.0.12\ref\net10.0\System.Collections.Immutable.dll" /reference:"C:\Program Files\dotnet\packs\Microsoft.NETCore.App.Ref\10.0.12\ref\net10.0\System.Collections.NonGeneric.dll" /reference:"C:\Program Files\dotnet\packs\Microsoft.NETCore.App.Ref\10.0.12\ref\net10.0\System.Collections.Specialized.dll" /reference:"C:\Program Files\dotnet\packs\Microsoft.NETCore.App.Ref\10.0.12\ref\net10.0\System.ComponentModel.Annotations.dll" /reference:"C:\Program Files\dotnet\packs\Microsoft.NETCore.App.Ref\10.0.12\ref\net10.0\System.ComponentModel.DataAnnotations.dll" /reference:"C:\Program Files\dotnet\packs\Microsoft.NETCore.App.Ref\10.0.12\ref\net10.0\System.ComponentModel.dll" /reference:"C:\Program Files\dotnet\packs\Microsoft.NETCore.App.Ref\10.0.12\ref\net10.0\System.ComponentModel.EventBasedAsync.dll" /reference:"C:\Program Files\dotnet\packs\Microsoft.NETCore.App.Ref\10.0.12\ref\net10.0\System.ComponentModel.Primitives.dll" /reference:"C:\Program Files\dotnet\packs\Microsoft.NETCore.App.Ref\10.0.12\ref\net10.0\System.ComponentModel.TypeConverter.dll" /reference:"C:\Program Files\dotnet\packs\Microsoft.NETCore.App.Ref\10.0.12\ref\net10.0\System.Configuration.dll" /reference:"C:\Program Files\dotnet\packs\Microsoft.NETCore.App.Ref\10.0.12\ref\net10.0\System.Console.dll" /reference:"C:\Program Files\dotnet\packs\Microsoft.NETCore.App.Ref\10.0.12\ref\net10.0\System.Core.dll" /reference:"C:\Program Files\dotnet\packs\Microsoft.NETCore.App.Ref\10.0.12\ref\net10.0\System.Data.Common.dll" /reference:"C:\Program Files\dotnet\packs\Microsoft.NETCore.App.Ref\10.0.12\ref\net10.0\System.Data.DataSetExtensions.dll" /reference:"C:\Program Files\dotnet\packs\Microsoft.NETCore.App.Ref\10.0.12\ref\net10.0\System.Data.dll" /reference:"C:\Program Files\dotnet\packs\Microsoft.NETCore.App.Ref\10.0.12\ref\net10.0\System.Diagnostics.Contracts.dll" /reference:"C:\Program Files\dotnet\packs\Microsoft.NETCore.App.Ref\10.0.12\ref\net10.0\System.Diagnostics.Debug.dll" /reference:"C:\Program Files\dotnet\packs\Microsoft.NETCore.App.Ref\10.0.12\ref\net10.0\System.Diagnostics.DiagnosticSource.dll" /reference:"C:\Program Files\dotnet\packs\Microsoft.NETCore.App.Ref\10.0.12\ref\net10.0\System.Diagnostics.FileVersionInfo.dll" /reference:"C:\Program Files\dotnet\packs\Microsoft.NETCore.App.Ref\10.0.12\ref\net10.0\System.Diagnostics.Process.dll" /reference:"C:\Program Files\dotnet\packs\Microsoft.NETCore.App.Ref\10.0.12\ref\net10.0\System.Diagnostics.StackTrace.dll" /reference:"C:\Program Files\dotnet\packs\Microsoft.NETCore.App.Ref\10.0.12\ref\net10.0\System.Diagnostics.TextWriterTraceListener.dll" /reference:"C:\Program Files\dotnet\packs\Microsoft.NETCore.App.Ref\10.0.12\ref\net10.0\System.Diagnostics.Tools.dll" /reference:"C:\Program Files\dotnet\packs\Microsoft.NETCore.App.Ref\10.0.12\ref\net10.0\System.Diagnostics.TraceSource.dll" /reference:"C:\Program Files\dotnet\packs\Microsoft.NETCore.App.Ref\10.0.12\ref\net10.0\System.Diagnostics.Tracing.dll" /reference:"C:\Program Files\dotnet\packs\Microsoft.NETCore.App.Ref\10.0.12\ref\net10.0\System.dll" /reference:"C:\Program Files\dotnet\packs\Microsoft.NETCore.App.Ref\10.0.12\ref\net10.0\System.Drawing.dll" /reference:"C:\Program Files\dotnet\packs\Microsoft.NETCore.App.Ref\10.0.12\ref\net10.0\System.Drawing.Primitives.dll" /reference:"C:\Program Files\dotnet\packs\Microsoft.NETCore.App.Ref\10.0.12\ref\net10.0\System.Dynamic.Runtime.dll" /reference:"C:\Program Files\dotnet\packs\Microsoft.NETCore.App.Ref\10.0.12\ref\net10.0\System.Formats.Asn1.dll" /reference:"C:\Program Files\dotnet\packs\Microsoft.NETCore.App.Ref\10.0.12\ref\net10.0\System.Formats.Tar.dll" /reference:"C:\Program Files\dotnet\packs\Microsoft.NETCore.App.Ref\10.0.12\ref\net10.0\System.Globalization.Calendars.dll" /reference:"C:\Program Files\dotnet\packs\Microsoft.NETCore.App.Ref\10.0.12\ref\net10.0\System.Globalization.dll" /reference:"C:\Program Files\dotnet\packs\Microsoft.NETCore.App.Ref\10.0.12\ref\net10.0\System.Globalization.Extensions.dll" /reference:"C:\Program Files\dotnet\packs\Microsoft.NETCore.App.Ref\10.0.12\ref\net10.0\System.IO.Compression.Brotli.dll" /reference:"C:\Program Files\dotnet\packs\Microsoft.NETCore.App.Ref\10.0.12\ref\net10.0\System.IO.Compression.dll" /reference:"C:\Program Files\dotnet\packs\Microsoft.NETCore.App.Ref\10.0.12\ref\net10.0\System.IO.Compression.FileSystem.dll" /reference:"C:\Program Files\dotnet\packs\Microsoft.NETCore.App.Ref\10.0.12\ref\net10.0\System.IO.Compression.ZipFile.dll" /reference:"C:\Program Files\dotnet\packs\Microsoft.NETCore.App.Ref\10.0.12\ref\net10.0\System.IO.dll" /reference:"C:\Program Files\dotnet\packs\Microsoft.NETCore.App.Ref\10.0.12\ref\net10.0\System.IO.FileSystem.AccessControl.dll" /reference:"C:\Program Files\dotnet\packs\Microsoft.NETCore.App.Ref\10.0.12\ref\net10.0\System.IO.FileSystem.dll" /reference:"C:\Program Files\dotnet\packs\Microsoft.NETCore.App.Ref\10.0.12\ref\net10.0\System.IO.FileSystem.DriveInfo.dll" /reference:"C:\Program Files\dotnet\packs\Microsoft.NETCore.App.Ref\10.0.12\ref\net10.0\System.IO.FileSystem.Primitives.dll" /reference:"C:\Program Files\dotnet\packs\Microsoft.NETCore.App.Ref\10.0.12\ref\net10.0\System.IO.FileSystem.Watcher.dll" /reference:"C:\Program Files\dotnet\packs\Microsoft.NETCore.App.Ref\10.0.12\ref\net10.0\System.IO.IsolatedStorage.dll" /reference:"C:\Program Files\dotnet\packs\Microsoft.NETCore.App.Ref\10.0.12\ref\net10.0\System.IO.MemoryMappedFiles.dll" /reference:"C:\Program Files\dotnet\packs\Microsoft.NETCore.App.Ref\10.0.12\ref\net10.0\System.IO.Pipelines.dll" /reference:"C:\Program Files\dotnet\packs\Microsoft.NETCore.App.Ref\10.0.12\ref\net10.0\System.IO.Pipes.AccessControl.dll" /reference:"C:\Program Files\dotnet\packs\Microsoft.NETCore.App.Ref\10.0.12\ref\net10.0\System.IO.Pipes.dll" /reference:"C:\Program Files\dotnet\packs\Microsoft.NETCore.App.Ref\10.0.12\ref\net10.0\System.IO.UnmanagedMemoryStream.dll" /reference:"C:\Program Files\dotnet\packs\Microsoft.NETCore.App.Ref\10.0.12\ref\net10.0\System.Linq.AsyncEnumerable.dll" /reference:"C:\Program Files\dotnet\packs\Microsoft.NETCore.App.Ref\10.0.12\ref\net10.0\System.Linq.dll" /reference:"C:\Program Files\dotnet\packs\Microsoft.NETCore.App.Ref\10.0.12\ref\net10.0\System.Linq.Expressions.dll" /reference:"C:\Program Files\dotnet\packs\Microsoft.NETCore.App.Ref\10.0.12\ref\net10.0\System.Linq.Parallel.dll" /reference:"C:\Program Files\dotnet\packs\Microsoft.NETCore.App.Ref\10.0.12\ref\net10.0\System.Linq.Queryable.dll" /reference:"C:\Program Files\dotnet\packs\Microsoft.NETCore.App.Ref\10.0.12\ref\net10.0\System.Memory.dll" /reference:"C:\Program Files\dotnet\packs\Microsoft.NETCore.App.Ref\10.0.12\ref\net10.0\System.Net.dll" /reference:"C:\Program Files\dotnet\packs\Microsoft.NETCore.App.Ref\10.0.12\ref\net10.0\System.Net.Http.dll" /reference:"C:\Program Files\dotnet\packs\Microsoft.NETCore.App.Ref\10.0.12\ref\net10.0\System.Net.Http.Json.dll" /reference:"C:\Program Files\dotnet\packs\Microsoft.NETCore.App.Ref\10.0.12\ref\net10.0\System.Net.HttpListener.dll" /reference:"C:\Program Files\dotnet\packs\Microsoft.NETCore.App.Ref\10.0.12\ref\net10.0\System.Net.Mail.dll" /reference:"C:\Program Files\dotnet\packs\Microsoft.NETCore.App.Ref\10.0.12\ref\net10.0\System.Net.NameResolution.dll" /reference:"C:\Program Files\dotnet\packs\Microsoft.NETCore.App.Ref\10.0.12\ref\net10.0\System.Net.NetworkInformation.dll" /reference:"C:\Program Files\dotnet\packs\Microsoft.NETCore.App.Ref\10.0.12\ref\net10.0\System.Net.Ping.dll" /reference:"C:\Program Files\dotnet\packs\Microsoft.NETCore.App.Ref\10.0.12\ref\net10.0\System.Net.Primitives.dll" /reference:"C:\Program Files\dotnet\packs\Microsoft.NETCore.App.Ref\10.0.12\ref\net10.0\System.Net.Quic.dll" /reference:"C:\Program Files\dotnet\packs\Microsoft.NETCore.App.Ref\10.0.12\ref\net10.0\System.Net.Requests.dll" /reference:"C:\Program Files\dotnet\packs\Microsoft.NETCore.App.Ref\10.0.12\ref\net10.0\System.Net.Security.dll" /reference:"C:\Program Files\dotnet\packs\Microsoft.NETCore.App.Ref\10.0.12\ref\net10.0\System.Net.ServerSentEvents.dll" /reference:"C:\Program Files\dotnet\packs\Microsoft.NETCore.App.Ref\10.0.12\ref\net10.0\System.Net.ServicePoint.dll" /reference:"C:\Program Files\dotnet\packs\Microsoft.NETCore.App.Ref\10.0.12\ref\net10.0\System.Net.Sockets.dll" /reference:"C:\Program Files\dotnet\packs\Microsoft.NETCore.App.Ref\10.0.12\ref\net10.0\System.Net.WebClient.dll" /reference:"C:\Program Files\dotnet\packs\Microsoft.NETCore.App.Ref\10.0.12\ref\net10.0\System.Net.WebHeaderCollection.dll" /reference:"C:\Program Files\dotnet\packs\Microsoft.NETCore.App.Ref\10.0.12\ref\net10.0\System.Net.WebProxy.dll" /reference:"C:\Program Files\dotnet\packs\Microsoft.NETCore.App.Ref\10.0.12\ref\net10.0\System.Net.WebSockets.Client.dll" /reference:"C:\Program Files\dotnet\packs\Microsoft.NETCore.App.Ref\10.0.12\ref\net10.0\System.Net.WebSockets.dll" /reference:"C:\Program Files\dotnet\packs\Microsoft.NETCore.App.Ref\10.0.12\ref\net10.0\System.Numerics.dll" /reference:"C:\Program Files\dotnet\packs\Microsoft.NETCore.App.Ref\10.0.12\ref\net10.0\System.Numerics.Vectors.dll" /reference:"C:\Program Files\dotnet\packs\Microsoft.NETCore.App.Ref\10.0.12\ref\net10.0\System.ObjectModel.dll" /reference:"C:\Program Files\dotnet\packs\Microsoft.NETCore.App.Ref\10.0.12\ref\net10.0\System.Reflection.DispatchProxy.dll" /reference:"C:\Program Files\dotnet\packs\Microsoft.NETCore.App.Ref\10.0.12\ref\net10.0\System.Reflection.dll" /reference:"C:\Program Files\dotnet\packs\Microsoft.NETCore.App.Ref\10.0.12\ref\net10.0\System.Reflection.Emit.dll" /reference:"C:\Program Files\dotnet\packs\Microsoft.NETCore.App.Ref\10.0.12\ref\net10.0\System.Reflection.Emit.ILGeneration.dll" /reference:"C:\Program Files\dotnet\packs\Microsoft.NETCore.App.Ref\10.0.12\ref\net10.0\System.Reflection.Emit.Lightweight.dll" /reference:"C:\Program Files\dotnet\packs\Microsoft.NETCore.App.Ref\10.0.12\ref\net10.0\System.Reflection.Extensions.dll" /reference:"C:\Program Files\dotnet\packs\Microsoft.NETCore.App.Ref\10.0.12\ref\net10.0\System.Reflection.Metadata.dll" /reference:"C:\Program Files\dotnet\packs\Microsoft.NETCore.App.Ref\10.0.12\ref\net10.0\System.Reflection.Primitives.dll" /reference:"C:\Program Files\dotnet\packs\Microsoft.NETCore.App.Ref\10.0.12\ref\net10.0\System.Reflection.TypeExtensions.dll" /reference:"C:\Program Files\dotnet\packs\Microsoft.NETCore.App.Ref\10.0.12\ref\net10.0\System.Resources.Reader.dll" /reference:"C:\Program Files\dotnet\packs\Microsoft.NETCore.App.Ref\10.0.12\ref\net10.0\System.Resources.ResourceManager.dll" /reference:"C:\Program Files\dotnet\packs\Microsoft.NETCore.App.Ref\10.0.12\ref\net10.0\System.Resources.Writer.dll" /reference:"C:\Program Files\dotnet\packs\Microsoft.NETCore.App.Ref\10.0.12\ref\net10.0\System.Runtime.CompilerServices.Unsafe.dll" /reference:"C:\Program Files\dotnet\packs\Microsoft.NETCore.App.Ref\10.0.12\ref\net10.0\System.Runtime.CompilerServices.VisualC.dll" /reference:"C:\Program Files\dotnet\packs\Microsoft.NETCore.App.Ref\10.0.12\ref\net10.0\System.Runtime.dll" /reference:"C:\Program Files\dotnet\packs\Microsoft.NETCore.App.Ref\10.0.12\ref\net10.0\System.Runtime.Extensions.dll" /reference:"C:\Program Files\dotnet\packs\Microsoft.NETCore.App.Ref\10.0.12\ref\net10.0\System.Runtime.Handles.dll" /reference:"C:\Program Files\dotnet\packs\Microsoft.NETCore.App.Ref\10.0.12\ref\net10.0\System.Runtime.InteropServices.dll" /reference:"C:\Program Files\dotnet\packs\Microsoft.NETCore.App.Ref\10.0.12\ref\net10.0\System.Runtime.InteropServices.JavaScript.dll" /reference:"C:\Program Files\dotnet\packs\Microsoft.NETCore.App.Ref\10.0.12\ref\net10.0\System.Runtime.InteropServices.RuntimeInformation.dll" /reference:"C:\Program Files\dotnet\packs\Microsoft.NETCore.App.Ref\10.0.12\ref\net10.0\System.Runtime.Intrinsics.dll" /reference:"C:\Program Files\dotnet\packs\Microsoft.NETCore.App.Ref\10.0.12\ref\net10.0\System.Runtime.Loader.dll" /reference:"C:\Program Files\dotnet\packs\Microsoft.NETCore.App.Ref\10.0.12\ref\net10.0\System.Runtime.Numerics.dll" /reference:"C:\Program Files\dotnet\packs\Microsoft.NETCore.App.Ref\10.0.12\ref\net10.0\System.Runtime.Serialization.dll" /reference:"C:\Program Files\dotnet\packs\Microsoft.NETCore.App.Ref\10.0.12\ref\net10.0\System.Runtime.Serialization.Formatters.dll" /reference:"C:\Program Files\dotnet\packs\Microsoft.NETCore.App.Ref\10.0.12\ref\net10.0\System.Runtime.Serialization.Json.dll" /reference:"C:\Program Files\dotnet\packs\Microsoft.NETCore.App.Ref\10.0.12\ref\net10.0\System.Runtime.Serialization.Primitives.dll" /reference:"C:\Program Files\dotnet\packs\Microsoft.NETCore.App.Ref\10.0.12\ref\net10.0\System.Runtime.Serialization.Xml.dll" /reference:"C:\Program Files\dotnet\packs\Microsoft.NETCore.App.Ref\10.0.12\ref\net10.0\System.Security.AccessControl.dll" /reference:"C:\Program Files\dotnet\packs\Microsoft.NETCore.App.Ref\10.0.12\ref\net10.0\System.Security.Claims.dll" /reference:"C:\Program Files\dotnet\packs\Microsoft.NETCore.App.Ref\10.0.12\ref\net10.0\System.Security.Cryptography.Algorithms.dll" /reference:"C:\Program Files\dotnet\packs\Microsoft.NETCore.App.Ref\10.0.12\ref\net10.0\System.Security.Cryptography.Cng.dll" /reference:"C:\Program Files\dotnet\packs\Microsoft.NETCore.App.Ref\10.0.12\ref\net10.0\System.Security.Cryptography.Csp.dll" /reference:"C:\Program Files\dotnet\packs\Microsoft.NETCore.App.Ref\10.0.12\ref\net10.0\System.Security.Cryptography.dll" /reference:"C:\Program Files\dotnet\packs\Microsoft.NETCore.App.Ref\10.0.12\ref\net10.0\System.Security.Cryptography.Encoding.dll" /reference:"C:\Program Files\dotnet\packs\Microsoft.NETCore.App.Ref\10.0.12\ref\net10.0\System.Security.Cryptography.OpenSsl.dll" /reference:"C:\Program Files\dotnet\packs\Microsoft.NETCore.App.Ref\10.0.12\ref\net10.0\System.Security.Cryptography.Primitives.dll" /reference:"C:\Program Files\dotnet\packs\Microsoft.NETCore.App.Ref\10.0.12\ref\net10.0\System.Security.Cryptography.X509Certificates.dll" /reference:"C:\Program Files\dotnet\packs\Microsoft.NETCore.App.Ref\10.0.12\ref\net10.0\System.Security.dll" /reference:"C:\Program Files\dotnet\packs\Microsoft.NETCore.App.Ref\10.0.12\ref\net10.0\System.Security.Principal.dll" /reference:"C:\Program Files\dotnet\packs\Microsoft.NETCore.App.Ref\10.0.12\ref\net10.0\System.Security.Principal.Windows.dll" /reference:"C:\Program Files\dotnet\packs\Microsoft.NETCore.App.Ref\10.0.12\ref\net10.0\System.Security.SecureString.dll" /reference:"C:\Program Files\dotnet\packs\Microsoft.NETCore.App.Ref\10.0.12\ref\net10.0\System.ServiceModel.Web.dll" /reference:"C:\Program Files\dotnet\packs\Microsoft.NETCore.App.Ref\10.0.12\ref\net10.0\System.ServiceProcess.dll" /reference:"C:\Program Files\dotnet\packs\Microsoft.NETCore.App.Ref\10.0.12\ref\net10.0\System.Text.Encoding.CodePages.dll" /reference:"C:\Program Files\dotnet\packs\Microsoft.NETCore.App.Ref\10.0.12\ref\net10.0\System.Text.Encoding.dll" /reference:"C:\Program Files\dotnet\packs\Microsoft.NETCore.App.Ref\10.0.12\ref\net10.0\System.Text.Encoding.Extensions.dll" /reference:"C:\Program Files\dotnet\packs\Microsoft.NETCore.App.Ref\10.0.12\ref\net10.0\System.Text.Encodings.Web.dll" /reference:"C:\Program Files\dotnet\packs\Microsoft.NETCore.App.Ref\10.0.12\ref\net10.0\System.Text.Json.dll" /reference:"C:\Program Files\dotnet\packs\Microsoft.NETCore.App.Ref\10.0.12\ref\net10.0\System.Text.RegularExpressions.dll" /reference:"C:\Program Files\dotnet\packs\Microsoft.NETCore.App.Ref\10.0.12\ref\net10.0\System.Threading.AccessControl.dll" /reference:"C:\Program Files\dotnet\packs\Microsoft.NETCore.App.Ref\10.0.12\ref\net10.0\System.Threading.Channels.dll" /reference:"C:\Program Files\dotnet\packs\Microsoft.NETCore.App.Ref\10.0.12\ref\net10.0\System.Threading.dll" /reference:"C:\Program Files\dotnet\packs\Microsoft.NETCore.App.Ref\10.0.12\ref\net10.0\System.Threading.Overlapped.dll" /reference:"C:\Program Files\dotnet\packs\Microsoft.NETCore.App.Ref\10.0.12\ref\net10.0\System.Threading.Tasks.Dataflow.dll" /reference:"C:\Program Files\dotnet\packs\Microsoft.NETCore.App.Ref\10.0.12\ref\net10.0\System.Threading.Tasks.dll" /reference:"C:\Program Files\dotnet\packs\Microsoft.NETCore.App.Ref\10.0.12\ref\net10.0\System.Threading.Tasks.Extensions.dll" /reference:"C:\Program Files\dotnet\packs\Microsoft.NETCore.App.Ref\10.0.12\ref\net10.0\System.Threading.Tasks.Parallel.dll" /reference:"C:\Program Files\dotnet\packs\Microsoft.NETCore.App.Ref\10.0.12\ref\net10.0\System.Threading.Thread.dll" /reference:"C:\Program Files\dotnet\packs\Microsoft.NETCore.App.Ref\10.0.12\ref\net10.0\System.Threading.ThreadPool.dll" /reference:"C:\Program Files\dotnet\packs\Microsoft.NETCore.App.Ref\10.0.12\ref\net10.0\System.Threading.Timer.dll" /reference:"C:\Program Files\dotnet\packs\Microsoft.NETCore.App.Ref\10.0.12\ref\net10.0\System.Transactions.dll" /reference:"C:\Program Files\dotnet\packs\Microsoft.NETCore.App.Ref\10.0.12\ref\net10.0\System.Transactions.Local.dll" /reference:"C:\Program Files\dotnet\packs\Microsoft.NETCore.App.Ref\10.0.12\ref\net10.0\System.ValueTuple.dll" /reference:"C:\Program Files\dotnet\packs\Microsoft.NETCore.App.Ref\10.0.12\ref\net10.0\System.Web.dll" /reference:"C:\Program Files\dotnet\packs\Microsoft.NETCore.App.Ref\10.0.12\ref\net10.0\System.Web.HttpUtility.dll" /reference:"C:\Program Files\dotnet\packs\Microsoft.NETCore.App.Ref\10.0.12\ref\net10.0\System.Windows.dll" /reference:"C:\Program Files\dotnet\packs\Microsoft.NETCore.App.Ref\10.0.12\ref\net10.0\System.Xml.dll" /reference:"C:\Program Files\dotnet\packs\Microsoft.NETCore.App.Ref\10.0.12\ref\net10.0\System.Xml.Linq.dll" /reference:"C:\Program Files\dotnet\packs\Microsoft.NETCore.App.Ref\10.0.12\ref\net10.0\System.Xml.ReaderWriter.dll" /reference:"C:\Program Files\dotnet\packs\Microsoft.NETCore.App.Ref\10.0.12\ref\net10.0\System.Xml.Serialization.dll" /reference:"C:\Program Files\dotnet\packs\Microsoft.NETCore.App.Ref\10.0.12\ref\net10.0\System.Xml.XDocument.dll" /reference:"C:\Program Files\dotnet\packs\Microsoft.NETCore.App.Ref\10.0.12\ref\net10.0\System.Xml.XmlDocument.dll" /reference:"C:\Program Files\dotnet\packs\Microsoft.NETCore.App.Ref\10.0.12\ref\net10.0\System.Xml.XmlSerializer.dll" /reference:"C:\Program Files\dotnet\packs\Microsoft.NETCore.App.Ref\10.0.12\ref\net10.0\System.Xml.XPath.dll" /reference:"C:\Program Files\dotnet\packs\Microsoft.NETCore.App.Ref\10.0.12\ref\net10.0\System.Xml.XPath.XDocument.dll" /reference:"C:\Program Files\dotnet\packs\Microsoft.NETCore.App.Ref\10.0.12\ref\net10.0\WindowsBase.dll" /features:"InterceptorsNamespaces=;Microsoft.Extensions.Validation.Generated" /debug- /debug:portable /filealign:512 /optimize+ /out:obj\Release\net10.0\GoldenTicket.AI.dll /refout:obj\Release\net10.0\refint\GoldenTicket.AI.dll /target:library /warnaserror- /utf8output /deterministic+ /langversion:latest /analyzerconfig:obj\Release\net10.0\GoldenTicket.AI.GeneratedMSBuildEditorConfig.editorconfig /analyzerconfig:"C:\Program Files\dotnet\sdk\10.0.401\Sdks\Microsoft.NET.Sdk\analyzers\build\config\analysislevel_10_default.globalconfig" /analyzer:"C:\Program Files\dotnet\sdk\10.0.401\Sdks\Microsoft.NET.Sdk\targets\..\analyzers\Microsoft.CodeAnalysis.CSharp.NetAnalyzers.dll" /analyzer:"C:\Program Files\dotnet\sdk\10.0.401\Sdks\Microsoft.NET.Sdk\targets\..\analyzers\Microsoft.CodeAnalysis.NetAnalyzers.dll" /analyzer:"C:\Program Files\dotnet\packs\Microsoft.NETCore.App.Ref\10.0.12\analyzers/dotnet/cs/Microsoft.Interop.ComInterfaceGenerator.dll" /analyzer:"C:\Program Files\dotnet\packs\Microsoft.NETCore.App.Ref\10.0.12\analyzers/dotnet/cs/Microsoft.Interop.JavaScript.JSImportGenerator.dll" /analyzer:"C:\Program Files\dotnet\packs\Microsoft.NETCore.App.Ref\10.0.12\analyzers/dotnet/cs/Microsoft.Interop.LibraryImportGenerator.dll" /analyzer:"C:\Program Files\dotnet\packs\Microsoft.NETCore.App.Ref\10.0.12\analyzers/dotnet/cs/Microsoft.Interop.SourceGeneration.dll" /analyzer:"C:\Program Files\dotnet\packs\Microsoft.NETCore.App.Ref\10.0.12\analyzers/dotnet/cs/System.Text.Json.SourceGeneration.dll" /analyzer:"C:\Program Files\dotnet\packs\Microsoft.NETCore.App.Ref\10.0.12\analyzers/dotnet/cs/System.Text.RegularExpressions.Generator.dll" HeuristicAiPolicy.cs RoutePlanner.cs obj\Release\net10.0\GoldenTicket.AI.GlobalUsings.g.cs "obj\Release\net10.0\.NETCoreApp,Version=v10.0.AssemblyAttributes.cs" obj\Release\net10.0\GoldenTicket.AI.AssemblyInfo.cs /warnaserror+:NU1605,SYSLIB0011'
         Attempt to open named pipe 'UGCeNc1jG8RDFJq5hw8Iu9jDUBgo+jafmeD3NdUyO_c'
         Attempt to connect named pipe 'UGCeNc1jG8RDFJq5hw8Iu9jDUBgo+jafmeD3NdUyO_c'
         Named pipe 'UGCeNc1jG8RDFJq5hw8Iu9jDUBgo+jafmeD3NdUyO_c' connected
         Begin writing request for GoldenTicket.AI (net10.0)
         End writing request for GoldenTicket.AI (net10.0)
         Begin reading response for GoldenTicket.AI (net10.0)
         End reading response for GoldenTicket.AI (net10.0)
         CompilerServer: server - server processed compilation - GoldenTicket.AI (net10.0)
       _CopyFilesMarkedCopyLocal:
         Copying file from "D:\Projects\GoldenTicket\src\GoldenTicket.Domain\bin\Release\net10.0\GoldenTicket.Domain.pdb" to "D:\Projects\GoldenTicket\src\GoldenTicket.AI\bin\Release\net10.0\GoldenTicket.Domain.pdb".
         Copying file from "D:\Projects\GoldenTicket\src\GoldenTicket.Domain\bin\Release\net10.0\GoldenTicket.Domain.dll" to "D:\Projects\GoldenTicket\src\GoldenTicket.AI\bin\Release\net10.0\GoldenTicket.Domain.dll".
         Creating "D:\Projects\GoldenTicket\src\GoldenTicket.AI\obj\Release\net10.0\GoldenTi.FAE33A65.Up2Date" because "AlwaysCreate" was specified.
         Touching "D:\Projects\GoldenTicket\src\GoldenTicket.AI\obj\Release\net10.0\GoldenTi.FAE33A65.Up2Date".
       _CopyOutOfDateSourceItemsToOutputDirectory:
         Copying file from "D:\Projects\GoldenTicket\data\classic-us\classic-us-v1.json" to "D:\Projects\GoldenTicket\src\GoldenTicket.AI\bin\Release\net10.0\data\classic-us\classic-us-v1.json".
     2>CoreCompile:
         End reading response for GoldenTicket.Application (net10.0)
         CompilerServer: server - server processed compilation - GoldenTicket.Application (net10.0)
       _CopyFilesMarkedCopyLocal:
         Copying file from "D:\Projects\GoldenTicket\src\GoldenTicket.Domain\bin\Release\net10.0\GoldenTicket.Domain.dll" to "D:\Projects\GoldenTicket\src\GoldenTicket.Application\bin\Release\net10.0\GoldenTicket.Domain.dll".
         Copying file from "D:\Projects\GoldenTicket\src\GoldenTicket.Domain\bin\Release\net10.0\GoldenTicket.Domain.pdb" to "D:\Projects\GoldenTicket\src\GoldenTicket.Application\bin\Release\net10.0\GoldenTicket.Domain.pdb".
         Creating "D:\Projects\GoldenTicket\src\GoldenTicket.Application\obj\Release\net10.0\GoldenTi.D303E84A.Up2Date" because "AlwaysCreate" was specified.
         Touching "D:\Projects\GoldenTicket\src\GoldenTicket.Application\obj\Release\net10.0\GoldenTi.D303E84A.Up2Date".
     5>CopyFilesToOutputDirectory:
         Copying file from "D:\Projects\GoldenTicket\src\GoldenTicket.AI\obj\Release\net10.0\GoldenTicket.AI.dll" to "D:\Projects\GoldenTicket\src\GoldenTicket.AI\bin\Release\net10.0\GoldenTicket.AI.dll".
         Copying reference assembly from "obj\Release\net10.0\refint\GoldenTicket.AI.dll" to "D:\Projects\GoldenTicket\src\GoldenTicket.AI\obj\Release\net10.0\ref\GoldenTicket.AI.dll".
         GoldenTicket.AI -> D:\Projects\GoldenTicket\src\GoldenTicket.AI\bin\Release\net10.0\GoldenTicket.AI.dll
         Copying file from "D:\Projects\GoldenTicket\src\GoldenTicket.AI\obj\Release\net10.0\GoldenTicket.AI.pdb" to "D:\Projects\GoldenTicket\src\GoldenTicket.AI\bin\Release\net10.0\GoldenTicket.AI.pdb".
     2>_CopyOutOfDateSourceItemsToOutputDirectory:
         Copying file from "D:\Projects\GoldenTicket\data\classic-us\classic-us-v1.json" to "D:\Projects\GoldenTicket\src\GoldenTicket.Application\bin\Release\net10.0\data\classic-us\classic-us-v1.json".
     5>Done Building Project "D:\Projects\GoldenTicket\src\GoldenTicket.AI\GoldenTicket.AI.csproj" (Rebuild target(s)).
     2>CopyFilesToOutputDirectory:
         Copying file from "D:\Projects\GoldenTicket\src\GoldenTicket.Application\obj\Release\net10.0\GoldenTicket.Application.dll" to "D:\Projects\GoldenTicket\src\GoldenTicket.Application\bin\Release\net10.0\GoldenTicket.Application.dll".
         Copying reference assembly from "obj\Release\net10.0\refint\GoldenTicket.Application.dll" to "D:\Projects\GoldenTicket\src\GoldenTicket.Application\obj\Release\net10.0\ref\GoldenTicket.Application.dll".
         GoldenTicket.Application -> D:\Projects\GoldenTicket\src\GoldenTicket.Application\bin\Release\net10.0\GoldenTicket.Application.dll
         Copying file from "D:\Projects\GoldenTicket\src\GoldenTicket.Application\obj\Release\net10.0\GoldenTicket.Application.pdb" to "D:\Projects\GoldenTicket\src\GoldenTicket.Application\bin\Release\net10.0\GoldenTicket.Application.pdb".
     2>Done Building Project "D:\Projects\GoldenTicket\src\GoldenTicket.Application\GoldenTicket.Application.csproj" (Rebuild target(s)).
     4>GenerateTargetFrameworkMonikerAttribute:
       Skipping target "GenerateTargetFrameworkMonikerAttribute" because all output files are up-to-date with respect to the input files.
     3>GenerateTargetFrameworkMonikerAttribute:
       Skipping target "GenerateTargetFrameworkMonikerAttribute" because all output files are up-to-date with respect to the input files.
     4>_GenerateSourceLinkFile:
         Source Link is empty, file 'obj\Release\net10.0\GoldenTicket.Persistence.sourcelink.json' does not exist.
       CoreCompile:
         Setting DOTNET_ROOT to 'C:\Program Files\dotnet'
         C:\Program Files\dotnet\sdk\10.0.401\Roslyn\bincore\csc.exe /noconfig /unsafe- /checked- /nowarn:CA1416,1701,1702,8002 /fullpaths /nostdlib+ /errorreport:prompt /warn:10 /define:TRACE;RELEASE;NET;NET10_0;NETCOREAPP;NET5_0_OR_GREATER;NET6_0_OR_GREATER;NET7_0_OR_GREATER;NET8_0_OR_GREATER;NET9_0_OR_GREATER;NET10_0_OR_GREATER;NETCOREAPP1_0_OR_GREATER;NETCOREAPP1_1_OR_GREATER;NETCOREAPP2_0_OR_GREATER;NETCOREAPP2_1_OR_GREATER;NETCOREAPP2_2_OR_GREATER;NETCOREAPP3_0_OR_GREATER;NETCOREAPP3_1_OR_GREATER /highentropyva+ /nullable:enable /reference:D:\Projects\GoldenTicket\src\GoldenTicket.Application\obj\Release\net10.0\ref\GoldenTicket.Application.dll /reference:D:\Projects\GoldenTicket\src\GoldenTicket.Domain\obj\Release\net10.0\ref\GoldenTicket.Domain.dll /reference:"C:\Program Files\dotnet\packs\Microsoft.NETCore.App.Ref\10.0.12\ref\net10.0\Microsoft.CSharp.dll" /reference:C:\Users\abiem\.nuget\packages\microsoft.data.sqlite.core\10.0.12\lib\net8.0\Microsoft.Data.Sqlite.dll /reference:"C:\Program Files\dotnet\packs\Microsoft.NETCore.App.Ref\10.0.12\ref\net10.0\Microsoft.VisualBasic.Core.dll" /reference:"C:\Program Files\dotnet\packs\Microsoft.NETCore.App.Ref\10.0.12\ref\net10.0\Microsoft.VisualBasic.dll" /reference:"C:\Program Files\dotnet\packs\Microsoft.NETCore.App.Ref\10.0.12\ref\net10.0\Microsoft.Win32.Primitives.dll" /reference:"C:\Program Files\dotnet\packs\Microsoft.NETCore.App.Ref\10.0.12\ref\net10.0\Microsoft.Win32.Registry.dll" /reference:"C:\Program Files\dotnet\packs\Microsoft.NETCore.App.Ref\10.0.12\ref\net10.0\mscorlib.dll" /reference:"C:\Program Files\dotnet\packs\Microsoft.NETCore.App.Ref\10.0.12\ref\net10.0\netstandard.dll" /reference:C:\Users\abiem\.nuget\packages\sqlitepclraw.bundle_e_sqlite3\2.1.12\lib\netstandard2.0\SQLitePCLRaw.batteries_v2.dll /reference:C:\Users\abiem\.nuget\packages\sqlitepclraw.core\2.1.12\lib\netstandard2.0\SQLitePCLRaw.core.dll /reference:C:\Users\abiem\.nuget\packages\sqlitepclraw.provider.e_sqlite3\2.1.12\lib\net6.0\SQLitePCLRaw.provider.e_sqlite3.dll /reference:"C:\Program Files\dotnet\packs\Microsoft.NETCore.App.Ref\10.0.12\ref\net10.0\System.AppContext.dll" /reference:"C:\Program Files\dotnet\packs\Microsoft.NETCore.App.Ref\10.0.12\ref\net10.0\System.Buffers.dll" /reference:"C:\Program Files\dotnet\packs\Microsoft.NETCore.App.Ref\10.0.12\ref\net10.0\System.Collections.Concurrent.dll" /reference:"C:\Program Files\dotnet\packs\Microsoft.NETCore.App.Ref\10.0.12\ref\net10.0\System.Collections.dll" /reference:"C:\Program Files\dotnet\packs\Microsoft.NETCore.App.Ref\10.0.12\ref\net10.0\System.Collections.Immutable.dll" /reference:"C:\Program Files\dotnet\packs\Microsoft.NETCore.App.Ref\10.0.12\ref\net10.0\System.Collections.NonGeneric.dll" /reference:"C:\Program Files\dotnet\packs\Microsoft.NETCore.App.Ref\10.0.12\ref\net10.0\System.Collections.Specialized.dll" /reference:"C:\Program Files\dotnet\packs\Microsoft.NETCore.App.Ref\10.0.12\ref\net10.0\System.ComponentModel.Annotations.dll" /reference:"C:\Program Files\dotnet\packs\Microsoft.NETCore.App.Ref\10.0.12\ref\net10.0\System.ComponentModel.DataAnnotations.dll" /reference:"C:\Program Files\dotnet\packs\Microsoft.NETCore.App.Ref\10.0.12\ref\net10.0\System.ComponentModel.dll" /reference:"C:\Program Files\dotnet\packs\Microsoft.NETCore.App.Ref\10.0.12\ref\net10.0\System.ComponentModel.EventBasedAsync.dll" /reference:"C:\Program Files\dotnet\packs\Microsoft.NETCore.App.Ref\10.0.12\ref\net10.0\System.ComponentModel.Primitives.dll" /reference:"C:\Program Files\dotnet\packs\Microsoft.NETCore.App.Ref\10.0.12\ref\net10.0\System.ComponentModel.TypeConverter.dll" /reference:"C:\Program Files\dotnet\packs\Microsoft.NETCore.App.Ref\10.0.12\ref\net10.0\System.Configuration.dll" /reference:"C:\Program Files\dotnet\packs\Microsoft.NETCore.App.Ref\10.0.12\ref\net10.0\System.Console.dll" /reference:"C:\Program Files\dotnet\packs\Microsoft.NETCore.App.Ref\10.0.12\ref\net10.0\System.Core.dll" /reference:"C:\Program Files\dotnet\packs\Microsoft.NETCore.App.Ref\10.0.12\ref\net10.0\System.Data.Common.dll" /reference:"C:\Program Files\dotnet\packs\Microsoft.NETCore.App.Ref\10.0.12\ref\net10.0\System.Data.DataSetExtensions.dll" /reference:"C:\Program Files\dotnet\packs\Microsoft.NETCore.App.Ref\10.0.12\ref\net10.0\System.Data.dll" /reference:"C:\Program Files\dotnet\packs\Microsoft.NETCore.App.Ref\10.0.12\ref\net10.0\System.Diagnostics.Contracts.dll" /reference:"C:\Program Files\dotnet\packs\Microsoft.NETCore.App.Ref\10.0.12\ref\net10.0\System.Diagnostics.Debug.dll" /reference:"C:\Program Files\dotnet\packs\Microsoft.NETCore.App.Ref\10.0.12\ref\net10.0\System.Diagnostics.DiagnosticSource.dll" /reference:"C:\Program Files\dotnet\packs\Microsoft.NETCore.App.Ref\10.0.12\ref\net10.0\System.Diagnostics.FileVersionInfo.dll" /reference:"C:\Program Files\dotnet\packs\Microsoft.NETCore.App.Ref\10.0.12\ref\net10.0\System.Diagnostics.Process.dll" /reference:"C:\Program Files\dotnet\packs\Microsoft.NETCore.App.Ref\10.0.12\ref\net10.0\System.Diagnostics.StackTrace.dll" /reference:"C:\Program Files\dotnet\packs\Microsoft.NETCore.App.Ref\10.0.12\ref\net10.0\System.Diagnostics.TextWriterTraceListener.dll" /reference:"C:\Program Files\dotnet\packs\Microsoft.NETCore.App.Ref\10.0.12\ref\net10.0\System.Diagnostics.Tools.dll" /reference:"C:\Program Files\dotnet\packs\Microsoft.NETCore.App.Ref\10.0.12\ref\net10.0\System.Diagnostics.TraceSource.dll" /reference:"C:\Program Files\dotnet\packs\Microsoft.NETCore.App.Ref\10.0.12\ref\net10.0\System.Diagnostics.Tracing.dll" /reference:"C:\Program Files\dotnet\packs\Microsoft.NETCore.App.Ref\10.0.12\ref\net10.0\System.dll" /reference:"C:\Program Files\dotnet\packs\Microsoft.NETCore.App.Ref\10.0.12\ref\net10.0\System.Drawing.dll" /reference:"C:\Program Files\dotnet\packs\Microsoft.NETCore.App.Ref\10.0.12\ref\net10.0\System.Drawing.Primitives.dll" /reference:"C:\Program Files\dotnet\packs\Microsoft.NETCore.App.Ref\10.0.12\ref\net10.0\System.Dynamic.Runtime.dll" /reference:"C:\Program Files\dotnet\packs\Microsoft.NETCore.App.Ref\10.0.12\ref\net10.0\System.Formats.Asn1.dll" /reference:"C:\Program Files\dotnet\packs\Microsoft.NETCore.App.Ref\10.0.12\ref\net10.0\System.Formats.Tar.dll" /reference:"C:\Program Files\dotnet\packs\Microsoft.NETCore.App.Ref\10.0.12\ref\net10.0\System.Globalization.Calendars.dll" /reference:"C:\Program Files\dotnet\packs\Microsoft.NETCore.App.Ref\10.0.12\ref\net10.0\System.Globalization.dll" /reference:"C:\Program Files\dotnet\packs\Microsoft.NETCore.App.Ref\10.0.12\ref\net10.0\System.Globalization.Extensions.dll" /reference:"C:\Program Files\dotnet\packs\Microsoft.NETCore.App.Ref\10.0.12\ref\net10.0\System.IO.Compression.Brotli.dll" /reference:"C:\Program Files\dotnet\packs\Microsoft.NETCore.App.Ref\10.0.12\ref\net10.0\System.IO.Compression.dll" /reference:"C:\Program Files\dotnet\packs\Microsoft.NETCore.App.Ref\10.0.12\ref\net10.0\System.IO.Compression.FileSystem.dll" /reference:"C:\Program Files\dotnet\packs\Microsoft.NETCore.App.Ref\10.0.12\ref\net10.0\System.IO.Compression.ZipFile.dll" /reference:"C:\Program Files\dotnet\packs\Microsoft.NETCore.App.Ref\10.0.12\ref\net10.0\System.IO.dll" /reference:"C:\Program Files\dotnet\packs\Microsoft.NETCore.App.Ref\10.0.12\ref\net10.0\System.IO.FileSystem.AccessControl.dll" /reference:"C:\Program Files\dotnet\packs\Microsoft.NETCore.App.Ref\10.0.12\ref\net10.0\System.IO.FileSystem.dll" /reference:"C:\Program Files\dotnet\packs\Microsoft.NETCore.App.Ref\10.0.12\ref\net10.0\System.IO.FileSystem.DriveInfo.dll" /reference:"C:\Program Files\dotnet\packs\Microsoft.NETCore.App.Ref\10.0.12\ref\net10.0\System.IO.FileSystem.Primitives.dll" /reference:"C:\Program Files\dotnet\packs\Microsoft.NETCore.App.Ref\10.0.12\ref\net10.0\System.IO.FileSystem.Watcher.dll" /reference:"C:\Program Files\dotnet\packs\Microsoft.NETCore.App.Ref\10.0.12\ref\net10.0\System.IO.IsolatedStorage.dll" /reference:"C:\Program Files\dotnet\packs\Microsoft.NETCore.App.Ref\10.0.12\ref\net10.0\System.IO.MemoryMappedFiles.dll" /reference:"C:\Program Files\dotnet\packs\Microsoft.NETCore.App.Ref\10.0.12\ref\net10.0\System.IO.Pipelines.dll" /reference:"C:\Program Files\dotnet\packs\Microsoft.NETCore.App.Ref\10.0.12\ref\net10.0\System.IO.Pipes.AccessControl.dll" /reference:"C:\Program Files\dotnet\packs\Microsoft.NETCore.App.Ref\10.0.12\ref\net10.0\System.IO.Pipes.dll" /reference:"C:\Program Files\dotnet\packs\Microsoft.NETCore.App.Ref\10.0.12\ref\net10.0\System.IO.UnmanagedMemoryStream.dll" /reference:"C:\Program Files\dotnet\packs\Microsoft.NETCore.App.Ref\10.0.12\ref\net10.0\System.Linq.AsyncEnumerable.dll" /reference:"C:\Program Files\dotnet\packs\Microsoft.NETCore.App.Ref\10.0.12\ref\net10.0\System.Linq.dll" /reference:"C:\Program Files\dotnet\packs\Microsoft.NETCore.App.Ref\10.0.12\ref\net10.0\System.Linq.Expressions.dll" /reference:"C:\Program Files\dotnet\packs\Microsoft.NETCore.App.Ref\10.0.12\ref\net10.0\System.Linq.Parallel.dll" /reference:"C:\Program Files\dotnet\packs\Microsoft.NETCore.App.Ref\10.0.12\ref\net10.0\System.Linq.Queryable.dll" /reference:"C:\Program Files\dotnet\packs\Microsoft.NETCore.App.Ref\10.0.12\ref\net10.0\System.Memory.dll" /reference:"C:\Program Files\dotnet\packs\Microsoft.NETCore.App.Ref\10.0.12\ref\net10.0\System.Net.dll" /reference:"C:\Program Files\dotnet\packs\Microsoft.NETCore.App.Ref\10.0.12\ref\net10.0\System.Net.Http.dll" /reference:"C:\Program Files\dotnet\packs\Microsoft.NETCore.App.Ref\10.0.12\ref\net10.0\System.Net.Http.Json.dll" /reference:"C:\Program Files\dotnet\packs\Microsoft.NETCore.App.Ref\10.0.12\ref\net10.0\System.Net.HttpListener.dll" /reference:"C:\Program Files\dotnet\packs\Microsoft.NETCore.App.Ref\10.0.12\ref\net10.0\System.Net.Mail.dll" /reference:"C:\Program Files\dotnet\packs\Microsoft.NETCore.App.Ref\10.0.12\ref\net10.0\System.Net.NameResolution.dll" /reference:"C:\Program Files\dotnet\packs\Microsoft.NETCore.App.Ref\10.0.12\ref\net10.0\System.Net.NetworkInformation.dll" /reference:"C:\Program Files\dotnet\packs\Microsoft.NETCore.App.Ref\10.0.12\ref\net10.0\System.Net.Ping.dll" /reference:"C:\Program Files\dotnet\packs\Microsoft.NETCore.App.Ref\10.0.12\ref\net10.0\System.Net.Primitives.dll" /reference:"C:\Program Files\dotnet\packs\Microsoft.NETCore.App.Ref\10.0.12\ref\net10.0\System.Net.Quic.dll" /reference:"C:\Program Files\dotnet\packs\Microsoft.NETCore.App.Ref\10.0.12\ref\net10.0\System.Net.Requests.dll" /reference:"C:\Program Files\dotnet\packs\Microsoft.NETCore.App.Ref\10.0.12\ref\net10.0\System.Net.Security.dll" /reference:"C:\Program Files\dotnet\packs\Microsoft.NETCore.App.Ref\10.0.12\ref\net10.0\System.Net.ServerSentEvents.dll" /reference:"C:\Program Files\dotnet\packs\Microsoft.NETCore.App.Ref\10.0.12\ref\net10.0\System.Net.ServicePoint.dll" /reference:"C:\Program Files\dotnet\packs\Microsoft.NETCore.App.Ref\10.0.12\ref\net10.0\System.Net.Sockets.dll" /reference:"C:\Program Files\dotnet\packs\Microsoft.NETCore.App.Ref\10.0.12\ref\net10.0\System.Net.WebClient.dll" /reference:"C:\Program Files\dotnet\packs\Microsoft.NETCore.App.Ref\10.0.12\ref\net10.0\System.Net.WebHeaderCollection.dll" /reference:"C:\Program Files\dotnet\packs\Microsoft.NETCore.App.Ref\10.0.12\ref\net10.0\System.Net.WebProxy.dll" /reference:"C:\Program Files\dotnet\packs\Microsoft.NETCore.App.Ref\10.0.12\ref\net10.0\System.Net.WebSockets.Client.dll" /reference:"C:\Program Files\dotnet\packs\Microsoft.NETCore.App.Ref\10.0.12\ref\net10.0\System.Net.WebSockets.dll" /reference:"C:\Program Files\dotnet\packs\Microsoft.NETCore.App.Ref\10.0.12\ref\net10.0\System.Numerics.dll" /reference:"C:\Program Files\dotnet\packs\Microsoft.NETCore.App.Ref\10.0.12\ref\net10.0\System.Numerics.Vectors.dll" /reference:"C:\Program Files\dotnet\packs\Microsoft.NETCore.App.Ref\10.0.12\ref\net10.0\System.ObjectModel.dll" /reference:"C:\Program Files\dotnet\packs\Microsoft.NETCore.App.Ref\10.0.12\ref\net10.0\System.Reflection.DispatchProxy.dll" /reference:"C:\Program Files\dotnet\packs\Microsoft.NETCore.App.Ref\10.0.12\ref\net10.0\System.Reflection.dll" /reference:"C:\Program Files\dotnet\packs\Microsoft.NETCore.App.Ref\10.0.12\ref\net10.0\System.Reflection.Emit.dll" /reference:"C:\Program Files\dotnet\packs\Microsoft.NETCore.App.Ref\10.0.12\ref\net10.0\System.Reflection.Emit.ILGeneration.dll" /reference:"C:\Program Files\dotnet\packs\Microsoft.NETCore.App.Ref\10.0.12\ref\net10.0\System.Reflection.Emit.Lightweight.dll" /reference:"C:\Program Files\dotnet\packs\Microsoft.NETCore.App.Ref\10.0.12\ref\net10.0\System.Reflection.Extensions.dll" /reference:"C:\Program Files\dotnet\packs\Microsoft.NETCore.App.Ref\10.0.12\ref\net10.0\System.Reflection.Metadata.dll" /reference:"C:\Program Files\dotnet\packs\Microsoft.NETCore.App.Ref\10.0.12\ref\net10.0\System.Reflection.Primitives.dll" /reference:"C:\Program Files\dotnet\packs\Microsoft.NETCore.App.Ref\10.0.12\ref\net10.0\System.Reflection.TypeExtensions.dll" /reference:"C:\Program Files\dotnet\packs\Microsoft.NETCore.App.Ref\10.0.12\ref\net10.0\System.Resources.Reader.dll" /reference:"C:\Program Files\dotnet\packs\Microsoft.NETCore.App.Ref\10.0.12\ref\net10.0\System.Resources.ResourceManager.dll" /reference:"C:\Program Files\dotnet\packs\Microsoft.NETCore.App.Ref\10.0.12\ref\net10.0\System.Resources.Writer.dll" /reference:"C:\Program Files\dotnet\packs\Microsoft.NETCore.App.Ref\10.0.12\ref\net10.0\System.Runtime.CompilerServices.Unsafe.dll" /reference:"C:\Program Files\dotnet\packs\Microsoft.NETCore.App.Ref\10.0.12\ref\net10.0\System.Runtime.CompilerServices.VisualC.dll" /reference:"C:\Program Files\dotnet\packs\Microsoft.NETCore.App.Ref\10.0.12\ref\net10.0\System.Runtime.dll" /reference:"C:\Program Files\dotnet\packs\Microsoft.NETCore.App.Ref\10.0.12\ref\net10.0\System.Runtime.Extensions.dll" /reference:"C:\Program Files\dotnet\packs\Microsoft.NETCore.App.Ref\10.0.12\ref\net10.0\System.Runtime.Handles.dll" /reference:"C:\Program Files\dotnet\packs\Microsoft.NETCore.App.Ref\10.0.12\ref\net10.0\System.Runtime.InteropServices.dll" /reference:"C:\Program Files\dotnet\packs\Microsoft.NETCore.App.Ref\10.0.12\ref\net10.0\System.Runtime.InteropServices.JavaScript.dll" /reference:"C:\Program Files\dotnet\packs\Microsoft.NETCore.App.Ref\10.0.12\ref\net10.0\System.Runtime.InteropServices.RuntimeInformation.dll" /reference:"C:\Program Files\dotnet\packs\Microsoft.NETCore.App.Ref\10.0.12\ref\net10.0\System.Runtime.Intrinsics.dll" /reference:"C:\Program Files\dotnet\packs\Microsoft.NETCore.App.Ref\10.0.12\ref\net10.0\System.Runtime.Loader.dll" /reference:"C:\Program Files\dotnet\packs\Microsoft.NETCore.App.Ref\10.0.12\ref\net10.0\System.Runtime.Numerics.dll" /reference:"C:\Program Files\dotnet\packs\Microsoft.NETCore.App.Ref\10.0.12\ref\net10.0\System.Runtime.Serialization.dll" /reference:"C:\Program Files\dotnet\packs\Microsoft.NETCore.App.Ref\10.0.12\ref\net10.0\System.Runtime.Serialization.Formatters.dll" /reference:"C:\Program Files\dotnet\packs\Microsoft.NETCore.App.Ref\10.0.12\ref\net10.0\System.Runtime.Serialization.Json.dll" /reference:"C:\Program Files\dotnet\packs\Microsoft.NETCore.App.Ref\10.0.12\ref\net10.0\System.Runtime.Serialization.Primitives.dll" /reference:"C:\Program Files\dotnet\packs\Microsoft.NETCore.App.Ref\10.0.12\ref\net10.0\System.Runtime.Serialization.Xml.dll" /reference:"C:\Program Files\dotnet\packs\Microsoft.NETCore.App.Ref\10.0.12\ref\net10.0\System.Security.AccessControl.dll" /reference:"C:\Program Files\dotnet\packs\Microsoft.NETCore.App.Ref\10.0.12\ref\net10.0\System.Security.Claims.dll" /reference:"C:\Program Files\dotnet\packs\Microsoft.NETCore.App.Ref\10.0.12\ref\net10.0\System.Security.Cryptography.Algorithms.dll" /reference:"C:\Program Files\dotnet\packs\Microsoft.NETCore.App.Ref\10.0.12\ref\net10.0\System.Security.Cryptography.Cng.dll" /reference:"C:\Program Files\dotnet\packs\Microsoft.NETCore.App.Ref\10.0.12\ref\net10.0\System.Security.Cryptography.Csp.dll" /reference:"C:\Program Files\dotnet\packs\Microsoft.NETCore.App.Ref\10.0.12\ref\net10.0\System.Security.Cryptography.dll" /reference:"C:\Program Files\dotnet\packs\Microsoft.NETCore.App.Ref\10.0.12\ref\net10.0\System.Security.Cryptography.Encoding.dll" /reference:"C:\Program Files\dotnet\packs\Microsoft.NETCore.App.Ref\10.0.12\ref\net10.0\System.Security.Cryptography.OpenSsl.dll" /reference:"C:\Program Files\dotnet\packs\Microsoft.NETCore.App.Ref\10.0.12\ref\net10.0\System.Security.Cryptography.Primitives.dll" /reference:C:\Users\abiem\.nuget\packages\system.security.cryptography.protecteddata\10.0.12\lib\net10.0\System.Security.Cryptography.ProtectedData.dll /reference:"C:\Program Files\dotnet\packs\Microsoft.NETCore.App.Ref\10.0.12\ref\net10.0\System.Security.Cryptography.X509Certificates.dll" /reference:"C:\Program Files\dotnet\packs\Microsoft.NETCore.App.Ref\10.0.12\ref\net10.0\System.Security.dll" /reference:"C:\Program Files\dotnet\packs\Microsoft.NETCore.App.Ref\10.0.12\ref\net10.0\System.Security.Principal.dll" /reference:"C:\Program Files\dotnet\packs\Microsoft.NETCore.App.Ref\10.0.12\ref\net10.0\System.Security.Principal.Windows.dll" /reference:"C:\Program Files\dotnet\packs\Microsoft.NETCore.App.Ref\10.0.12\ref\net10.0\System.Security.SecureString.dll" /reference:"C:\Program Files\dotnet\packs\Microsoft.NETCore.App.Ref\10.0.12\ref\net10.0\System.ServiceModel.Web.dll" /reference:"C:\Program Files\dotnet\packs\Microsoft.NETCore.App.Ref\10.0.12\ref\net10.0\System.ServiceProcess.dll" /reference:"C:\Program Files\dotnet\packs\Microsoft.NETCore.App.Ref\10.0.12\ref\net10.0\System.Text.Encoding.CodePages.dll" /reference:"C:\Program Files\dotnet\packs\Microsoft.NETCore.App.Ref\10.0.12\ref\net10.0\System.Text.Encoding.dll" /reference:"C:\Program Files\dotnet\packs\Microsoft.NETCore.App.Ref\10.0.12\ref\net10.0\System.Text.Encoding.Extensions.dll" /reference:"C:\Program Files\dotnet\packs\Microsoft.NETCore.App.Ref\10.0.12\ref\net10.0\System.Text.Encodings.Web.dll" /reference:"C:\Program Files\dotnet\packs\Microsoft.NETCore.App.Ref\10.0.12\ref\net10.0\System.Text.Json.dll" /reference:"C:\Program Files\dotnet\packs\Microsoft.NETCore.App.Ref\10.0.12\ref\net10.0\System.Text.RegularExpressions.dll" /reference:"C:\Program Files\dotnet\packs\Microsoft.NETCore.App.Ref\10.0.12\ref\net10.0\System.Threading.AccessControl.dll" /reference:"C:\Program Files\dotnet\packs\Microsoft.NETCore.App.Ref\10.0.12\ref\net10.0\System.Threading.Channels.dll" /reference:"C:\Program Files\dotnet\packs\Microsoft.NETCore.App.Ref\10.0.12\ref\net10.0\System.Threading.dll" /reference:"C:\Program Files\dotnet\packs\Microsoft.NETCore.App.Ref\10.0.12\ref\net10.0\System.Threading.Overlapped.dll" /reference:"C:\Program Files\dotnet\packs\Microsoft.NETCore.App.Ref\10.0.12\ref\net10.0\System.Threading.Tasks.Dataflow.dll" /reference:"C:\Program Files\dotnet\packs\Microsoft.NETCore.App.Ref\10.0.12\ref\net10.0\System.Threading.Tasks.dll" /reference:"C:\Program Files\dotnet\packs\Microsoft.NETCore.App.Ref\10.0.12\ref\net10.0\System.Threading.Tasks.Extensions.dll" /reference:"C:\Program Files\dotnet\packs\Microsoft.NETCore.App.Ref\10.0.12\ref\net10.0\System.Threading.Tasks.Parallel.dll" /reference:"C:\Program Files\dotnet\packs\Microsoft.NETCore.App.Ref\10.0.12\ref\net10.0\System.Threading.Thread.dll" /reference:"C:\Program Files\dotnet\packs\Microsoft.NETCore.App.Ref\10.0.12\ref\net10.0\System.Threading.ThreadPool.dll" /reference:"C:\Program Files\dotnet\packs\Microsoft.NETCore.App.Ref\10.0.12\ref\net10.0\System.Threading.Timer.dll" /reference:"C:\Program Files\dotnet\packs\Microsoft.NETCore.App.Ref\10.0.12\ref\net10.0\System.Transactions.dll" /reference:"C:\Program Files\dotnet\packs\Microsoft.NETCore.App.Ref\10.0.12\ref\net10.0\System.Transactions.Local.dll" /reference:"C:\Program Files\dotnet\packs\Microsoft.NETCore.App.Ref\10.0.12\ref\net10.0\System.ValueTuple.dll" /reference:"C:\Program Files\dotnet\packs\Microsoft.NETCore.App.Ref\10.0.12\ref\net10.0\System.Web.dll" /reference:"C:\Program Files\dotnet\packs\Microsoft.NETCore.App.Ref\10.0.12\ref\net10.0\System.Web.HttpUtility.dll" /reference:"C:\Program Files\dotnet\packs\Microsoft.NETCore.App.Ref\10.0.12\ref\net10.0\System.Windows.dll" /reference:"C:\Program Files\dotnet\packs\Microsoft.NETCore.App.Ref\10.0.12\ref\net10.0\System.Xml.dll" /reference:"C:\Program Files\dotnet\packs\Microsoft.NETCore.App.Ref\10.0.12\ref\net10.0\System.Xml.Linq.dll" /reference:"C:\Program Files\dotnet\packs\Microsoft.NETCore.App.Ref\10.0.12\ref\net10.0\System.Xml.ReaderWriter.dll" /reference:"C:\Program Files\dotnet\packs\Microsoft.NETCore.App.Ref\10.0.12\ref\net10.0\System.Xml.Serialization.dll" /reference:"C:\Program Files\dotnet\packs\Microsoft.NETCore.App.Ref\10.0.12\ref\net10.0\System.Xml.XDocument.dll" /reference:"C:\Program Files\dotnet\packs\Microsoft.NETCore.App.Ref\10.0.12\ref\net10.0\System.Xml.XmlDocument.dll" /reference:"C:\Program Files\dotnet\packs\Microsoft.NETCore.App.Ref\10.0.12\ref\net10.0\System.Xml.XmlSerializer.dll" /reference:"C:\Program Files\dotnet\packs\Microsoft.NETCore.App.Ref\10.0.12\ref\net10.0\System.Xml.XPath.dll" /reference:"C:\Program Files\dotnet\packs\Microsoft.NETCore.App.Ref\10.0.12\ref\net10.0\System.Xml.XPath.XDocument.dll" /reference:"C:\Program Files\dotnet\packs\Microsoft.NETCore.App.Ref\10.0.12\ref\net10.0\WindowsBase.dll" /features:"InterceptorsNamespaces=;Microsoft.Extensions.Validation.Generated" /debug- /debug:portable /filealign:512 /optimize+ /out:obj\Release\net10.0\GoldenTicket.Persistence.dll /refout:obj\Release\net10.0\refint\GoldenTicket.Persistence.dll /target:library /warnaserror- /utf8output /deterministic+ /langversion:latest /analyzerconfig:obj\Release\net10.0\GoldenTicket.Persistence.GeneratedMSBuildEditorConfig.editorconfig /analyzerconfig:"C:\Program Files\dotnet\sdk\10.0.401\Sdks\Microsoft.NET.Sdk\analyzers\build\config\analysislevel_10_default.globalconfig" /analyzer:"C:\Program Files\dotnet\sdk\10.0.401\Sdks\Microsoft.NET.Sdk\targets\..\analyzers\Microsoft.CodeAnalysis.CSharp.NetAnalyzers.dll" /analyzer:"C:\Program Files\dotnet\sdk\10.0.401\Sdks\Microsoft.NET.Sdk\targets\..\analyzers\Microsoft.CodeAnalysis.NetAnalyzers.dll" /analyzer:"C:\Program Files\dotnet\packs\Microsoft.NETCore.App.Ref\10.0.12\analyzers/dotnet/cs/Microsoft.Interop.ComInterfaceGenerator.dll" /analyzer:"C:\Program Files\dotnet\packs\Microsoft.NETCore.App.Ref\10.0.12\analyzers/dotnet/cs/Microsoft.Interop.JavaScript.JSImportGenerator.dll" /analyzer:"C:\Program Files\dotnet\packs\Microsoft.NETCore.App.Ref\10.0.12\analyzers/dotnet/cs/Microsoft.Interop.LibraryImportGenerator.dll" /analyzer:"C:\Program Files\dotnet\packs\Microsoft.NETCore.App.Ref\10.0.12\analyzers/dotnet/cs/Microsoft.Interop.SourceGeneration.dll" /analyzer:"C:\Program Files\dotnet\packs\Microsoft.NETCore.App.Ref\10.0.12\analyzers/dotnet/cs/System.Text.Json.SourceGeneration.dll" /analyzer:"C:\Program Files\dotnet\packs\Microsoft.NETCore.App.Ref\10.0.12\analyzers/dotnet/cs/System.Text.RegularExpressions.Generator.dll" EventSerializer.cs SessionEncryption.cs SqliteSessionStore.cs obj\Release\net10.0\GoldenTicket.Persistence.GlobalUsings.g.cs "obj\Release\net10.0\.NETCoreApp,Version=v10.0.AssemblyAttributes.cs" obj\Release\net10.0\GoldenTicket.Persistence.AssemblyInfo.cs /warnaserror+:NU1605,SYSLIB0011
         Compilation request GoldenTicket.Persistence (net10.0), PathToTool=C:\Program Files\dotnet\sdk\10.0.401\Roslyn\bincore\csc.exe
         CommandLine = ' /noconfig'
         BuildResponseFile = '/unsafe- /checked- /nowarn:CA1416,1701,1702,8002 /fullpaths /nostdlib+ /errorreport:prompt /warn:10 /define:TRACE;RELEASE;NET;NET10_0;NETCOREAPP;NET5_0_OR_GREATER;NET6_0_OR_GREATER;NET7_0_OR_GREATER;NET8_0_OR_GREATER;NET9_0_OR_GREATER;NET10_0_OR_GREATER;NETCOREAPP1_0_OR_GREATER;NETCOREAPP1_1_OR_GREATER;NETCOREAPP2_0_OR_GREATER;NETCOREAPP2_1_OR_GREATER;NETCOREAPP2_2_OR_GREATER;NETCOREAPP3_0_OR_GREATER;NETCOREAPP3_1_OR_GREATER /highentropyva+ /nullable:enable /reference:D:\Projects\GoldenTicket\src\GoldenTicket.Application\obj\Release\net10.0\ref\GoldenTicket.Application.dll /reference:D:\Projects\GoldenTicket\src\GoldenTicket.Domain\obj\Release\net10.0\ref\GoldenTicket.Domain.dll /reference:"C:\Program Files\dotnet\packs\Microsoft.NETCore.App.Ref\10.0.12\ref\net10.0\Microsoft.CSharp.dll" /reference:C:\Users\abiem\.nuget\packages\microsoft.data.sqlite.core\10.0.12\lib\net8.0\Microsoft.Data.Sqlite.dll /reference:"C:\Program Files\dotnet\packs\Microsoft.NETCore.App.Ref\10.0.12\ref\net10.0\Microsoft.VisualBasic.Core.dll" /reference:"C:\Program Files\dotnet\packs\Microsoft.NETCore.App.Ref\10.0.12\ref\net10.0\Microsoft.VisualBasic.dll" /reference:"C:\Program Files\dotnet\packs\Microsoft.NETCore.App.Ref\10.0.12\ref\net10.0\Microsoft.Win32.Primitives.dll" /reference:"C:\Program Files\dotnet\packs\Microsoft.NETCore.App.Ref\10.0.12\ref\net10.0\Microsoft.Win32.Registry.dll" /reference:"C:\Program Files\dotnet\packs\Microsoft.NETCore.App.Ref\10.0.12\ref\net10.0\mscorlib.dll" /reference:"C:\Program Files\dotnet\packs\Microsoft.NETCore.App.Ref\10.0.12\ref\net10.0\netstandard.dll" /reference:C:\Users\abiem\.nuget\packages\sqlitepclraw.bundle_e_sqlite3\2.1.12\lib\netstandard2.0\SQLitePCLRaw.batteries_v2.dll /reference:C:\Users\abiem\.nuget\packages\sqlitepclraw.core\2.1.12\lib\netstandard2.0\SQLitePCLRaw.core.dll /reference:C:\Users\abiem\.nuget\packages\sqlitepclraw.provider.e_sqlite3\2.1.12\lib\net6.0\SQLitePCLRaw.provider.e_sqlite3.dll /reference:"C:\Program Files\dotnet\packs\Microsoft.NETCore.App.Ref\10.0.12\ref\net10.0\System.AppContext.dll" /reference:"C:\Program Files\dotnet\packs\Microsoft.NETCore.App.Ref\10.0.12\ref\net10.0\System.Buffers.dll" /reference:"C:\Program Files\dotnet\packs\Microsoft.NETCore.App.Ref\10.0.12\ref\net10.0\System.Collections.Concurrent.dll" /reference:"C:\Program Files\dotnet\packs\Microsoft.NETCore.App.Ref\10.0.12\ref\net10.0\System.Collections.dll" /reference:"C:\Program Files\dotnet\packs\Microsoft.NETCore.App.Ref\10.0.12\ref\net10.0\System.Collections.Immutable.dll" /reference:"C:\Program Files\dotnet\packs\Microsoft.NETCore.App.Ref\10.0.12\ref\net10.0\System.Collections.NonGeneric.dll" /reference:"C:\Program Files\dotnet\packs\Microsoft.NETCore.App.Ref\10.0.12\ref\net10.0\System.Collections.Specialized.dll" /reference:"C:\Program Files\dotnet\packs\Microsoft.NETCore.App.Ref\10.0.12\ref\net10.0\System.ComponentModel.Annotations.dll" /reference:"C:\Program Files\dotnet\packs\Microsoft.NETCore.App.Ref\10.0.12\ref\net10.0\System.ComponentModel.DataAnnotations.dll" /reference:"C:\Program Files\dotnet\packs\Microsoft.NETCore.App.Ref\10.0.12\ref\net10.0\System.ComponentModel.dll" /reference:"C:\Program Files\dotnet\packs\Microsoft.NETCore.App.Ref\10.0.12\ref\net10.0\System.ComponentModel.EventBasedAsync.dll" /reference:"C:\Program Files\dotnet\packs\Microsoft.NETCore.App.Ref\10.0.12\ref\net10.0\System.ComponentModel.Primitives.dll" /reference:"C:\Program Files\dotnet\packs\Microsoft.NETCore.App.Ref\10.0.12\ref\net10.0\System.ComponentModel.TypeConverter.dll" /reference:"C:\Program Files\dotnet\packs\Microsoft.NETCore.App.Ref\10.0.12\ref\net10.0\System.Configuration.dll" /reference:"C:\Program Files\dotnet\packs\Microsoft.NETCore.App.Ref\10.0.12\ref\net10.0\System.Console.dll" /reference:"C:\Program Files\dotnet\packs\Microsoft.NETCore.App.Ref\10.0.12\ref\net10.0\System.Core.dll" /reference:"C:\Program Files\dotnet\packs\Microsoft.NETCore.App.Ref\10.0.12\ref\net10.0\System.Data.Common.dll" /reference:"C:\Program Files\dotnet\packs\Microsoft.NETCore.App.Ref\10.0.12\ref\net10.0\System.Data.DataSetExtensions.dll" /reference:"C:\Program Files\dotnet\packs\Microsoft.NETCore.App.Ref\10.0.12\ref\net10.0\System.Data.dll" /reference:"C:\Program Files\dotnet\packs\Microsoft.NETCore.App.Ref\10.0.12\ref\net10.0\System.Diagnostics.Contracts.dll" /reference:"C:\Program Files\dotnet\packs\Microsoft.NETCore.App.Ref\10.0.12\ref\net10.0\System.Diagnostics.Debug.dll" /reference:"C:\Program Files\dotnet\packs\Microsoft.NETCore.App.Ref\10.0.12\ref\net10.0\System.Diagnostics.DiagnosticSource.dll" /reference:"C:\Program Files\dotnet\packs\Microsoft.NETCore.App.Ref\10.0.12\ref\net10.0\System.Diagnostics.FileVersionInfo.dll" /reference:"C:\Program Files\dotnet\packs\Microsoft.NETCore.App.Ref\10.0.12\ref\net10.0\System.Diagnostics.Process.dll" /reference:"C:\Program Files\dotnet\packs\Microsoft.NETCore.App.Ref\10.0.12\ref\net10.0\System.Diagnostics.StackTrace.dll" /reference:"C:\Program Files\dotnet\packs\Microsoft.NETCore.App.Ref\10.0.12\ref\net10.0\System.Diagnostics.TextWriterTraceListener.dll" /reference:"C:\Program Files\dotnet\packs\Microsoft.NETCore.App.Ref\10.0.12\ref\net10.0\System.Diagnostics.Tools.dll" /reference:"C:\Program Files\dotnet\packs\Microsoft.NETCore.App.Ref\10.0.12\ref\net10.0\System.Diagnostics.TraceSource.dll" /reference:"C:\Program Files\dotnet\packs\Microsoft.NETCore.App.Ref\10.0.12\ref\net10.0\System.Diagnostics.Tracing.dll" /reference:"C:\Program Files\dotnet\packs\Microsoft.NETCore.App.Ref\10.0.12\ref\net10.0\System.dll" /reference:"C:\Program Files\dotnet\packs\Microsoft.NETCore.App.Ref\10.0.12\ref\net10.0\System.Drawing.dll" /reference:"C:\Program Files\dotnet\packs\Microsoft.NETCore.App.Ref\10.0.12\ref\net10.0\System.Drawing.Primitives.dll" /reference:"C:\Program Files\dotnet\packs\Microsoft.NETCore.App.Ref\10.0.12\ref\net10.0\System.Dynamic.Runtime.dll" /reference:"C:\Program Files\dotnet\packs\Microsoft.NETCore.App.Ref\10.0.12\ref\net10.0\System.Formats.Asn1.dll" /reference:"C:\Program Files\dotnet\packs\Microsoft.NETCore.App.Ref\10.0.12\ref\net10.0\System.Formats.Tar.dll" /reference:"C:\Program Files\dotnet\packs\Microsoft.NETCore.App.Ref\10.0.12\ref\net10.0\System.Globalization.Calendars.dll" /reference:"C:\Program Files\dotnet\packs\Microsoft.NETCore.App.Ref\10.0.12\ref\net10.0\System.Globalization.dll" /reference:"C:\Program Files\dotnet\packs\Microsoft.NETCore.App.Ref\10.0.12\ref\net10.0\System.Globalization.Extensions.dll" /reference:"C:\Program Files\dotnet\packs\Microsoft.NETCore.App.Ref\10.0.12\ref\net10.0\System.IO.Compression.Brotli.dll" /reference:"C:\Program Files\dotnet\packs\Microsoft.NETCore.App.Ref\10.0.12\ref\net10.0\System.IO.Compression.dll" /reference:"C:\Program Files\dotnet\packs\Microsoft.NETCore.App.Ref\10.0.12\ref\net10.0\System.IO.Compression.FileSystem.dll" /reference:"C:\Program Files\dotnet\packs\Microsoft.NETCore.App.Ref\10.0.12\ref\net10.0\System.IO.Compression.ZipFile.dll" /reference:"C:\Program Files\dotnet\packs\Microsoft.NETCore.App.Ref\10.0.12\ref\net10.0\System.IO.dll" /reference:"C:\Program Files\dotnet\packs\Microsoft.NETCore.App.Ref\10.0.12\ref\net10.0\System.IO.FileSystem.AccessControl.dll" /reference:"C:\Program Files\dotnet\packs\Microsoft.NETCore.App.Ref\10.0.12\ref\net10.0\System.IO.FileSystem.dll" /reference:"C:\Program Files\dotnet\packs\Microsoft.NETCore.App.Ref\10.0.12\ref\net10.0\System.IO.FileSystem.DriveInfo.dll" /reference:"C:\Program Files\dotnet\packs\Microsoft.NETCore.App.Ref\10.0.12\ref\net10.0\System.IO.FileSystem.Primitives.dll" /reference:"C:\Program Files\dotnet\packs\Microsoft.NETCore.App.Ref\10.0.12\ref\net10.0\System.IO.FileSystem.Watcher.dll" /reference:"C:\Program Files\dotnet\packs\Microsoft.NETCore.App.Ref\10.0.12\ref\net10.0\System.IO.IsolatedStorage.dll" /reference:"C:\Program Files\dotnet\packs\Microsoft.NETCore.App.Ref\10.0.12\ref\net10.0\System.IO.MemoryMappedFiles.dll" /reference:"C:\Program Files\dotnet\packs\Microsoft.NETCore.App.Ref\10.0.12\ref\net10.0\System.IO.Pipelines.dll" /reference:"C:\Program Files\dotnet\packs\Microsoft.NETCore.App.Ref\10.0.12\ref\net10.0\System.IO.Pipes.AccessControl.dll" /reference:"C:\Program Files\dotnet\packs\Microsoft.NETCore.App.Ref\10.0.12\ref\net10.0\System.IO.Pipes.dll" /reference:"C:\Program Files\dotnet\packs\Microsoft.NETCore.App.Ref\10.0.12\ref\net10.0\System.IO.UnmanagedMemoryStream.dll" /reference:"C:\Program Files\dotnet\packs\Microsoft.NETCore.App.Ref\10.0.12\ref\net10.0\System.Linq.AsyncEnumerable.dll" /reference:"C:\Program Files\dotnet\packs\Microsoft.NETCore.App.Ref\10.0.12\ref\net10.0\System.Linq.dll" /reference:"C:\Program Files\dotnet\packs\Microsoft.NETCore.App.Ref\10.0.12\ref\net10.0\System.Linq.Expressions.dll" /reference:"C:\Program Files\dotnet\packs\Microsoft.NETCore.App.Ref\10.0.12\ref\net10.0\System.Linq.Parallel.dll" /reference:"C:\Program Files\dotnet\packs\Microsoft.NETCore.App.Ref\10.0.12\ref\net10.0\System.Linq.Queryable.dll" /reference:"C:\Program Files\dotnet\packs\Microsoft.NETCore.App.Ref\10.0.12\ref\net10.0\System.Memory.dll" /reference:"C:\Program Files\dotnet\packs\Microsoft.NETCore.App.Ref\10.0.12\ref\net10.0\System.Net.dll" /reference:"C:\Program Files\dotnet\packs\Microsoft.NETCore.App.Ref\10.0.12\ref\net10.0\System.Net.Http.dll" /reference:"C:\Program Files\dotnet\packs\Microsoft.NETCore.App.Ref\10.0.12\ref\net10.0\System.Net.Http.Json.dll" /reference:"C:\Program Files\dotnet\packs\Microsoft.NETCore.App.Ref\10.0.12\ref\net10.0\System.Net.HttpListener.dll" /reference:"C:\Program Files\dotnet\packs\Microsoft.NETCore.App.Ref\10.0.12\ref\net10.0\System.Net.Mail.dll" /reference:"C:\Program Files\dotnet\packs\Microsoft.NETCore.App.Ref\10.0.12\ref\net10.0\System.Net.NameResolution.dll" /reference:"C:\Program Files\dotnet\packs\Microsoft.NETCore.App.Ref\10.0.12\ref\net10.0\System.Net.NetworkInformation.dll" /reference:"C:\Program Files\dotnet\packs\Microsoft.NETCore.App.Ref\10.0.12\ref\net10.0\System.Net.Ping.dll" /reference:"C:\Program Files\dotnet\packs\Microsoft.NETCore.App.Ref\10.0.12\ref\net10.0\System.Net.Primitives.dll" /reference:"C:\Program Files\dotnet\packs\Microsoft.NETCore.App.Ref\10.0.12\ref\net10.0\System.Net.Quic.dll" /reference:"C:\Program Files\dotnet\packs\Microsoft.NETCore.App.Ref\10.0.12\ref\net10.0\System.Net.Requests.dll" /reference:"C:\Program Files\dotnet\packs\Microsoft.NETCore.App.Ref\10.0.12\ref\net10.0\System.Net.Security.dll" /reference:"C:\Program Files\dotnet\packs\Microsoft.NETCore.App.Ref\10.0.12\ref\net10.0\System.Net.ServerSentEvents.dll" /reference:"C:\Program Files\dotnet\packs\Microsoft.NETCore.App.Ref\10.0.12\ref\net10.0\System.Net.ServicePoint.dll" /reference:"C:\Program Files\dotnet\packs\Microsoft.NETCore.App.Ref\10.0.12\ref\net10.0\System.Net.Sockets.dll" /reference:"C:\Program Files\dotnet\packs\Microsoft.NETCore.App.Ref\10.0.12\ref\net10.0\System.Net.WebClient.dll" /reference:"C:\Program Files\dotnet\packs\Microsoft.NETCore.App.Ref\10.0.12\ref\net10.0\System.Net.WebHeaderCollection.dll" /reference:"C:\Program Files\dotnet\packs\Microsoft.NETCore.App.Ref\10.0.12\ref\net10.0\System.Net.WebProxy.dll" /reference:"C:\Program Files\dotnet\packs\Microsoft.NETCore.App.Ref\10.0.12\ref\net10.0\System.Net.WebSockets.Client.dll" /reference:"C:\Program Files\dotnet\packs\Microsoft.NETCore.App.Ref\10.0.12\ref\net10.0\System.Net.WebSockets.dll" /reference:"C:\Program Files\dotnet\packs\Microsoft.NETCore.App.Ref\10.0.12\ref\net10.0\System.Numerics.dll" /reference:"C:\Program Files\dotnet\packs\Microsoft.NETCore.App.Ref\10.0.12\ref\net10.0\System.Numerics.Vectors.dll" /reference:"C:\Program Files\dotnet\packs\Microsoft.NETCore.App.Ref\10.0.12\ref\net10.0\System.ObjectModel.dll" /reference:"C:\Program Files\dotnet\packs\Microsoft.NETCore.App.Ref\10.0.12\ref\net10.0\System.Reflection.DispatchProxy.dll" /reference:"C:\Program Files\dotnet\packs\Microsoft.NETCore.App.Ref\10.0.12\ref\net10.0\System.Reflection.dll" /reference:"C:\Program Files\dotnet\packs\Microsoft.NETCore.App.Ref\10.0.12\ref\net10.0\System.Reflection.Emit.dll" /reference:"C:\Program Files\dotnet\packs\Microsoft.NETCore.App.Ref\10.0.12\ref\net10.0\System.Reflection.Emit.ILGeneration.dll" /reference:"C:\Program Files\dotnet\packs\Microsoft.NETCore.App.Ref\10.0.12\ref\net10.0\System.Reflection.Emit.Lightweight.dll" /reference:"C:\Program Files\dotnet\packs\Microsoft.NETCore.App.Ref\10.0.12\ref\net10.0\System.Reflection.Extensions.dll" /reference:"C:\Program Files\dotnet\packs\Microsoft.NETCore.App.Ref\10.0.12\ref\net10.0\System.Reflection.Metadata.dll" /reference:"C:\Program Files\dotnet\packs\Microsoft.NETCore.App.Ref\10.0.12\ref\net10.0\System.Reflection.Primitives.dll" /reference:"C:\Program Files\dotnet\packs\Microsoft.NETCore.App.Ref\10.0.12\ref\net10.0\System.Reflection.TypeExtensions.dll" /reference:"C:\Program Files\dotnet\packs\Microsoft.NETCore.App.Ref\10.0.12\ref\net10.0\System.Resources.Reader.dll" /reference:"C:\Program Files\dotnet\packs\Microsoft.NETCore.App.Ref\10.0.12\ref\net10.0\System.Resources.ResourceManager.dll" /reference:"C:\Program Files\dotnet\packs\Microsoft.NETCore.App.Ref\10.0.12\ref\net10.0\System.Resources.Writer.dll" /reference:"C:\Program Files\dotnet\packs\Microsoft.NETCore.App.Ref\10.0.12\ref\net10.0\System.Runtime.CompilerServices.Unsafe.dll" /reference:"C:\Program Files\dotnet\packs\Microsoft.NETCore.App.Ref\10.0.12\ref\net10.0\System.Runtime.CompilerServices.VisualC.dll" /reference:"C:\Program Files\dotnet\packs\Microsoft.NETCore.App.Ref\10.0.12\ref\net10.0\System.Runtime.dll" /reference:"C:\Program Files\dotnet\packs\Microsoft.NETCore.App.Ref\10.0.12\ref\net10.0\System.Runtime.Extensions.dll" /reference:"C:\Program Files\dotnet\packs\Microsoft.NETCore.App.Ref\10.0.12\ref\net10.0\System.Runtime.Handles.dll" /reference:"C:\Program Files\dotnet\packs\Microsoft.NETCore.App.Ref\10.0.12\ref\net10.0\System.Runtime.InteropServices.dll" /reference:"C:\Program Files\dotnet\packs\Microsoft.NETCore.App.Ref\10.0.12\ref\net10.0\System.Runtime.InteropServices.JavaScript.dll" /reference:"C:\Program Files\dotnet\packs\Microsoft.NETCore.App.Ref\10.0.12\ref\net10.0\System.Runtime.InteropServices.RuntimeInformation.dll" /reference:"C:\Program Files\dotnet\packs\Microsoft.NETCore.App.Ref\10.0.12\ref\net10.0\System.Runtime.Intrinsics.dll" /reference:"C:\Program Files\dotnet\packs\Microsoft.NETCore.App.Ref\10.0.12\ref\net10.0\System.Runtime.Loader.dll" /reference:"C:\Program Files\dotnet\packs\Microsoft.NETCore.App.Ref\10.0.12\ref\net10.0\System.Runtime.Numerics.dll" /reference:"C:\Program Files\dotnet\packs\Microsoft.NETCore.App.Ref\10.0.12\ref\net10.0\System.Runtime.Serialization.dll" /reference:"C:\Program Files\dotnet\packs\Microsoft.NETCore.App.Ref\10.0.12\ref\net10.0\System.Runtime.Serialization.Formatters.dll" /reference:"C:\Program Files\dotnet\packs\Microsoft.NETCore.App.Ref\10.0.12\ref\net10.0\System.Runtime.Serialization.Json.dll" /reference:"C:\Program Files\dotnet\packs\Microsoft.NETCore.App.Ref\10.0.12\ref\net10.0\System.Runtime.Serialization.Primitives.dll" /reference:"C:\Program Files\dotnet\packs\Microsoft.NETCore.App.Ref\10.0.12\ref\net10.0\System.Runtime.Serialization.Xml.dll" /reference:"C:\Program Files\dotnet\packs\Microsoft.NETCore.App.Ref\10.0.12\ref\net10.0\System.Security.AccessControl.dll" /reference:"C:\Program Files\dotnet\packs\Microsoft.NETCore.App.Ref\10.0.12\ref\net10.0\System.Security.Claims.dll" /reference:"C:\Program Files\dotnet\packs\Microsoft.NETCore.App.Ref\10.0.12\ref\net10.0\System.Security.Cryptography.Algorithms.dll" /reference:"C:\Program Files\dotnet\packs\Microsoft.NETCore.App.Ref\10.0.12\ref\net10.0\System.Security.Cryptography.Cng.dll" /reference:"C:\Program Files\dotnet\packs\Microsoft.NETCore.App.Ref\10.0.12\ref\net10.0\System.Security.Cryptography.Csp.dll" /reference:"C:\Program Files\dotnet\packs\Microsoft.NETCore.App.Ref\10.0.12\ref\net10.0\System.Security.Cryptography.dll" /reference:"C:\Program Files\dotnet\packs\Microsoft.NETCore.App.Ref\10.0.12\ref\net10.0\System.Security.Cryptography.Encoding.dll" /reference:"C:\Program Files\dotnet\packs\Microsoft.NETCore.App.Ref\10.0.12\ref\net10.0\System.Security.Cryptography.OpenSsl.dll" /reference:"C:\Program Files\dotnet\packs\Microsoft.NETCore.App.Ref\10.0.12\ref\net10.0\System.Security.Cryptography.Primitives.dll" /reference:C:\Users\abiem\.nuget\packages\system.security.cryptography.protecteddata\10.0.12\lib\net10.0\System.Security.Cryptography.ProtectedData.dll /reference:"C:\Program Files\dotnet\packs\Microsoft.NETCore.App.Ref\10.0.12\ref\net10.0\System.Security.Cryptography.X509Certificates.dll" /reference:"C:\Program Files\dotnet\packs\Microsoft.NETCore.App.Ref\10.0.12\ref\net10.0\System.Security.dll" /reference:"C:\Program Files\dotnet\packs\Microsoft.NETCore.App.Ref\10.0.12\ref\net10.0\System.Security.Principal.dll" /reference:"C:\Program Files\dotnet\packs\Microsoft.NETCore.App.Ref\10.0.12\ref\net10.0\System.Security.Principal.Windows.dll" /reference:"C:\Program Files\dotnet\packs\Microsoft.NETCore.App.Ref\10.0.12\ref\net10.0\System.Security.SecureString.dll" /reference:"C:\Program Files\dotnet\packs\Microsoft.NETCore.App.Ref\10.0.12\ref\net10.0\System.ServiceModel.Web.dll" /reference:"C:\Program Files\dotnet\packs\Microsoft.NETCore.App.Ref\10.0.12\ref\net10.0\System.ServiceProcess.dll" /reference:"C:\Program Files\dotnet\packs\Microsoft.NETCore.App.Ref\10.0.12\ref\net10.0\System.Text.Encoding.CodePages.dll" /reference:"C:\Program Files\dotnet\packs\Microsoft.NETCore.App.Ref\10.0.12\ref\net10.0\System.Text.Encoding.dll" /reference:"C:\Program Files\dotnet\packs\Microsoft.NETCore.App.Ref\10.0.12\ref\net10.0\System.Text.Encoding.Extensions.dll" /reference:"C:\Program Files\dotnet\packs\Microsoft.NETCore.App.Ref\10.0.12\ref\net10.0\System.Text.Encodings.Web.dll" /reference:"C:\Program Files\dotnet\packs\Microsoft.NETCore.App.Ref\10.0.12\ref\net10.0\System.Text.Json.dll" /reference:"C:\Program Files\dotnet\packs\Microsoft.NETCore.App.Ref\10.0.12\ref\net10.0\System.Text.RegularExpressions.dll" /reference:"C:\Program Files\dotnet\packs\Microsoft.NETCore.App.Ref\10.0.12\ref\net10.0\System.Threading.AccessControl.dll" /reference:"C:\Program Files\dotnet\packs\Microsoft.NETCore.App.Ref\10.0.12\ref\net10.0\System.Threading.Channels.dll" /reference:"C:\Program Files\dotnet\packs\Microsoft.NETCore.App.Ref\10.0.12\ref\net10.0\System.Threading.dll" /reference:"C:\Program Files\dotnet\packs\Microsoft.NETCore.App.Ref\10.0.12\ref\net10.0\System.Threading.Overlapped.dll" /reference:"C:\Program Files\dotnet\packs\Microsoft.NETCore.App.Ref\10.0.12\ref\net10.0\System.Threading.Tasks.Dataflow.dll" /reference:"C:\Program Files\dotnet\packs\Microsoft.NETCore.App.Ref\10.0.12\ref\net10.0\System.Threading.Tasks.dll" /reference:"C:\Program Files\dotnet\packs\Microsoft.NETCore.App.Ref\10.0.12\ref\net10.0\System.Threading.Tasks.Extensions.dll" /reference:"C:\Program Files\dotnet\packs\Microsoft.NETCore.App.Ref\10.0.12\ref\net10.0\System.Threading.Tasks.Parallel.dll" /reference:"C:\Program Files\dotnet\packs\Microsoft.NETCore.App.Ref\10.0.12\ref\net10.0\System.Threading.Thread.dll" /reference:"C:\Program Files\dotnet\packs\Microsoft.NETCore.App.Ref\10.0.12\ref\net10.0\System.Threading.ThreadPool.dll" /reference:"C:\Program Files\dotnet\packs\Microsoft.NETCore.App.Ref\10.0.12\ref\net10.0\System.Threading.Timer.dll" /reference:"C:\Program Files\dotnet\packs\Microsoft.NETCore.App.Ref\10.0.12\ref\net10.0\System.Transactions.dll" /reference:"C:\Program Files\dotnet\packs\Microsoft.NETCore.App.Ref\10.0.12\ref\net10.0\System.Transactions.Local.dll" /reference:"C:\Program Files\dotnet\packs\Microsoft.NETCore.App.Ref\10.0.12\ref\net10.0\System.ValueTuple.dll" /reference:"C:\Program Files\dotnet\packs\Microsoft.NETCore.App.Ref\10.0.12\ref\net10.0\System.Web.dll" /reference:"C:\Program Files\dotnet\packs\Microsoft.NETCore.App.Ref\10.0.12\ref\net10.0\System.Web.HttpUtility.dll" /reference:"C:\Program Files\dotnet\packs\Microsoft.NETCore.App.Ref\10.0.12\ref\net10.0\System.Windows.dll" /reference:"C:\Program Files\dotnet\packs\Microsoft.NETCore.App.Ref\10.0.12\ref\net10.0\System.Xml.dll" /reference:"C:\Program Files\dotnet\packs\Microsoft.NETCore.App.Ref\10.0.12\ref\net10.0\System.Xml.Linq.dll" /reference:"C:\Program Files\dotnet\packs\Microsoft.NETCore.App.Ref\10.0.12\ref\net10.0\System.Xml.ReaderWriter.dll" /reference:"C:\Program Files\dotnet\packs\Microsoft.NETCore.App.Ref\10.0.12\ref\net10.0\System.Xml.Serialization.dll" /reference:"C:\Program Files\dotnet\packs\Microsoft.NETCore.App.Ref\10.0.12\ref\net10.0\System.Xml.XDocument.dll" /reference:"C:\Program Files\dotnet\packs\Microsoft.NETCore.App.Ref\10.0.12\ref\net10.0\System.Xml.XmlDocument.dll" /reference:"C:\Program Files\dotnet\packs\Microsoft.NETCore.App.Ref\10.0.12\ref\net10.0\System.Xml.XmlSerializer.dll" /reference:"C:\Program Files\dotnet\packs\Microsoft.NETCore.App.Ref\10.0.12\ref\net10.0\System.Xml.XPath.dll" /reference:"C:\Program Files\dotnet\packs\Microsoft.NETCore.App.Ref\10.0.12\ref\net10.0\System.Xml.XPath.XDocument.dll" /reference:"C:\Program Files\dotnet\packs\Microsoft.NETCore.App.Ref\10.0.12\ref\net10.0\WindowsBase.dll" /features:"InterceptorsNamespaces=;Microsoft.Extensions.Validation.Generated" /debug- /debug:portable /filealign:512 /optimize+ /out:obj\Release\net10.0\GoldenTicket.Persistence.dll /refout:obj\Release\net10.0\refint\GoldenTicket.Persistence.dll /target:library /warnaserror- /utf8output /deterministic+ /langversion:latest /analyzerconfig:obj\Release\net10.0\GoldenTicket.Persistence.GeneratedMSBuildEditorConfig.editorconfig /analyzerconfig:"C:\Program Files\dotnet\sdk\10.0.401\Sdks\Microsoft.NET.Sdk\analyzers\build\config\analysislevel_10_default.globalconfig" /analyzer:"C:\Program Files\dotnet\sdk\10.0.401\Sdks\Microsoft.NET.Sdk\targets\..\analyzers\Microsoft.CodeAnalysis.CSharp.NetAnalyzers.dll" /analyzer:"C:\Program Files\dotnet\sdk\10.0.401\Sdks\Microsoft.NET.Sdk\targets\..\analyzers\Microsoft.CodeAnalysis.NetAnalyzers.dll" /analyzer:"C:\Program Files\dotnet\packs\Microsoft.NETCore.App.Ref\10.0.12\analyzers/dotnet/cs/Microsoft.Interop.ComInterfaceGenerator.dll" /analyzer:"C:\Program Files\dotnet\packs\Microsoft.NETCore.App.Ref\10.0.12\analyzers/dotnet/cs/Microsoft.Interop.JavaScript.JSImportGenerator.dll" /analyzer:"C:\Program Files\dotnet\packs\Microsoft.NETCore.App.Ref\10.0.12\analyzers/dotnet/cs/Microsoft.Interop.LibraryImportGenerator.dll" /analyzer:"C:\Program Files\dotnet\packs\Microsoft.NETCore.App.Ref\10.0.12\analyzers/dotnet/cs/Microsoft.Interop.SourceGeneration.dll" /analyzer:"C:\Program Files\dotnet\packs\Microsoft.NETCore.App.Ref\10.0.12\analyzers/dotnet/cs/System.Text.Json.SourceGeneration.dll" /analyzer:"C:\Program Files\dotnet\packs\Microsoft.NETCore.App.Ref\10.0.12\analyzers/dotnet/cs/System.Text.RegularExpressions.Generator.dll" EventSerializer.cs SessionEncryption.cs SqliteSessionStore.cs obj\Release\net10.0\GoldenTicket.Persistence.GlobalUsings.g.cs "obj\Release\net10.0\.NETCoreApp,Version=v10.0.AssemblyAttributes.cs" obj\Release\net10.0\GoldenTicket.Persistence.AssemblyInfo.cs /warnaserror+:NU1605,SYSLIB0011'
         Attempt to open named pipe 'UGCeNc1jG8RDFJq5hw8Iu9jDUBgo+jafmeD3NdUyO_c'
         Attempt to connect named pipe 'UGCeNc1jG8RDFJq5hw8Iu9jDUBgo+jafmeD3NdUyO_c'
         Named pipe 'UGCeNc1jG8RDFJq5hw8Iu9jDUBgo+jafmeD3NdUyO_c' connected
         Begin writing request for GoldenTicket.Persistence (net10.0)
         End writing request for GoldenTicket.Persistence (net10.0)
         Begin reading response for GoldenTicket.Persistence (net10.0)
     3>_GenerateSourceLinkFile:
         Source Link is empty, file 'obj\Release\net10.0\GoldenTicket.Simulator.sourcelink.json' does not exist.
       CoreCompile:
         Setting DOTNET_ROOT to 'C:\Program Files\dotnet'
         C:\Program Files\dotnet\sdk\10.0.401\Roslyn\bincore\csc.exe /noconfig /unsafe- /checked- /nowarn:CA1416,1701,1702,8002 /fullpaths /nostdlib+ /errorreport:prompt /warn:10 /define:TRACE;RELEASE;NET;NET10_0;NETCOREAPP;NET5_0_OR_GREATER;NET6_0_OR_GREATER;NET7_0_OR_GREATER;NET8_0_OR_GREATER;NET9_0_OR_GREATER;NET10_0_OR_GREATER;NETCOREAPP1_0_OR_GREATER;NETCOREAPP1_1_OR_GREATER;NETCOREAPP2_0_OR_GREATER;NETCOREAPP2_1_OR_GREATER;NETCOREAPP2_2_OR_GREATER;NETCOREAPP3_0_OR_GREATER;NETCOREAPP3_1_OR_GREATER /highentropyva+ /nullable:enable /reference:D:\Projects\GoldenTicket\src\GoldenTicket.AI\obj\Release\net10.0\ref\GoldenTicket.AI.dll /reference:D:\Projects\GoldenTicket\src\GoldenTicket.Application\obj\Release\net10.0\ref\GoldenTicket.Application.dll /reference:D:\Projects\GoldenTicket\src\GoldenTicket.Domain\obj\Release\net10.0\ref\GoldenTicket.Domain.dll /reference:"C:\Program Files\dotnet\packs\Microsoft.NETCore.App.Ref\10.0.12\ref\net10.0\Microsoft.CSharp.dll" /reference:"C:\Program Files\dotnet\packs\Microsoft.NETCore.App.Ref\10.0.12\ref\net10.0\Microsoft.VisualBasic.Core.dll" /reference:"C:\Program Files\dotnet\packs\Microsoft.NETCore.App.Ref\10.0.12\ref\net10.0\Microsoft.VisualBasic.dll" /reference:"C:\Program Files\dotnet\packs\Microsoft.NETCore.App.Ref\10.0.12\ref\net10.0\Microsoft.Win32.Primitives.dll" /reference:"C:\Program Files\dotnet\packs\Microsoft.NETCore.App.Ref\10.0.12\ref\net10.0\Microsoft.Win32.Registry.dll" /reference:"C:\Program Files\dotnet\packs\Microsoft.NETCore.App.Ref\10.0.12\ref\net10.0\mscorlib.dll" /reference:"C:\Program Files\dotnet\packs\Microsoft.NETCore.App.Ref\10.0.12\ref\net10.0\netstandard.dll" /reference:"C:\Program Files\dotnet\packs\Microsoft.NETCore.App.Ref\10.0.12\ref\net10.0\System.AppContext.dll" /reference:"C:\Program Files\dotnet\packs\Microsoft.NETCore.App.Ref\10.0.12\ref\net10.0\System.Buffers.dll" /reference:"C:\Program Files\dotnet\packs\Microsoft.NETCore.App.Ref\10.0.12\ref\net10.0\System.Collections.Concurrent.dll" /reference:"C:\Program Files\dotnet\packs\Microsoft.NETCore.App.Ref\10.0.12\ref\net10.0\System.Collections.dll" /reference:"C:\Program Files\dotnet\packs\Microsoft.NETCore.App.Ref\10.0.12\ref\net10.0\System.Collections.Immutable.dll" /reference:"C:\Program Files\dotnet\packs\Microsoft.NETCore.App.Ref\10.0.12\ref\net10.0\System.Collections.NonGeneric.dll" /reference:"C:\Program Files\dotnet\packs\Microsoft.NETCore.App.Ref\10.0.12\ref\net10.0\System.Collections.Specialized.dll" /reference:"C:\Program Files\dotnet\packs\Microsoft.NETCore.App.Ref\10.0.12\ref\net10.0\System.ComponentModel.Annotations.dll" /reference:"C:\Program Files\dotnet\packs\Microsoft.NETCore.App.Ref\10.0.12\ref\net10.0\System.ComponentModel.DataAnnotations.dll" /reference:"C:\Program Files\dotnet\packs\Microsoft.NETCore.App.Ref\10.0.12\ref\net10.0\System.ComponentModel.dll" /reference:"C:\Program Files\dotnet\packs\Microsoft.NETCore.App.Ref\10.0.12\ref\net10.0\System.ComponentModel.EventBasedAsync.dll" /reference:"C:\Program Files\dotnet\packs\Microsoft.NETCore.App.Ref\10.0.12\ref\net10.0\System.ComponentModel.Primitives.dll" /reference:"C:\Program Files\dotnet\packs\Microsoft.NETCore.App.Ref\10.0.12\ref\net10.0\System.ComponentModel.TypeConverter.dll" /reference:"C:\Program Files\dotnet\packs\Microsoft.NETCore.App.Ref\10.0.12\ref\net10.0\System.Configuration.dll" /reference:"C:\Program Files\dotnet\packs\Microsoft.NETCore.App.Ref\10.0.12\ref\net10.0\System.Console.dll" /reference:"C:\Program Files\dotnet\packs\Microsoft.NETCore.App.Ref\10.0.12\ref\net10.0\System.Core.dll" /reference:"C:\Program Files\dotnet\packs\Microsoft.NETCore.App.Ref\10.0.12\ref\net10.0\System.Data.Common.dll" /reference:"C:\Program Files\dotnet\packs\Microsoft.NETCore.App.Ref\10.0.12\ref\net10.0\System.Data.DataSetExtensions.dll" /reference:"C:\Program Files\dotnet\packs\Microsoft.NETCore.App.Ref\10.0.12\ref\net10.0\System.Data.dll" /reference:"C:\Program Files\dotnet\packs\Microsoft.NETCore.App.Ref\10.0.12\ref\net10.0\System.Diagnostics.Contracts.dll" /reference:"C:\Program Files\dotnet\packs\Microsoft.NETCore.App.Ref\10.0.12\ref\net10.0\System.Diagnostics.Debug.dll" /reference:"C:\Program Files\dotnet\packs\Microsoft.NETCore.App.Ref\10.0.12\ref\net10.0\System.Diagnostics.DiagnosticSource.dll" /reference:"C:\Program Files\dotnet\packs\Microsoft.NETCore.App.Ref\10.0.12\ref\net10.0\System.Diagnostics.FileVersionInfo.dll" /reference:"C:\Program Files\dotnet\packs\Microsoft.NETCore.App.Ref\10.0.12\ref\net10.0\System.Diagnostics.Process.dll" /reference:"C:\Program Files\dotnet\packs\Microsoft.NETCore.App.Ref\10.0.12\ref\net10.0\System.Diagnostics.StackTrace.dll" /reference:"C:\Program Files\dotnet\packs\Microsoft.NETCore.App.Ref\10.0.12\ref\net10.0\System.Diagnostics.TextWriterTraceListener.dll" /reference:"C:\Program Files\dotnet\packs\Microsoft.NETCore.App.Ref\10.0.12\ref\net10.0\System.Diagnostics.Tools.dll" /reference:"C:\Program Files\dotnet\packs\Microsoft.NETCore.App.Ref\10.0.12\ref\net10.0\System.Diagnostics.TraceSource.dll" /reference:"C:\Program Files\dotnet\packs\Microsoft.NETCore.App.Ref\10.0.12\ref\net10.0\System.Diagnostics.Tracing.dll" /reference:"C:\Program Files\dotnet\packs\Microsoft.NETCore.App.Ref\10.0.12\ref\net10.0\System.dll" /reference:"C:\Program Files\dotnet\packs\Microsoft.NETCore.App.Ref\10.0.12\ref\net10.0\System.Drawing.dll" /reference:"C:\Program Files\dotnet\packs\Microsoft.NETCore.App.Ref\10.0.12\ref\net10.0\System.Drawing.Primitives.dll" /reference:"C:\Program Files\dotnet\packs\Microsoft.NETCore.App.Ref\10.0.12\ref\net10.0\System.Dynamic.Runtime.dll" /reference:"C:\Program Files\dotnet\packs\Microsoft.NETCore.App.Ref\10.0.12\ref\net10.0\System.Formats.Asn1.dll" /reference:"C:\Program Files\dotnet\packs\Microsoft.NETCore.App.Ref\10.0.12\ref\net10.0\System.Formats.Tar.dll" /reference:"C:\Program Files\dotnet\packs\Microsoft.NETCore.App.Ref\10.0.12\ref\net10.0\System.Globalization.Calendars.dll" /reference:"C:\Program Files\dotnet\packs\Microsoft.NETCore.App.Ref\10.0.12\ref\net10.0\System.Globalization.dll" /reference:"C:\Program Files\dotnet\packs\Microsoft.NETCore.App.Ref\10.0.12\ref\net10.0\System.Globalization.Extensions.dll" /reference:"C:\Program Files\dotnet\packs\Microsoft.NETCore.App.Ref\10.0.12\ref\net10.0\System.IO.Compression.Brotli.dll" /reference:"C:\Program Files\dotnet\packs\Microsoft.NETCore.App.Ref\10.0.12\ref\net10.0\System.IO.Compression.dll" /reference:"C:\Program Files\dotnet\packs\Microsoft.NETCore.App.Ref\10.0.12\ref\net10.0\System.IO.Compression.FileSystem.dll" /reference:"C:\Program Files\dotnet\packs\Microsoft.NETCore.App.Ref\10.0.12\ref\net10.0\System.IO.Compression.ZipFile.dll" /reference:"C:\Program Files\dotnet\packs\Microsoft.NETCore.App.Ref\10.0.12\ref\net10.0\System.IO.dll" /reference:"C:\Program Files\dotnet\packs\Microsoft.NETCore.App.Ref\10.0.12\ref\net10.0\System.IO.FileSystem.AccessControl.dll" /reference:"C:\Program Files\dotnet\packs\Microsoft.NETCore.App.Ref\10.0.12\ref\net10.0\System.IO.FileSystem.dll" /reference:"C:\Program Files\dotnet\packs\Microsoft.NETCore.App.Ref\10.0.12\ref\net10.0\System.IO.FileSystem.DriveInfo.dll" /reference:"C:\Program Files\dotnet\packs\Microsoft.NETCore.App.Ref\10.0.12\ref\net10.0\System.IO.FileSystem.Primitives.dll" /reference:"C:\Program Files\dotnet\packs\Microsoft.NETCore.App.Ref\10.0.12\ref\net10.0\System.IO.FileSystem.Watcher.dll" /reference:"C:\Program Files\dotnet\packs\Microsoft.NETCore.App.Ref\10.0.12\ref\net10.0\System.IO.IsolatedStorage.dll" /reference:"C:\Program Files\dotnet\packs\Microsoft.NETCore.App.Ref\10.0.12\ref\net10.0\System.IO.MemoryMappedFiles.dll" /reference:"C:\Program Files\dotnet\packs\Microsoft.NETCore.App.Ref\10.0.12\ref\net10.0\System.IO.Pipelines.dll" /reference:"C:\Program Files\dotnet\packs\Microsoft.NETCore.App.Ref\10.0.12\ref\net10.0\System.IO.Pipes.AccessControl.dll" /reference:"C:\Program Files\dotnet\packs\Microsoft.NETCore.App.Ref\10.0.12\ref\net10.0\System.IO.Pipes.dll" /reference:"C:\Program Files\dotnet\packs\Microsoft.NETCore.App.Ref\10.0.12\ref\net10.0\System.IO.UnmanagedMemoryStream.dll" /reference:"C:\Program Files\dotnet\packs\Microsoft.NETCore.App.Ref\10.0.12\ref\net10.0\System.Linq.AsyncEnumerable.dll" /reference:"C:\Program Files\dotnet\packs\Microsoft.NETCore.App.Ref\10.0.12\ref\net10.0\System.Linq.dll" /reference:"C:\Program Files\dotnet\packs\Microsoft.NETCore.App.Ref\10.0.12\ref\net10.0\System.Linq.Expressions.dll" /reference:"C:\Program Files\dotnet\packs\Microsoft.NETCore.App.Ref\10.0.12\ref\net10.0\System.Linq.Parallel.dll" /reference:"C:\Program Files\dotnet\packs\Microsoft.NETCore.App.Ref\10.0.12\ref\net10.0\System.Linq.Queryable.dll" /reference:"C:\Program Files\dotnet\packs\Microsoft.NETCore.App.Ref\10.0.12\ref\net10.0\System.Memory.dll" /reference:"C:\Program Files\dotnet\packs\Microsoft.NETCore.App.Ref\10.0.12\ref\net10.0\System.Net.dll" /reference:"C:\Program Files\dotnet\packs\Microsoft.NETCore.App.Ref\10.0.12\ref\net10.0\System.Net.Http.dll" /reference:"C:\Program Files\dotnet\packs\Microsoft.NETCore.App.Ref\10.0.12\ref\net10.0\System.Net.Http.Json.dll" /reference:"C:\Program Files\dotnet\packs\Microsoft.NETCore.App.Ref\10.0.12\ref\net10.0\System.Net.HttpListener.dll" /reference:"C:\Program Files\dotnet\packs\Microsoft.NETCore.App.Ref\10.0.12\ref\net10.0\System.Net.Mail.dll" /reference:"C:\Program Files\dotnet\packs\Microsoft.NETCore.App.Ref\10.0.12\ref\net10.0\System.Net.NameResolution.dll" /reference:"C:\Program Files\dotnet\packs\Microsoft.NETCore.App.Ref\10.0.12\ref\net10.0\System.Net.NetworkInformation.dll" /reference:"C:\Program Files\dotnet\packs\Microsoft.NETCore.App.Ref\10.0.12\ref\net10.0\System.Net.Ping.dll" /reference:"C:\Program Files\dotnet\packs\Microsoft.NETCore.App.Ref\10.0.12\ref\net10.0\System.Net.Primitives.dll" /reference:"C:\Program Files\dotnet\packs\Microsoft.NETCore.App.Ref\10.0.12\ref\net10.0\System.Net.Quic.dll" /reference:"C:\Program Files\dotnet\packs\Microsoft.NETCore.App.Ref\10.0.12\ref\net10.0\System.Net.Requests.dll" /reference:"C:\Program Files\dotnet\packs\Microsoft.NETCore.App.Ref\10.0.12\ref\net10.0\System.Net.Security.dll" /reference:"C:\Program Files\dotnet\packs\Microsoft.NETCore.App.Ref\10.0.12\ref\net10.0\System.Net.ServerSentEvents.dll" /reference:"C:\Program Files\dotnet\packs\Microsoft.NETCore.App.Ref\10.0.12\ref\net10.0\System.Net.ServicePoint.dll" /reference:"C:\Program Files\dotnet\packs\Microsoft.NETCore.App.Ref\10.0.12\ref\net10.0\System.Net.Sockets.dll" /reference:"C:\Program Files\dotnet\packs\Microsoft.NETCore.App.Ref\10.0.12\ref\net10.0\System.Net.WebClient.dll" /reference:"C:\Program Files\dotnet\packs\Microsoft.NETCore.App.Ref\10.0.12\ref\net10.0\System.Net.WebHeaderCollection.dll" /reference:"C:\Program Files\dotnet\packs\Microsoft.NETCore.App.Ref\10.0.12\ref\net10.0\System.Net.WebProxy.dll" /reference:"C:\Program Files\dotnet\packs\Microsoft.NETCore.App.Ref\10.0.12\ref\net10.0\System.Net.WebSockets.Client.dll" /reference:"C:\Program Files\dotnet\packs\Microsoft.NETCore.App.Ref\10.0.12\ref\net10.0\System.Net.WebSockets.dll" /reference:"C:\Program Files\dotnet\packs\Microsoft.NETCore.App.Ref\10.0.12\ref\net10.0\System.Numerics.dll" /reference:"C:\Program Files\dotnet\packs\Microsoft.NETCore.App.Ref\10.0.12\ref\net10.0\System.Numerics.Vectors.dll" /reference:"C:\Program Files\dotnet\packs\Microsoft.NETCore.App.Ref\10.0.12\ref\net10.0\System.ObjectModel.dll" /reference:"C:\Program Files\dotnet\packs\Microsoft.NETCore.App.Ref\10.0.12\ref\net10.0\System.Reflection.DispatchProxy.dll" /reference:"C:\Program Files\dotnet\packs\Microsoft.NETCore.App.Ref\10.0.12\ref\net10.0\System.Reflection.dll" /reference:"C:\Program Files\dotnet\packs\Microsoft.NETCore.App.Ref\10.0.12\ref\net10.0\System.Reflection.Emit.dll" /reference:"C:\Program Files\dotnet\packs\Microsoft.NETCore.App.Ref\10.0.12\ref\net10.0\System.Reflection.Emit.ILGeneration.dll" /reference:"C:\Program Files\dotnet\packs\Microsoft.NETCore.App.Ref\10.0.12\ref\net10.0\System.Reflection.Emit.Lightweight.dll" /reference:"C:\Program Files\dotnet\packs\Microsoft.NETCore.App.Ref\10.0.12\ref\net10.0\System.Reflection.Extensions.dll" /reference:"C:\Program Files\dotnet\packs\Microsoft.NETCore.App.Ref\10.0.12\ref\net10.0\System.Reflection.Metadata.dll" /reference:"C:\Program Files\dotnet\packs\Microsoft.NETCore.App.Ref\10.0.12\ref\net10.0\System.Reflection.Primitives.dll" /reference:"C:\Program Files\dotnet\packs\Microsoft.NETCore.App.Ref\10.0.12\ref\net10.0\System.Reflection.TypeExtensions.dll" /reference:"C:\Program Files\dotnet\packs\Microsoft.NETCore.App.Ref\10.0.12\ref\net10.0\System.Resources.Reader.dll" /reference:"C:\Program Files\dotnet\packs\Microsoft.NETCore.App.Ref\10.0.12\ref\net10.0\System.Resources.ResourceManager.dll" /reference:"C:\Program Files\dotnet\packs\Microsoft.NETCore.App.Ref\10.0.12\ref\net10.0\System.Resources.Writer.dll" /reference:"C:\Program Files\dotnet\packs\Microsoft.NETCore.App.Ref\10.0.12\ref\net10.0\System.Runtime.CompilerServices.Unsafe.dll" /reference:"C:\Program Files\dotnet\packs\Microsoft.NETCore.App.Ref\10.0.12\ref\net10.0\System.Runtime.CompilerServices.VisualC.dll" /reference:"C:\Program Files\dotnet\packs\Microsoft.NETCore.App.Ref\10.0.12\ref\net10.0\System.Runtime.dll" /reference:"C:\Program Files\dotnet\packs\Microsoft.NETCore.App.Ref\10.0.12\ref\net10.0\System.Runtime.Extensions.dll" /reference:"C:\Program Files\dotnet\packs\Microsoft.NETCore.App.Ref\10.0.12\ref\net10.0\System.Runtime.Handles.dll" /reference:"C:\Program Files\dotnet\packs\Microsoft.NETCore.App.Ref\10.0.12\ref\net10.0\System.Runtime.InteropServices.dll" /reference:"C:\Program Files\dotnet\packs\Microsoft.NETCore.App.Ref\10.0.12\ref\net10.0\System.Runtime.InteropServices.JavaScript.dll" /reference:"C:\Program Files\dotnet\packs\Microsoft.NETCore.App.Ref\10.0.12\ref\net10.0\System.Runtime.InteropServices.RuntimeInformation.dll" /reference:"C:\Program Files\dotnet\packs\Microsoft.NETCore.App.Ref\10.0.12\ref\net10.0\System.Runtime.Intrinsics.dll" /reference:"C:\Program Files\dotnet\packs\Microsoft.NETCore.App.Ref\10.0.12\ref\net10.0\System.Runtime.Loader.dll" /reference:"C:\Program Files\dotnet\packs\Microsoft.NETCore.App.Ref\10.0.12\ref\net10.0\System.Runtime.Numerics.dll" /reference:"C:\Program Files\dotnet\packs\Microsoft.NETCore.App.Ref\10.0.12\ref\net10.0\System.Runtime.Serialization.dll" /reference:"C:\Program Files\dotnet\packs\Microsoft.NETCore.App.Ref\10.0.12\ref\net10.0\System.Runtime.Serialization.Formatters.dll" /reference:"C:\Program Files\dotnet\packs\Microsoft.NETCore.App.Ref\10.0.12\ref\net10.0\System.Runtime.Serialization.Json.dll" /reference:"C:\Program Files\dotnet\packs\Microsoft.NETCore.App.Ref\10.0.12\ref\net10.0\System.Runtime.Serialization.Primitives.dll" /reference:"C:\Program Files\dotnet\packs\Microsoft.NETCore.App.Ref\10.0.12\ref\net10.0\System.Runtime.Serialization.Xml.dll" /reference:"C:\Program Files\dotnet\packs\Microsoft.NETCore.App.Ref\10.0.12\ref\net10.0\System.Security.AccessControl.dll" /reference:"C:\Program Files\dotnet\packs\Microsoft.NETCore.App.Ref\10.0.12\ref\net10.0\System.Security.Claims.dll" /reference:"C:\Program Files\dotnet\packs\Microsoft.NETCore.App.Ref\10.0.12\ref\net10.0\System.Security.Cryptography.Algorithms.dll" /reference:"C:\Program Files\dotnet\packs\Microsoft.NETCore.App.Ref\10.0.12\ref\net10.0\System.Security.Cryptography.Cng.dll" /reference:"C:\Program Files\dotnet\packs\Microsoft.NETCore.App.Ref\10.0.12\ref\net10.0\System.Security.Cryptography.Csp.dll" /reference:"C:\Program Files\dotnet\packs\Microsoft.NETCore.App.Ref\10.0.12\ref\net10.0\System.Security.Cryptography.dll" /reference:"C:\Program Files\dotnet\packs\Microsoft.NETCore.App.Ref\10.0.12\ref\net10.0\System.Security.Cryptography.Encoding.dll" /reference:"C:\Program Files\dotnet\packs\Microsoft.NETCore.App.Ref\10.0.12\ref\net10.0\System.Security.Cryptography.OpenSsl.dll" /reference:"C:\Program Files\dotnet\packs\Microsoft.NETCore.App.Ref\10.0.12\ref\net10.0\System.Security.Cryptography.Primitives.dll" /reference:"C:\Program Files\dotnet\packs\Microsoft.NETCore.App.Ref\10.0.12\ref\net10.0\System.Security.Cryptography.X509Certificates.dll" /reference:"C:\Program Files\dotnet\packs\Microsoft.NETCore.App.Ref\10.0.12\ref\net10.0\System.Security.dll" /reference:"C:\Program Files\dotnet\packs\Microsoft.NETCore.App.Ref\10.0.12\ref\net10.0\System.Security.Principal.dll" /reference:"C:\Program Files\dotnet\packs\Microsoft.NETCore.App.Ref\10.0.12\ref\net10.0\System.Security.Principal.Windows.dll" /reference:"C:\Program Files\dotnet\packs\Microsoft.NETCore.App.Ref\10.0.12\ref\net10.0\System.Security.SecureString.dll" /reference:"C:\Program Files\dotnet\packs\Microsoft.NETCore.App.Ref\10.0.12\ref\net10.0\System.ServiceModel.Web.dll" /reference:"C:\Program Files\dotnet\packs\Microsoft.NETCore.App.Ref\10.0.12\ref\net10.0\System.ServiceProcess.dll" /reference:"C:\Program Files\dotnet\packs\Microsoft.NETCore.App.Ref\10.0.12\ref\net10.0\System.Text.Encoding.CodePages.dll" /reference:"C:\Program Files\dotnet\packs\Microsoft.NETCore.App.Ref\10.0.12\ref\net10.0\System.Text.Encoding.dll" /reference:"C:\Program Files\dotnet\packs\Microsoft.NETCore.App.Ref\10.0.12\ref\net10.0\System.Text.Encoding.Extensions.dll" /reference:"C:\Program Files\dotnet\packs\Microsoft.NETCore.App.Ref\10.0.12\ref\net10.0\System.Text.Encodings.Web.dll" /reference:"C:\Program Files\dotnet\packs\Microsoft.NETCore.App.Ref\10.0.12\ref\net10.0\System.Text.Json.dll" /reference:"C:\Program Files\dotnet\packs\Microsoft.NETCore.App.Ref\10.0.12\ref\net10.0\System.Text.RegularExpressions.dll" /reference:"C:\Program Files\dotnet\packs\Microsoft.NETCore.App.Ref\10.0.12\ref\net10.0\System.Threading.AccessControl.dll" /reference:"C:\Program Files\dotnet\packs\Microsoft.NETCore.App.Ref\10.0.12\ref\net10.0\System.Threading.Channels.dll" /reference:"C:\Program Files\dotnet\packs\Microsoft.NETCore.App.Ref\10.0.12\ref\net10.0\System.Threading.dll" /reference:"C:\Program Files\dotnet\packs\Microsoft.NETCore.App.Ref\10.0.12\ref\net10.0\System.Threading.Overlapped.dll" /reference:"C:\Program Files\dotnet\packs\Microsoft.NETCore.App.Ref\10.0.12\ref\net10.0\System.Threading.Tasks.Dataflow.dll" /reference:"C:\Program Files\dotnet\packs\Microsoft.NETCore.App.Ref\10.0.12\ref\net10.0\System.Threading.Tasks.dll" /reference:"C:\Program Files\dotnet\packs\Microsoft.NETCore.App.Ref\10.0.12\ref\net10.0\System.Threading.Tasks.Extensions.dll" /reference:"C:\Program Files\dotnet\packs\Microsoft.NETCore.App.Ref\10.0.12\ref\net10.0\System.Threading.Tasks.Parallel.dll" /reference:"C:\Program Files\dotnet\packs\Microsoft.NETCore.App.Ref\10.0.12\ref\net10.0\System.Threading.Thread.dll" /reference:"C:\Program Files\dotnet\packs\Microsoft.NETCore.App.Ref\10.0.12\ref\net10.0\System.Threading.ThreadPool.dll" /reference:"C:\Program Files\dotnet\packs\Microsoft.NETCore.App.Ref\10.0.12\ref\net10.0\System.Threading.Timer.dll" /reference:"C:\Program Files\dotnet\packs\Microsoft.NETCore.App.Ref\10.0.12\ref\net10.0\System.Transactions.dll" /reference:"C:\Program Files\dotnet\packs\Microsoft.NETCore.App.Ref\10.0.12\ref\net10.0\System.Transactions.Local.dll" /reference:"C:\Program Files\dotnet\packs\Microsoft.NETCore.App.Ref\10.0.12\ref\net10.0\System.ValueTuple.dll" /reference:"C:\Program Files\dotnet\packs\Microsoft.NETCore.App.Ref\10.0.12\ref\net10.0\System.Web.dll" /reference:"C:\Program Files\dotnet\packs\Microsoft.NETCore.App.Ref\10.0.12\ref\net10.0\System.Web.HttpUtility.dll" /reference:"C:\Program Files\dotnet\packs\Microsoft.NETCore.App.Ref\10.0.12\ref\net10.0\System.Windows.dll" /reference:"C:\Program Files\dotnet\packs\Microsoft.NETCore.App.Ref\10.0.12\ref\net10.0\System.Xml.dll" /reference:"C:\Program Files\dotnet\packs\Microsoft.NETCore.App.Ref\10.0.12\ref\net10.0\System.Xml.Linq.dll" /reference:"C:\Program Files\dotnet\packs\Microsoft.NETCore.App.Ref\10.0.12\ref\net10.0\System.Xml.ReaderWriter.dll" /reference:"C:\Program Files\dotnet\packs\Microsoft.NETCore.App.Ref\10.0.12\ref\net10.0\System.Xml.Serialization.dll" /reference:"C:\Program Files\dotnet\packs\Microsoft.NETCore.App.Ref\10.0.12\ref\net10.0\System.Xml.XDocument.dll" /reference:"C:\Program Files\dotnet\packs\Microsoft.NETCore.App.Ref\10.0.12\ref\net10.0\System.Xml.XmlDocument.dll" /reference:"C:\Program Files\dotnet\packs\Microsoft.NETCore.App.Ref\10.0.12\ref\net10.0\System.Xml.XmlSerializer.dll" /reference:"C:\Program Files\dotnet\packs\Microsoft.NETCore.App.Ref\10.0.12\ref\net10.0\System.Xml.XPath.dll" /reference:"C:\Program Files\dotnet\packs\Microsoft.NETCore.App.Ref\10.0.12\ref\net10.0\System.Xml.XPath.XDocument.dll" /reference:"C:\Program Files\dotnet\packs\Microsoft.NETCore.App.Ref\10.0.12\ref\net10.0\WindowsBase.dll" /features:"InterceptorsNamespaces=;Microsoft.Extensions.Validation.Generated" /debug- /debug:portable /filealign:512 /optimize+ /out:obj\Release\net10.0\GoldenTicket.Simulator.dll /refout:obj\Release\net10.0\refint\GoldenTicket.Simulator.dll /target:exe /warnaserror- /utf8output /deterministic+ /langversion:latest /analyzerconfig:obj\Release\net10.0\GoldenTicket.Simulator.GeneratedMSBuildEditorConfig.editorconfig /analyzerconfig:"C:\Program Files\dotnet\sdk\10.0.401\Sdks\Microsoft.NET.Sdk\analyzers\build\config\analysislevel_10_default.globalconfig" /analyzer:"C:\Program Files\dotnet\sdk\10.0.401\Sdks\Microsoft.NET.Sdk\targets\..\analyzers\Microsoft.CodeAnalysis.CSharp.NetAnalyzers.dll" /analyzer:"C:\Program Files\dotnet\sdk\10.0.401\Sdks\Microsoft.NET.Sdk\targets\..\analyzers\Microsoft.CodeAnalysis.NetAnalyzers.dll" /analyzer:"C:\Program Files\dotnet\packs\Microsoft.NETCore.App.Ref\10.0.12\analyzers/dotnet/cs/Microsoft.Interop.ComInterfaceGenerator.dll" /analyzer:"C:\Program Files\dotnet\packs\Microsoft.NETCore.App.Ref\10.0.12\analyzers/dotnet/cs/Microsoft.Interop.JavaScript.JSImportGenerator.dll" /analyzer:"C:\Program Files\dotnet\packs\Microsoft.NETCore.App.Ref\10.0.12\analyzers/dotnet/cs/Microsoft.Interop.LibraryImportGenerator.dll" /analyzer:"C:\Program Files\dotnet\packs\Microsoft.NETCore.App.Ref\10.0.12\analyzers/dotnet/cs/Microsoft.Interop.SourceGeneration.dll" /analyzer:"C:\Program Files\dotnet\packs\Microsoft.NETCore.App.Ref\10.0.12\analyzers/dotnet/cs/System.Text.Json.SourceGeneration.dll" /analyzer:"C:\Program Files\dotnet\packs\Microsoft.NETCore.App.Ref\10.0.12\analyzers/dotnet/cs/System.Text.RegularExpressions.Generator.dll" MatchRunner.cs Program.cs obj\Release\net10.0\GoldenTicket.Simulator.GlobalUsings.g.cs "obj\Release\net10.0\.NETCoreApp,Version=v10.0.AssemblyAttributes.cs" obj\Release\net10.0\GoldenTicket.Simulator.AssemblyInfo.cs /warnaserror+:NU1605,SYSLIB0011
         Compilation request GoldenTicket.Simulator (net10.0), PathToTool=C:\Program Files\dotnet\sdk\10.0.401\Roslyn\bincore\csc.exe
         CommandLine = ' /noconfig'
         BuildResponseFile = '/unsafe- /checked- /nowarn:CA1416,1701,1702,8002 /fullpaths /nostdlib+ /errorreport:prompt /warn:10 /define:TRACE;RELEASE;NET;NET10_0;NETCOREAPP;NET5_0_OR_GREATER;NET6_0_OR_GREATER;NET7_0_OR_GREATER;NET8_0_OR_GREATER;NET9_0_OR_GREATER;NET10_0_OR_GREATER;NETCOREAPP1_0_OR_GREATER;NETCOREAPP1_1_OR_GREATER;NETCOREAPP2_0_OR_GREATER;NETCOREAPP2_1_OR_GREATER;NETCOREAPP2_2_OR_GREATER;NETCOREAPP3_0_OR_GREATER;NETCOREAPP3_1_OR_GREATER /highentropyva+ /nullable:enable /reference:D:\Projects\GoldenTicket\src\GoldenTicket.AI\obj\Release\net10.0\ref\GoldenTicket.AI.dll /reference:D:\Projects\GoldenTicket\src\GoldenTicket.Application\obj\Release\net10.0\ref\GoldenTicket.Application.dll /reference:D:\Projects\GoldenTicket\src\GoldenTicket.Domain\obj\Release\net10.0\ref\GoldenTicket.Domain.dll /reference:"C:\Program Files\dotnet\packs\Microsoft.NETCore.App.Ref\10.0.12\ref\net10.0\Microsoft.CSharp.dll" /reference:"C:\Program Files\dotnet\packs\Microsoft.NETCore.App.Ref\10.0.12\ref\net10.0\Microsoft.VisualBasic.Core.dll" /reference:"C:\Program Files\dotnet\packs\Microsoft.NETCore.App.Ref\10.0.12\ref\net10.0\Microsoft.VisualBasic.dll" /reference:"C:\Program Files\dotnet\packs\Microsoft.NETCore.App.Ref\10.0.12\ref\net10.0\Microsoft.Win32.Primitives.dll" /reference:"C:\Program Files\dotnet\packs\Microsoft.NETCore.App.Ref\10.0.12\ref\net10.0\Microsoft.Win32.Registry.dll" /reference:"C:\Program Files\dotnet\packs\Microsoft.NETCore.App.Ref\10.0.12\ref\net10.0\mscorlib.dll" /reference:"C:\Program Files\dotnet\packs\Microsoft.NETCore.App.Ref\10.0.12\ref\net10.0\netstandard.dll" /reference:"C:\Program Files\dotnet\packs\Microsoft.NETCore.App.Ref\10.0.12\ref\net10.0\System.AppContext.dll" /reference:"C:\Program Files\dotnet\packs\Microsoft.NETCore.App.Ref\10.0.12\ref\net10.0\System.Buffers.dll" /reference:"C:\Program Files\dotnet\packs\Microsoft.NETCore.App.Ref\10.0.12\ref\net10.0\System.Collections.Concurrent.dll" /reference:"C:\Program Files\dotnet\packs\Microsoft.NETCore.App.Ref\10.0.12\ref\net10.0\System.Collections.dll" /reference:"C:\Program Files\dotnet\packs\Microsoft.NETCore.App.Ref\10.0.12\ref\net10.0\System.Collections.Immutable.dll" /reference:"C:\Program Files\dotnet\packs\Microsoft.NETCore.App.Ref\10.0.12\ref\net10.0\System.Collections.NonGeneric.dll" /reference:"C:\Program Files\dotnet\packs\Microsoft.NETCore.App.Ref\10.0.12\ref\net10.0\System.Collections.Specialized.dll" /reference:"C:\Program Files\dotnet\packs\Microsoft.NETCore.App.Ref\10.0.12\ref\net10.0\System.ComponentModel.Annotations.dll" /reference:"C:\Program Files\dotnet\packs\Microsoft.NETCore.App.Ref\10.0.12\ref\net10.0\System.ComponentModel.DataAnnotations.dll" /reference:"C:\Program Files\dotnet\packs\Microsoft.NETCore.App.Ref\10.0.12\ref\net10.0\System.ComponentModel.dll" /reference:"C:\Program Files\dotnet\packs\Microsoft.NETCore.App.Ref\10.0.12\ref\net10.0\System.ComponentModel.EventBasedAsync.dll" /reference:"C:\Program Files\dotnet\packs\Microsoft.NETCore.App.Ref\10.0.12\ref\net10.0\System.ComponentModel.Primitives.dll" /reference:"C:\Program Files\dotnet\packs\Microsoft.NETCore.App.Ref\10.0.12\ref\net10.0\System.ComponentModel.TypeConverter.dll" /reference:"C:\Program Files\dotnet\packs\Microsoft.NETCore.App.Ref\10.0.12\ref\net10.0\System.Configuration.dll" /reference:"C:\Program Files\dotnet\packs\Microsoft.NETCore.App.Ref\10.0.12\ref\net10.0\System.Console.dll" /reference:"C:\Program Files\dotnet\packs\Microsoft.NETCore.App.Ref\10.0.12\ref\net10.0\System.Core.dll" /reference:"C:\Program Files\dotnet\packs\Microsoft.NETCore.App.Ref\10.0.12\ref\net10.0\System.Data.Common.dll" /reference:"C:\Program Files\dotnet\packs\Microsoft.NETCore.App.Ref\10.0.12\ref\net10.0\System.Data.DataSetExtensions.dll" /reference:"C:\Program Files\dotnet\packs\Microsoft.NETCore.App.Ref\10.0.12\ref\net10.0\System.Data.dll" /reference:"C:\Program Files\dotnet\packs\Microsoft.NETCore.App.Ref\10.0.12\ref\net10.0\System.Diagnostics.Contracts.dll" /reference:"C:\Program Files\dotnet\packs\Microsoft.NETCore.App.Ref\10.0.12\ref\net10.0\System.Diagnostics.Debug.dll" /reference:"C:\Program Files\dotnet\packs\Microsoft.NETCore.App.Ref\10.0.12\ref\net10.0\System.Diagnostics.DiagnosticSource.dll" /reference:"C:\Program Files\dotnet\packs\Microsoft.NETCore.App.Ref\10.0.12\ref\net10.0\System.Diagnostics.FileVersionInfo.dll" /reference:"C:\Program Files\dotnet\packs\Microsoft.NETCore.App.Ref\10.0.12\ref\net10.0\System.Diagnostics.Process.dll" /reference:"C:\Program Files\dotnet\packs\Microsoft.NETCore.App.Ref\10.0.12\ref\net10.0\System.Diagnostics.StackTrace.dll" /reference:"C:\Program Files\dotnet\packs\Microsoft.NETCore.App.Ref\10.0.12\ref\net10.0\System.Diagnostics.TextWriterTraceListener.dll" /reference:"C:\Program Files\dotnet\packs\Microsoft.NETCore.App.Ref\10.0.12\ref\net10.0\System.Diagnostics.Tools.dll" /reference:"C:\Program Files\dotnet\packs\Microsoft.NETCore.App.Ref\10.0.12\ref\net10.0\System.Diagnostics.TraceSource.dll" /reference:"C:\Program Files\dotnet\packs\Microsoft.NETCore.App.Ref\10.0.12\ref\net10.0\System.Diagnostics.Tracing.dll" /reference:"C:\Program Files\dotnet\packs\Microsoft.NETCore.App.Ref\10.0.12\ref\net10.0\System.dll" /reference:"C:\Program Files\dotnet\packs\Microsoft.NETCore.App.Ref\10.0.12\ref\net10.0\System.Drawing.dll" /reference:"C:\Program Files\dotnet\packs\Microsoft.NETCore.App.Ref\10.0.12\ref\net10.0\System.Drawing.Primitives.dll" /reference:"C:\Program Files\dotnet\packs\Microsoft.NETCore.App.Ref\10.0.12\ref\net10.0\System.Dynamic.Runtime.dll" /reference:"C:\Program Files\dotnet\packs\Microsoft.NETCore.App.Ref\10.0.12\ref\net10.0\System.Formats.Asn1.dll" /reference:"C:\Program Files\dotnet\packs\Microsoft.NETCore.App.Ref\10.0.12\ref\net10.0\System.Formats.Tar.dll" /reference:"C:\Program Files\dotnet\packs\Microsoft.NETCore.App.Ref\10.0.12\ref\net10.0\System.Globalization.Calendars.dll" /reference:"C:\Program Files\dotnet\packs\Microsoft.NETCore.App.Ref\10.0.12\ref\net10.0\System.Globalization.dll" /reference:"C:\Program Files\dotnet\packs\Microsoft.NETCore.App.Ref\10.0.12\ref\net10.0\System.Globalization.Extensions.dll" /reference:"C:\Program Files\dotnet\packs\Microsoft.NETCore.App.Ref\10.0.12\ref\net10.0\System.IO.Compression.Brotli.dll" /reference:"C:\Program Files\dotnet\packs\Microsoft.NETCore.App.Ref\10.0.12\ref\net10.0\System.IO.Compression.dll" /reference:"C:\Program Files\dotnet\packs\Microsoft.NETCore.App.Ref\10.0.12\ref\net10.0\System.IO.Compression.FileSystem.dll" /reference:"C:\Program Files\dotnet\packs\Microsoft.NETCore.App.Ref\10.0.12\ref\net10.0\System.IO.Compression.ZipFile.dll" /reference:"C:\Program Files\dotnet\packs\Microsoft.NETCore.App.Ref\10.0.12\ref\net10.0\System.IO.dll" /reference:"C:\Program Files\dotnet\packs\Microsoft.NETCore.App.Ref\10.0.12\ref\net10.0\System.IO.FileSystem.AccessControl.dll" /reference:"C:\Program Files\dotnet\packs\Microsoft.NETCore.App.Ref\10.0.12\ref\net10.0\System.IO.FileSystem.dll" /reference:"C:\Program Files\dotnet\packs\Microsoft.NETCore.App.Ref\10.0.12\ref\net10.0\System.IO.FileSystem.DriveInfo.dll" /reference:"C:\Program Files\dotnet\packs\Microsoft.NETCore.App.Ref\10.0.12\ref\net10.0\System.IO.FileSystem.Primitives.dll" /reference:"C:\Program Files\dotnet\packs\Microsoft.NETCore.App.Ref\10.0.12\ref\net10.0\System.IO.FileSystem.Watcher.dll" /reference:"C:\Program Files\dotnet\packs\Microsoft.NETCore.App.Ref\10.0.12\ref\net10.0\System.IO.IsolatedStorage.dll" /reference:"C:\Program Files\dotnet\packs\Microsoft.NETCore.App.Ref\10.0.12\ref\net10.0\System.IO.MemoryMappedFiles.dll" /reference:"C:\Program Files\dotnet\packs\Microsoft.NETCore.App.Ref\10.0.12\ref\net10.0\System.IO.Pipelines.dll" /reference:"C:\Program Files\dotnet\packs\Microsoft.NETCore.App.Ref\10.0.12\ref\net10.0\System.IO.Pipes.AccessControl.dll" /reference:"C:\Program Files\dotnet\packs\Microsoft.NETCore.App.Ref\10.0.12\ref\net10.0\System.IO.Pipes.dll" /reference:"C:\Program Files\dotnet\packs\Microsoft.NETCore.App.Ref\10.0.12\ref\net10.0\System.IO.UnmanagedMemoryStream.dll" /reference:"C:\Program Files\dotnet\packs\Microsoft.NETCore.App.Ref\10.0.12\ref\net10.0\System.Linq.AsyncEnumerable.dll" /reference:"C:\Program Files\dotnet\packs\Microsoft.NETCore.App.Ref\10.0.12\ref\net10.0\System.Linq.dll" /reference:"C:\Program Files\dotnet\packs\Microsoft.NETCore.App.Ref\10.0.12\ref\net10.0\System.Linq.Expressions.dll" /reference:"C:\Program Files\dotnet\packs\Microsoft.NETCore.App.Ref\10.0.12\ref\net10.0\System.Linq.Parallel.dll" /reference:"C:\Program Files\dotnet\packs\Microsoft.NETCore.App.Ref\10.0.12\ref\net10.0\System.Linq.Queryable.dll" /reference:"C:\Program Files\dotnet\packs\Microsoft.NETCore.App.Ref\10.0.12\ref\net10.0\System.Memory.dll" /reference:"C:\Program Files\dotnet\packs\Microsoft.NETCore.App.Ref\10.0.12\ref\net10.0\System.Net.dll" /reference:"C:\Program Files\dotnet\packs\Microsoft.NETCore.App.Ref\10.0.12\ref\net10.0\System.Net.Http.dll" /reference:"C:\Program Files\dotnet\packs\Microsoft.NETCore.App.Ref\10.0.12\ref\net10.0\System.Net.Http.Json.dll" /reference:"C:\Program Files\dotnet\packs\Microsoft.NETCore.App.Ref\10.0.12\ref\net10.0\System.Net.HttpListener.dll" /reference:"C:\Program Files\dotnet\packs\Microsoft.NETCore.App.Ref\10.0.12\ref\net10.0\System.Net.Mail.dll" /reference:"C:\Program Files\dotnet\packs\Microsoft.NETCore.App.Ref\10.0.12\ref\net10.0\System.Net.NameResolution.dll" /reference:"C:\Program Files\dotnet\packs\Microsoft.NETCore.App.Ref\10.0.12\ref\net10.0\System.Net.NetworkInformation.dll" /reference:"C:\Program Files\dotnet\packs\Microsoft.NETCore.App.Ref\10.0.12\ref\net10.0\System.Net.Ping.dll" /reference:"C:\Program Files\dotnet\packs\Microsoft.NETCore.App.Ref\10.0.12\ref\net10.0\System.Net.Primitives.dll" /reference:"C:\Program Files\dotnet\packs\Microsoft.NETCore.App.Ref\10.0.12\ref\net10.0\System.Net.Quic.dll" /reference:"C:\Program Files\dotnet\packs\Microsoft.NETCore.App.Ref\10.0.12\ref\net10.0\System.Net.Requests.dll" /reference:"C:\Program Files\dotnet\packs\Microsoft.NETCore.App.Ref\10.0.12\ref\net10.0\System.Net.Security.dll" /reference:"C:\Program Files\dotnet\packs\Microsoft.NETCore.App.Ref\10.0.12\ref\net10.0\System.Net.ServerSentEvents.dll" /reference:"C:\Program Files\dotnet\packs\Microsoft.NETCore.App.Ref\10.0.12\ref\net10.0\System.Net.ServicePoint.dll" /reference:"C:\Program Files\dotnet\packs\Microsoft.NETCore.App.Ref\10.0.12\ref\net10.0\System.Net.Sockets.dll" /reference:"C:\Program Files\dotnet\packs\Microsoft.NETCore.App.Ref\10.0.12\ref\net10.0\System.Net.WebClient.dll" /reference:"C:\Program Files\dotnet\packs\Microsoft.NETCore.App.Ref\10.0.12\ref\net10.0\System.Net.WebHeaderCollection.dll" /reference:"C:\Program Files\dotnet\packs\Microsoft.NETCore.App.Ref\10.0.12\ref\net10.0\System.Net.WebProxy.dll" /reference:"C:\Program Files\dotnet\packs\Microsoft.NETCore.App.Ref\10.0.12\ref\net10.0\System.Net.WebSockets.Client.dll" /reference:"C:\Program Files\dotnet\packs\Microsoft.NETCore.App.Ref\10.0.12\ref\net10.0\System.Net.WebSockets.dll" /reference:"C:\Program Files\dotnet\packs\Microsoft.NETCore.App.Ref\10.0.12\ref\net10.0\System.Numerics.dll" /reference:"C:\Program Files\dotnet\packs\Microsoft.NETCore.App.Ref\10.0.12\ref\net10.0\System.Numerics.Vectors.dll" /reference:"C:\Program Files\dotnet\packs\Microsoft.NETCore.App.Ref\10.0.12\ref\net10.0\System.ObjectModel.dll" /reference:"C:\Program Files\dotnet\packs\Microsoft.NETCore.App.Ref\10.0.12\ref\net10.0\System.Reflection.DispatchProxy.dll" /reference:"C:\Program Files\dotnet\packs\Microsoft.NETCore.App.Ref\10.0.12\ref\net10.0\System.Reflection.dll" /reference:"C:\Program Files\dotnet\packs\Microsoft.NETCore.App.Ref\10.0.12\ref\net10.0\System.Reflection.Emit.dll" /reference:"C:\Program Files\dotnet\packs\Microsoft.NETCore.App.Ref\10.0.12\ref\net10.0\System.Reflection.Emit.ILGeneration.dll" /reference:"C:\Program Files\dotnet\packs\Microsoft.NETCore.App.Ref\10.0.12\ref\net10.0\System.Reflection.Emit.Lightweight.dll" /reference:"C:\Program Files\dotnet\packs\Microsoft.NETCore.App.Ref\10.0.12\ref\net10.0\System.Reflection.Extensions.dll" /reference:"C:\Program Files\dotnet\packs\Microsoft.NETCore.App.Ref\10.0.12\ref\net10.0\System.Reflection.Metadata.dll" /reference:"C:\Program Files\dotnet\packs\Microsoft.NETCore.App.Ref\10.0.12\ref\net10.0\System.Reflection.Primitives.dll" /reference:"C:\Program Files\dotnet\packs\Microsoft.NETCore.App.Ref\10.0.12\ref\net10.0\System.Reflection.TypeExtensions.dll" /reference:"C:\Program Files\dotnet\packs\Microsoft.NETCore.App.Ref\10.0.12\ref\net10.0\System.Resources.Reader.dll" /reference:"C:\Program Files\dotnet\packs\Microsoft.NETCore.App.Ref\10.0.12\ref\net10.0\System.Resources.ResourceManager.dll" /reference:"C:\Program Files\dotnet\packs\Microsoft.NETCore.App.Ref\10.0.12\ref\net10.0\System.Resources.Writer.dll" /reference:"C:\Program Files\dotnet\packs\Microsoft.NETCore.App.Ref\10.0.12\ref\net10.0\System.Runtime.CompilerServices.Unsafe.dll" /reference:"C:\Program Files\dotnet\packs\Microsoft.NETCore.App.Ref\10.0.12\ref\net10.0\System.Runtime.CompilerServices.VisualC.dll" /reference:"C:\Program Files\dotnet\packs\Microsoft.NETCore.App.Ref\10.0.12\ref\net10.0\System.Runtime.dll" /reference:"C:\Program Files\dotnet\packs\Microsoft.NETCore.App.Ref\10.0.12\ref\net10.0\System.Runtime.Extensions.dll" /reference:"C:\Program Files\dotnet\packs\Microsoft.NETCore.App.Ref\10.0.12\ref\net10.0\System.Runtime.Handles.dll" /reference:"C:\Program Files\dotnet\packs\Microsoft.NETCore.App.Ref\10.0.12\ref\net10.0\System.Runtime.InteropServices.dll" /reference:"C:\Program Files\dotnet\packs\Microsoft.NETCore.App.Ref\10.0.12\ref\net10.0\System.Runtime.InteropServices.JavaScript.dll" /reference:"C:\Program Files\dotnet\packs\Microsoft.NETCore.App.Ref\10.0.12\ref\net10.0\System.Runtime.InteropServices.RuntimeInformation.dll" /reference:"C:\Program Files\dotnet\packs\Microsoft.NETCore.App.Ref\10.0.12\ref\net10.0\System.Runtime.Intrinsics.dll" /reference:"C:\Program Files\dotnet\packs\Microsoft.NETCore.App.Ref\10.0.12\ref\net10.0\System.Runtime.Loader.dll" /reference:"C:\Program Files\dotnet\packs\Microsoft.NETCore.App.Ref\10.0.12\ref\net10.0\System.Runtime.Numerics.dll" /reference:"C:\Program Files\dotnet\packs\Microsoft.NETCore.App.Ref\10.0.12\ref\net10.0\System.Runtime.Serialization.dll" /reference:"C:\Program Files\dotnet\packs\Microsoft.NETCore.App.Ref\10.0.12\ref\net10.0\System.Runtime.Serialization.Formatters.dll" /reference:"C:\Program Files\dotnet\packs\Microsoft.NETCore.App.Ref\10.0.12\ref\net10.0\System.Runtime.Serialization.Json.dll" /reference:"C:\Program Files\dotnet\packs\Microsoft.NETCore.App.Ref\10.0.12\ref\net10.0\System.Runtime.Serialization.Primitives.dll" /reference:"C:\Program Files\dotnet\packs\Microsoft.NETCore.App.Ref\10.0.12\ref\net10.0\System.Runtime.Serialization.Xml.dll" /reference:"C:\Program Files\dotnet\packs\Microsoft.NETCore.App.Ref\10.0.12\ref\net10.0\System.Security.AccessControl.dll" /reference:"C:\Program Files\dotnet\packs\Microsoft.NETCore.App.Ref\10.0.12\ref\net10.0\System.Security.Claims.dll" /reference:"C:\Program Files\dotnet\packs\Microsoft.NETCore.App.Ref\10.0.12\ref\net10.0\System.Security.Cryptography.Algorithms.dll" /reference:"C:\Program Files\dotnet\packs\Microsoft.NETCore.App.Ref\10.0.12\ref\net10.0\System.Security.Cryptography.Cng.dll" /reference:"C:\Program Files\dotnet\packs\Microsoft.NETCore.App.Ref\10.0.12\ref\net10.0\System.Security.Cryptography.Csp.dll" /reference:"C:\Program Files\dotnet\packs\Microsoft.NETCore.App.Ref\10.0.12\ref\net10.0\System.Security.Cryptography.dll" /reference:"C:\Program Files\dotnet\packs\Microsoft.NETCore.App.Ref\10.0.12\ref\net10.0\System.Security.Cryptography.Encoding.dll" /reference:"C:\Program Files\dotnet\packs\Microsoft.NETCore.App.Ref\10.0.12\ref\net10.0\System.Security.Cryptography.OpenSsl.dll" /reference:"C:\Program Files\dotnet\packs\Microsoft.NETCore.App.Ref\10.0.12\ref\net10.0\System.Security.Cryptography.Primitives.dll" /reference:"C:\Program Files\dotnet\packs\Microsoft.NETCore.App.Ref\10.0.12\ref\net10.0\System.Security.Cryptography.X509Certificates.dll" /reference:"C:\Program Files\dotnet\packs\Microsoft.NETCore.App.Ref\10.0.12\ref\net10.0\System.Security.dll" /reference:"C:\Program Files\dotnet\packs\Microsoft.NETCore.App.Ref\10.0.12\ref\net10.0\System.Security.Principal.dll" /reference:"C:\Program Files\dotnet\packs\Microsoft.NETCore.App.Ref\10.0.12\ref\net10.0\System.Security.Principal.Windows.dll" /reference:"C:\Program Files\dotnet\packs\Microsoft.NETCore.App.Ref\10.0.12\ref\net10.0\System.Security.SecureString.dll" /reference:"C:\Program Files\dotnet\packs\Microsoft.NETCore.App.Ref\10.0.12\ref\net10.0\System.ServiceModel.Web.dll" /reference:"C:\Program Files\dotnet\packs\Microsoft.NETCore.App.Ref\10.0.12\ref\net10.0\System.ServiceProcess.dll" /reference:"C:\Program Files\dotnet\packs\Microsoft.NETCore.App.Ref\10.0.12\ref\net10.0\System.Text.Encoding.CodePages.dll" /reference:"C:\Program Files\dotnet\packs\Microsoft.NETCore.App.Ref\10.0.12\ref\net10.0\System.Text.Encoding.dll" /reference:"C:\Program Files\dotnet\packs\Microsoft.NETCore.App.Ref\10.0.12\ref\net10.0\System.Text.Encoding.Extensions.dll" /reference:"C:\Program Files\dotnet\packs\Microsoft.NETCore.App.Ref\10.0.12\ref\net10.0\System.Text.Encodings.Web.dll" /reference:"C:\Program Files\dotnet\packs\Microsoft.NETCore.App.Ref\10.0.12\ref\net10.0\System.Text.Json.dll" /reference:"C:\Program Files\dotnet\packs\Microsoft.NETCore.App.Ref\10.0.12\ref\net10.0\System.Text.RegularExpressions.dll" /reference:"C:\Program Files\dotnet\packs\Microsoft.NETCore.App.Ref\10.0.12\ref\net10.0\System.Threading.AccessControl.dll" /reference:"C:\Program Files\dotnet\packs\Microsoft.NETCore.App.Ref\10.0.12\ref\net10.0\System.Threading.Channels.dll" /reference:"C:\Program Files\dotnet\packs\Microsoft.NETCore.App.Ref\10.0.12\ref\net10.0\System.Threading.dll" /reference:"C:\Program Files\dotnet\packs\Microsoft.NETCore.App.Ref\10.0.12\ref\net10.0\System.Threading.Overlapped.dll" /reference:"C:\Program Files\dotnet\packs\Microsoft.NETCore.App.Ref\10.0.12\ref\net10.0\System.Threading.Tasks.Dataflow.dll" /reference:"C:\Program Files\dotnet\packs\Microsoft.NETCore.App.Ref\10.0.12\ref\net10.0\System.Threading.Tasks.dll" /reference:"C:\Program Files\dotnet\packs\Microsoft.NETCore.App.Ref\10.0.12\ref\net10.0\System.Threading.Tasks.Extensions.dll" /reference:"C:\Program Files\dotnet\packs\Microsoft.NETCore.App.Ref\10.0.12\ref\net10.0\System.Threading.Tasks.Parallel.dll" /reference:"C:\Program Files\dotnet\packs\Microsoft.NETCore.App.Ref\10.0.12\ref\net10.0\System.Threading.Thread.dll" /reference:"C:\Program Files\dotnet\packs\Microsoft.NETCore.App.Ref\10.0.12\ref\net10.0\System.Threading.ThreadPool.dll" /reference:"C:\Program Files\dotnet\packs\Microsoft.NETCore.App.Ref\10.0.12\ref\net10.0\System.Threading.Timer.dll" /reference:"C:\Program Files\dotnet\packs\Microsoft.NETCore.App.Ref\10.0.12\ref\net10.0\System.Transactions.dll" /reference:"C:\Program Files\dotnet\packs\Microsoft.NETCore.App.Ref\10.0.12\ref\net10.0\System.Transactions.Local.dll" /reference:"C:\Program Files\dotnet\packs\Microsoft.NETCore.App.Ref\10.0.12\ref\net10.0\System.ValueTuple.dll" /reference:"C:\Program Files\dotnet\packs\Microsoft.NETCore.App.Ref\10.0.12\ref\net10.0\System.Web.dll" /reference:"C:\Program Files\dotnet\packs\Microsoft.NETCore.App.Ref\10.0.12\ref\net10.0\System.Web.HttpUtility.dll" /reference:"C:\Program Files\dotnet\packs\Microsoft.NETCore.App.Ref\10.0.12\ref\net10.0\System.Windows.dll" /reference:"C:\Program Files\dotnet\packs\Microsoft.NETCore.App.Ref\10.0.12\ref\net10.0\System.Xml.dll" /reference:"C:\Program Files\dotnet\packs\Microsoft.NETCore.App.Ref\10.0.12\ref\net10.0\System.Xml.Linq.dll" /reference:"C:\Program Files\dotnet\packs\Microsoft.NETCore.App.Ref\10.0.12\ref\net10.0\System.Xml.ReaderWriter.dll" /reference:"C:\Program Files\dotnet\packs\Microsoft.NETCore.App.Ref\10.0.12\ref\net10.0\System.Xml.Serialization.dll" /reference:"C:\Program Files\dotnet\packs\Microsoft.NETCore.App.Ref\10.0.12\ref\net10.0\System.Xml.XDocument.dll" /reference:"C:\Program Files\dotnet\packs\Microsoft.NETCore.App.Ref\10.0.12\ref\net10.0\System.Xml.XmlDocument.dll" /reference:"C:\Program Files\dotnet\packs\Microsoft.NETCore.App.Ref\10.0.12\ref\net10.0\System.Xml.XmlSerializer.dll" /reference:"C:\Program Files\dotnet\packs\Microsoft.NETCore.App.Ref\10.0.12\ref\net10.0\System.Xml.XPath.dll" /reference:"C:\Program Files\dotnet\packs\Microsoft.NETCore.App.Ref\10.0.12\ref\net10.0\System.Xml.XPath.XDocument.dll" /reference:"C:\Program Files\dotnet\packs\Microsoft.NETCore.App.Ref\10.0.12\ref\net10.0\WindowsBase.dll" /features:"InterceptorsNamespaces=;Microsoft.Extensions.Validation.Generated" /debug- /debug:portable /filealign:512 /optimize+ /out:obj\Release\net10.0\GoldenTicket.Simulator.dll /refout:obj\Release\net10.0\refint\GoldenTicket.Simulator.dll /target:exe /warnaserror- /utf8output /deterministic+ /langversion:latest /analyzerconfig:obj\Release\net10.0\GoldenTicket.Simulator.GeneratedMSBuildEditorConfig.editorconfig /analyzerconfig:"C:\Program Files\dotnet\sdk\10.0.401\Sdks\Microsoft.NET.Sdk\analyzers\build\config\analysislevel_10_default.globalconfig" /analyzer:"C:\Program Files\dotnet\sdk\10.0.401\Sdks\Microsoft.NET.Sdk\targets\..\analyzers\Microsoft.CodeAnalysis.CSharp.NetAnalyzers.dll" /analyzer:"C:\Program Files\dotnet\sdk\10.0.401\Sdks\Microsoft.NET.Sdk\targets\..\analyzers\Microsoft.CodeAnalysis.NetAnalyzers.dll" /analyzer:"C:\Program Files\dotnet\packs\Microsoft.NETCore.App.Ref\10.0.12\analyzers/dotnet/cs/Microsoft.Interop.ComInterfaceGenerator.dll" /analyzer:"C:\Program Files\dotnet\packs\Microsoft.NETCore.App.Ref\10.0.12\analyzers/dotnet/cs/Microsoft.Interop.JavaScript.JSImportGenerator.dll" /analyzer:"C:\Program Files\dotnet\packs\Microsoft.NETCore.App.Ref\10.0.12\analyzers/dotnet/cs/Microsoft.Interop.LibraryImportGenerator.dll" /analyzer:"C:\Program Files\dotnet\packs\Microsoft.NETCore.App.Ref\10.0.12\analyzers/dotnet/cs/Microsoft.Interop.SourceGeneration.dll" /analyzer:"C:\Program Files\dotnet\packs\Microsoft.NETCore.App.Ref\10.0.12\analyzers/dotnet/cs/System.Text.Json.SourceGeneration.dll" /analyzer:"C:\Program Files\dotnet\packs\Microsoft.NETCore.App.Ref\10.0.12\analyzers/dotnet/cs/System.Text.RegularExpressions.Generator.dll" MatchRunner.cs Program.cs obj\Release\net10.0\GoldenTicket.Simulator.GlobalUsings.g.cs "obj\Release\net10.0\.NETCoreApp,Version=v10.0.AssemblyAttributes.cs" obj\Release\net10.0\GoldenTicket.Simulator.AssemblyInfo.cs /warnaserror+:NU1605,SYSLIB0011'
         Attempt to open named pipe 'UGCeNc1jG8RDFJq5hw8Iu9jDUBgo+jafmeD3NdUyO_c'
         Attempt to connect named pipe 'UGCeNc1jG8RDFJq5hw8Iu9jDUBgo+jafmeD3NdUyO_c'
         Named pipe 'UGCeNc1jG8RDFJq5hw8Iu9jDUBgo+jafmeD3NdUyO_c' connected
         Begin writing request for GoldenTicket.Simulator (net10.0)
         End writing request for GoldenTicket.Simulator (net10.0)
         Begin reading response for GoldenTicket.Simulator (net10.0)
         End reading response for GoldenTicket.Simulator (net10.0)
         CompilerServer: server - server processed compilation - GoldenTicket.Simulator (net10.0)
     4>CoreCompile:
         End reading response for GoldenTicket.Persistence (net10.0)
         CompilerServer: server - server processed compilation - GoldenTicket.Persistence (net10.0)
       _CopyFilesMarkedCopyLocal:
         Copying file from "D:\Projects\GoldenTicket\src\GoldenTicket.Application\bin\Release\net10.0\GoldenTicket.Application.dll" to "D:\Projects\GoldenTicket\src\GoldenTicket.Persistence\bin\Release\net10.0\GoldenTicket.Application.dll".
         Copying file from "D:\Projects\GoldenTicket\src\GoldenTicket.Domain\bin\Release\net10.0\GoldenTicket.Domain.pdb" to "D:\Projects\GoldenTicket\src\GoldenTicket.Persistence\bin\Release\net10.0\GoldenTicket.Domain.pdb".
         Copying file from "D:\Projects\GoldenTicket\src\GoldenTicket.Application\bin\Release\net10.0\GoldenTicket.Application.pdb" to "D:\Projects\GoldenTicket\src\GoldenTicket.Persistence\bin\Release\net10.0\GoldenTicket.Application.pdb".
         Copying file from "D:\Projects\GoldenTicket\src\GoldenTicket.Domain\bin\Release\net10.0\GoldenTicket.Domain.dll" to "D:\Projects\GoldenTicket\src\GoldenTicket.Persistence\bin\Release\net10.0\GoldenTicket.Domain.dll".
         Creating "D:\Projects\GoldenTicket\src\GoldenTicket.Persistence\obj\Release\net10.0\GoldenTi.67D488C0.Up2Date" because "AlwaysCreate" was specified.
         Touching "D:\Projects\GoldenTicket\src\GoldenTicket.Persistence\obj\Release\net10.0\GoldenTi.67D488C0.Up2Date".
       _CopyOutOfDateSourceItemsToOutputDirectory:
         Copying file from "D:\Projects\GoldenTicket\data\classic-us\classic-us-v1.json" to "D:\Projects\GoldenTicket\src\GoldenTicket.Persistence\bin\Release\net10.0\data\classic-us\classic-us-v1.json".
     3>_CopyFilesMarkedCopyLocal:
         Copying file from "D:\Projects\GoldenTicket\src\GoldenTicket.AI\bin\Release\net10.0\GoldenTicket.AI.dll" to "D:\Projects\GoldenTicket\tools\GoldenTicket.Simulator\bin\Release\net10.0\GoldenTicket.AI.dll".
         Copying file from "D:\Projects\GoldenTicket\src\GoldenTicket.Application\bin\Release\net10.0\GoldenTicket.Application.pdb" to "D:\Projects\GoldenTicket\tools\GoldenTicket.Simulator\bin\Release\net10.0\GoldenTicket.Application.pdb".
         Copying file from "D:\Projects\GoldenTicket\src\GoldenTicket.Domain\bin\Release\net10.0\GoldenTicket.Domain.pdb" to "D:\Projects\GoldenTicket\tools\GoldenTicket.Simulator\bin\Release\net10.0\GoldenTicket.Domain.pdb".
         Copying file from "D:\Projects\GoldenTicket\src\GoldenTicket.Application\bin\Release\net10.0\GoldenTicket.Application.dll" to "D:\Projects\GoldenTicket\tools\GoldenTicket.Simulator\bin\Release\net10.0\GoldenTicket.Application.dll".
         Copying file from "D:\Projects\GoldenTicket\src\GoldenTicket.Domain\bin\Release\net10.0\GoldenTicket.Domain.dll" to "D:\Projects\GoldenTicket\tools\GoldenTicket.Simulator\bin\Release\net10.0\GoldenTicket.Domain.dll".
         Copying file from "D:\Projects\GoldenTicket\src\GoldenTicket.AI\bin\Release\net10.0\GoldenTicket.AI.pdb" to "D:\Projects\GoldenTicket\tools\GoldenTicket.Simulator\bin\Release\net10.0\GoldenTicket.AI.pdb".
         Creating "D:\Projects\GoldenTicket\tools\GoldenTicket.Simulator\obj\Release\net10.0\GoldenTi.5489959D.Up2Date" because "AlwaysCreate" was specified.
         Touching "D:\Projects\GoldenTicket\tools\GoldenTicket.Simulator\obj\Release\net10.0\GoldenTi.5489959D.Up2Date".
       _CopyOutOfDateSourceItemsToOutputDirectory:
         Copying file from "D:\Projects\GoldenTicket\data\classic-us\classic-us-v1.json" to "D:\Projects\GoldenTicket\tools\GoldenTicket.Simulator\bin\Release\net10.0\data\classic-us\classic-us-v1.json".
         Copying file from "D:\Projects\GoldenTicket\tools\GoldenTicket.Simulator\obj\Release\net10.0\apphost.exe" to "D:\Projects\GoldenTicket\tools\GoldenTicket.Simulator\bin\Release\net10.0\GoldenTicket.Simulator.exe".
       CopyFilesToOutputDirectory:
         Copying file from "D:\Projects\GoldenTicket\tools\GoldenTicket.Simulator\obj\Release\net10.0\GoldenTicket.Simulator.dll" to "D:\Projects\GoldenTicket\tools\GoldenTicket.Simulator\bin\Release\net10.0\GoldenTicket.Simulator.dll".
     4>CopyFilesToOutputDirectory:
         Copying file from "D:\Projects\GoldenTicket\src\GoldenTicket.Persistence\obj\Release\net10.0\GoldenTicket.Persistence.dll" to "D:\Projects\GoldenTicket\src\GoldenTicket.Persistence\bin\Release\net10.0\GoldenTicket.Persistence.dll".
     3>CopyFilesToOutputDirectory:
         Copying reference assembly from "obj\Release\net10.0\refint\GoldenTicket.Simulator.dll" to "D:\Projects\GoldenTicket\tools\GoldenTicket.Simulator\obj\Release\net10.0\ref\GoldenTicket.Simulator.dll".
     4>CopyFilesToOutputDirectory:
         Copying reference assembly from "obj\Release\net10.0\refint\GoldenTicket.Persistence.dll" to "D:\Projects\GoldenTicket\src\GoldenTicket.Persistence\obj\Release\net10.0\ref\GoldenTicket.Persistence.dll".
     3>CopyFilesToOutputDirectory:
         GoldenTicket.Simulator -> D:\Projects\GoldenTicket\tools\GoldenTicket.Simulator\bin\Release\net10.0\GoldenTicket.Simulator.dll
         Copying file from "D:\Projects\GoldenTicket\tools\GoldenTicket.Simulator\obj\Release\net10.0\GoldenTicket.Simulator.pdb" to "D:\Projects\GoldenTicket\tools\GoldenTicket.Simulator\bin\Release\net10.0\GoldenTicket.Simulator.pdb".
     4>CopyFilesToOutputDirectory:
         GoldenTicket.Persistence -> D:\Projects\GoldenTicket\src\GoldenTicket.Persistence\bin\Release\net10.0\GoldenTicket.Persistence.dll
         Copying file from "D:\Projects\GoldenTicket\src\GoldenTicket.Persistence\obj\Release\net10.0\GoldenTicket.Persistence.pdb" to "D:\Projects\GoldenTicket\src\GoldenTicket.Persistence\bin\Release\net10.0\GoldenTicket.Persistence.pdb".
     3>Done Building Project "D:\Projects\GoldenTicket\tools\GoldenTicket.Simulator\GoldenTicket.Simulator.csproj" (Rebuild target(s)).
     4>Done Building Project "D:\Projects\GoldenTicket\src\GoldenTicket.Persistence\GoldenTicket.Persistence.csproj" (Rebuild target(s)).
     7>GenerateTemporaryTargetAssembly:
         Copying file from "D:\Projects\GoldenTicket\src\GoldenTicket.Desktop\obj\GoldenTicket.Desktop.csproj.nuget.g.props" to "D:\Projects\GoldenTicket\src\GoldenTicket.Desktop\obj\GoldenTicket.Desktop_3ed2aosp_wpftmp.csproj.nuget.g.props".
         Copying file from "D:\Projects\GoldenTicket\src\GoldenTicket.Desktop\obj\GoldenTicket.Desktop.csproj.nuget.g.targets" to "D:\Projects\GoldenTicket\src\GoldenTicket.Desktop\obj\GoldenTicket.Desktop_3ed2aosp_wpftmp.csproj.nuget.g.targets".
         Copying file from "D:\Projects\GoldenTicket\src\GoldenTicket.Desktop\obj\GoldenTicket.Desktop.csproj.nuget.dgspec.json" to "D:\Projects\GoldenTicket\src\GoldenTicket.Desktop\obj\GoldenTicket.Desktop_3ed2aosp_wpftmp.csproj.nuget.dgspec.json".
     7>Project "D:\Projects\GoldenTicket\src\GoldenTicket.Desktop\GoldenTicket.Desktop.csproj" (7) is building "D:\Projects\GoldenTicket\src\GoldenTicket.Desktop\GoldenTicket.Desktop_3ed2aosp_wpftmp.csproj" (9) on node 1 (_CompileTemporaryAssembly target(s)).
     9>GenerateTargetFrameworkMonikerAttribute:
       Skipping target "GenerateTargetFrameworkMonikerAttribute" because all output files are up-to-date with respect to the input files.
       _GenerateSourceLinkFile:
         Source Link is empty, file 'obj\Release\net10.0-windows10.0.26100.0\win-x64\GoldenTicket.Desktop_3ed2aosp_wpftmp.sourcelink.json' does not exist.
       CoreCompile:
         Setting DOTNET_ROOT to 'C:\Program Files\dotnet'
         C:\Program Files\dotnet\sdk\10.0.401\Roslyn\bincore\csc.exe /noconfig /unsafe- /checked- /nowarn:CA1416,1701,1702,8002 /fullpaths /nostdlib+ /platform:x64 /errorreport:prompt /warn:10 /define:TRACE;RELEASE;NET;NET10_0;NETCOREAPP;WINDOWS;WINDOWS10_0_26100_0;NET5_0_OR_GREATER;NET6_0_OR_GREATER;NET7_0_OR_GREATER;NET8_0_OR_GREATER;NET9_0_OR_GREATER;NET10_0_OR_GREATER;NETCOREAPP1_0_OR_GREATER;NETCOREAPP1_1_OR_GREATER;NETCOREAPP2_0_OR_GREATER;NETCOREAPP2_1_OR_GREATER;NETCOREAPP2_2_OR_GREATER;NETCOREAPP3_0_OR_GREATER;NETCOREAPP3_1_OR_GREATER;WINDOWS10_0_26100_0_OR_GREATER;WINDOWS10_0_22621_0_OR_GREATER;WINDOWS10_0_22000_0_OR_GREATER;WINDOWS10_0_20348_0_OR_GREATER;WINDOWS10_0_19041_0_OR_GREATER;WINDOWS10_0_18362_0_OR_GREATER;WINDOWS10_0_17763_0_OR_GREATER;WINDOWS8_0_OR_GREATER;WINDOWS7_0_OR_GREATER /highentropyva+ /nullable:enable /reference:"C:\Program Files\dotnet\packs\Microsoft.WindowsDesktop.App.Ref\10.0.12\ref\net10.0\Accessibility.dll" /reference:C:\Users\abiem\.nuget\packages\communitytoolkit.mvvm\8.4.2\lib\net8.0-windows10.0.17763\CommunityToolkit.Mvvm.dll /reference:D:\Projects\GoldenTicket\src\GoldenTicket.AI\bin\Release\net10.0\GoldenTicket.AI.dll /reference:D:\Projects\GoldenTicket\src\GoldenTicket.Application\bin\Release\net10.0\GoldenTicket.Application.dll /reference:D:\Projects\GoldenTicket\src\GoldenTicket.Domain\bin\Release\net10.0\GoldenTicket.Domain.dll /reference:D:\Projects\GoldenTicket\src\GoldenTicket.Persistence\bin\Release\net10.0\GoldenTicket.Persistence.dll /reference:"C:\Program Files\dotnet\packs\Microsoft.NETCore.App.Ref\10.0.12\ref\net10.0\Microsoft.CSharp.dll" /reference:C:\Users\abiem\.nuget\packages\microsoft.data.sqlite.core\10.0.12\lib\net8.0\Microsoft.Data.Sqlite.dll /reference:"C:\Program Files\dotnet\packs\Microsoft.NETCore.App.Ref\10.0.12\ref\net10.0\Microsoft.VisualBasic.Core.dll" /reference:"C:\Program Files\dotnet\packs\Microsoft.NETCore.App.Ref\10.0.12\ref\net10.0\Microsoft.VisualBasic.dll" /reference:"C:\Program Files\dotnet\packs\Microsoft.NETCore.App.Ref\10.0.12\ref\net10.0\Microsoft.Win32.Primitives.dll" /reference:"C:\Program Files\dotnet\packs\Microsoft.WindowsDesktop.App.Ref\10.0.12\ref\net10.0\Microsoft.Win32.Registry.AccessControl.dll" /reference:"C:\Program Files\dotnet\packs\Microsoft.NETCore.App.Ref\10.0.12\ref\net10.0\Microsoft.Win32.Registry.dll" /reference:"C:\Program Files\dotnet\packs\Microsoft.WindowsDesktop.App.Ref\10.0.12\ref\net10.0\Microsoft.Win32.SystemEvents.dll" /reference:C:\Users\abiem\.nuget\packages\microsoft.windows.sdk.net.ref\10.0.26100.57\lib\net8.0\Microsoft.Windows.SDK.NET.dll /reference:"C:\Program Files\dotnet\packs\Microsoft.NETCore.App.Ref\10.0.12\ref\net10.0\mscorlib.dll" /reference:"C:\Program Files\dotnet\packs\Microsoft.NETCore.App.Ref\10.0.12\ref\net10.0\netstandard.dll" /reference:"C:\Program Files\dotnet\packs\Microsoft.WindowsDesktop.App.Ref\10.0.12\ref\net10.0\PresentationCore.dll" /reference:"C:\Program Files\dotnet\packs\Microsoft.WindowsDesktop.App.Ref\10.0.12\ref\net10.0\PresentationFramework.Aero.dll" /reference:"C:\Program Files\dotnet\packs\Microsoft.WindowsDesktop.App.Ref\10.0.12\ref\net10.0\PresentationFramework.Aero2.dll" /reference:"C:\Program Files\dotnet\packs\Microsoft.WindowsDesktop.App.Ref\10.0.12\ref\net10.0\PresentationFramework.AeroLite.dll" /reference:"C:\Program Files\dotnet\packs\Microsoft.WindowsDesktop.App.Ref\10.0.12\ref\net10.0\PresentationFramework.Classic.dll" /reference:"C:\Program Files\dotnet\packs\Microsoft.WindowsDesktop.App.Ref\10.0.12\ref\net10.0\PresentationFramework.dll" /reference:"C:\Program Files\dotnet\packs\Microsoft.WindowsDesktop.App.Ref\10.0.12\ref\net10.0\PresentationFramework.Luna.dll" /reference:"C:\Program Files\dotnet\packs\Microsoft.WindowsDesktop.App.Ref\10.0.12\ref\net10.0\PresentationFramework.Royale.dll" /reference:"C:\Program Files\dotnet\packs\Microsoft.WindowsDesktop.App.Ref\10.0.12\ref\net10.0\PresentationUI.dll" /reference:"C:\Program Files\dotnet\packs\Microsoft.WindowsDesktop.App.Ref\10.0.12\ref\net10.0\ReachFramework.dll" /reference:C:\Users\abiem\.nuget\packages\sqlitepclraw.bundle_e_sqlite3\2.1.12\lib\netstandard2.0\SQLitePCLRaw.batteries_v2.dll /reference:C:\Users\abiem\.nuget\packages\sqlitepclraw.core\2.1.12\lib\netstandard2.0\SQLitePCLRaw.core.dll /reference:C:\Users\abiem\.nuget\packages\sqlitepclraw.provider.e_sqlite3\2.1.12\lib\net6.0-windows7.0\SQLitePCLRaw.provider.e_sqlite3.dll /reference:"C:\Program Files\dotnet\packs\Microsoft.NETCore.App.Ref\10.0.12\ref\net10.0\System.AppContext.dll" /reference:"C:\Program Files\dotnet\packs\Microsoft.NETCore.App.Ref\10.0.12\ref\net10.0\System.Buffers.dll" /reference:"C:\Program Files\dotnet\packs\Microsoft.WindowsDesktop.App.Ref\10.0.12\ref\net10.0\System.CodeDom.dll" /reference:"C:\Program Files\dotnet\packs\Microsoft.NETCore.App.Ref\10.0.12\ref\net10.0\System.Collections.Concurrent.dll" /reference:"C:\Program Files\dotnet\packs\Microsoft.NETCore.App.Ref\10.0.12\ref\net10.0\System.Collections.dll" /reference:"C:\Program Files\dotnet\packs\Microsoft.NETCore.App.Ref\10.0.12\ref\net10.0\System.Collections.Immutable.dll" /reference:"C:\Program Files\dotnet\packs\Microsoft.NETCore.App.Ref\10.0.12\ref\net10.0\System.Collections.NonGeneric.dll" /reference:"C:\Program Files\dotnet\packs\Microsoft.NETCore.App.Ref\10.0.12\ref\net10.0\System.Collections.Specialized.dll" /reference:"C:\Program Files\dotnet\packs\Microsoft.NETCore.App.Ref\10.0.12\ref\net10.0\System.ComponentModel.Annotations.dll" /reference:"C:\Program Files\dotnet\packs\Microsoft.NETCore.App.Ref\10.0.12\ref\net10.0\System.ComponentModel.DataAnnotations.dll" /reference:"C:\Program Files\dotnet\packs\Microsoft.NETCore.App.Ref\10.0.12\ref\net10.0\System.ComponentModel.dll" /reference:"C:\Program Files\dotnet\packs\Microsoft.NETCore.App.Ref\10.0.12\ref\net10.0\System.ComponentModel.EventBasedAsync.dll" /reference:"C:\Program Files\dotnet\packs\Microsoft.NETCore.App.Ref\10.0.12\ref\net10.0\System.ComponentModel.Primitives.dll" /reference:"C:\Program Files\dotnet\packs\Microsoft.NETCore.App.Ref\10.0.12\ref\net10.0\System.ComponentModel.TypeConverter.dll" /reference:"C:\Program Files\dotnet\packs\Microsoft.WindowsDesktop.App.Ref\10.0.12\ref\net10.0\System.Configuration.ConfigurationManager.dll" /reference:"C:\Program Files\dotnet\packs\Microsoft.NETCore.App.Ref\10.0.12\ref\net10.0\System.Configuration.dll" /reference:"C:\Program Files\dotnet\packs\Microsoft.NETCore.App.Ref\10.0.12\ref\net10.0\System.Console.dll" /reference:"C:\Program Files\dotnet\packs\Microsoft.NETCore.App.Ref\10.0.12\ref\net10.0\System.Core.dll" /reference:"C:\Program Files\dotnet\packs\Microsoft.NETCore.App.Ref\10.0.12\ref\net10.0\System.Data.Common.dll" /reference:"C:\Program Files\dotnet\packs\Microsoft.NETCore.App.Ref\10.0.12\ref\net10.0\System.Data.DataSetExtensions.dll" /reference:"C:\Program Files\dotnet\packs\Microsoft.NETCore.App.Ref\10.0.12\ref\net10.0\System.Data.dll" /reference:"C:\Program Files\dotnet\packs\Microsoft.NETCore.App.Ref\10.0.12\ref\net10.0\System.Diagnostics.Contracts.dll" /reference:"C:\Program Files\dotnet\packs\Microsoft.NETCore.App.Ref\10.0.12\ref\net10.0\System.Diagnostics.Debug.dll" /reference:"C:\Program Files\dotnet\packs\Microsoft.NETCore.App.Ref\10.0.12\ref\net10.0\System.Diagnostics.DiagnosticSource.dll" /reference:"C:\Program Files\dotnet\packs\Microsoft.WindowsDesktop.App.Ref\10.0.12\ref\net10.0\System.Diagnostics.EventLog.dll" /reference:"C:\Program Files\dotnet\packs\Microsoft.NETCore.App.Ref\10.0.12\ref\net10.0\System.Diagnostics.FileVersionInfo.dll" /reference:"C:\Program Files\dotnet\packs\Microsoft.WindowsDesktop.App.Ref\10.0.12\ref\net10.0\System.Diagnostics.PerformanceCounter.dll" /reference:"C:\Program Files\dotnet\packs\Microsoft.NETCore.App.Ref\10.0.12\ref\net10.0\System.Diagnostics.Process.dll" /reference:"C:\Program Files\dotnet\packs\Microsoft.NETCore.App.Ref\10.0.12\ref\net10.0\System.Diagnostics.StackTrace.dll" /reference:"C:\Program Files\dotnet\packs\Microsoft.NETCore.App.Ref\10.0.12\ref\net10.0\System.Diagnostics.TextWriterTraceListener.dll" /reference:"C:\Program Files\dotnet\packs\Microsoft.NETCore.App.Ref\10.0.12\ref\net10.0\System.Diagnostics.Tools.dll" /reference:"C:\Program Files\dotnet\packs\Microsoft.NETCore.App.Ref\10.0.12\ref\net10.0\System.Diagnostics.TraceSource.dll" /reference:"C:\Program Files\dotnet\packs\Microsoft.NETCore.App.Ref\10.0.12\ref\net10.0\System.Diagnostics.Tracing.dll" /reference:"C:\Program Files\dotnet\packs\Microsoft.WindowsDesktop.App.Ref\10.0.12\ref\net10.0\System.DirectoryServices.dll" /reference:"C:\Program Files\dotnet\packs\Microsoft.NETCore.App.Ref\10.0.12\ref\net10.0\System.dll" /reference:"C:\Program Files\dotnet\packs\Microsoft.WindowsDesktop.App.Ref\10.0.12\ref\net10.0\System.Drawing.Common.dll" /reference:"C:\Program Files\dotnet\packs\Microsoft.NETCore.App.Ref\10.0.12\ref\net10.0\System.Drawing.dll" /reference:"C:\Program Files\dotnet\packs\Microsoft.NETCore.App.Ref\10.0.12\ref\net10.0\System.Drawing.Primitives.dll" /reference:"C:\Program Files\dotnet\packs\Microsoft.NETCore.App.Ref\10.0.12\ref\net10.0\System.Dynamic.Runtime.dll" /reference:"C:\Program Files\dotnet\packs\Microsoft.NETCore.App.Ref\10.0.12\ref\net10.0\System.Formats.Asn1.dll" /reference:"C:\Program Files\dotnet\packs\Microsoft.WindowsDesktop.App.Ref\10.0.12\ref\net10.0\System.Formats.Nrbf.dll" /reference:"C:\Program Files\dotnet\packs\Microsoft.NETCore.App.Ref\10.0.12\ref\net10.0\System.Formats.Tar.dll" /reference:"C:\Program Files\dotnet\packs\Microsoft.NETCore.App.Ref\10.0.12\ref\net10.0\System.Globalization.Calendars.dll" /reference:"C:\Program Files\dotnet\packs\Microsoft.NETCore.App.Ref\10.0.12\ref\net10.0\System.Globalization.dll" /reference:"C:\Program Files\dotnet\packs\Microsoft.NETCore.App.Ref\10.0.12\ref\net10.0\System.Globalization.Extensions.dll" /reference:"C:\Program Files\dotnet\packs\Microsoft.NETCore.App.Ref\10.0.12\ref\net10.0\System.IO.Compression.Brotli.dll" /reference:"C:\Program Files\dotnet\packs\Microsoft.NETCore.App.Ref\10.0.12\ref\net10.0\System.IO.Compression.dll" /reference:"C:\Program Files\dotnet\packs\Microsoft.NETCore.App.Ref\10.0.12\ref\net10.0\System.IO.Compression.FileSystem.dll" /reference:"C:\Program Files\dotnet\packs\Microsoft.NETCore.App.Ref\10.0.12\ref\net10.0\System.IO.Compression.ZipFile.dll" /reference:"C:\Program Files\dotnet\packs\Microsoft.NETCore.App.Ref\10.0.12\ref\net10.0\System.IO.dll" /reference:"C:\Program Files\dotnet\packs\Microsoft.NETCore.App.Ref\10.0.12\ref\net10.0\System.IO.FileSystem.AccessControl.dll" /reference:"C:\Program Files\dotnet\packs\Microsoft.NETCore.App.Ref\10.0.12\ref\net10.0\System.IO.FileSystem.dll" /reference:"C:\Program Files\dotnet\packs\Microsoft.NETCore.App.Ref\10.0.12\ref\net10.0\System.IO.FileSystem.DriveInfo.dll" /reference:"C:\Program Files\dotnet\packs\Microsoft.NETCore.App.Ref\10.0.12\ref\net10.0\System.IO.FileSystem.Primitives.dll" /reference:"C:\Program Files\dotnet\packs\Microsoft.NETCore.App.Ref\10.0.12\ref\net10.0\System.IO.FileSystem.Watcher.dll" /reference:"C:\Program Files\dotnet\packs\Microsoft.NETCore.App.Ref\10.0.12\ref\net10.0\System.IO.IsolatedStorage.dll" /reference:"C:\Program Files\dotnet\packs\Microsoft.NETCore.App.Ref\10.0.12\ref\net10.0\System.IO.MemoryMappedFiles.dll" /reference:"C:\Program Files\dotnet\packs\Microsoft.WindowsDesktop.App.Ref\10.0.12\ref\net10.0\System.IO.Packaging.dll" /reference:"C:\Program Files\dotnet\packs\Microsoft.NETCore.App.Ref\10.0.12\ref\net10.0\System.IO.Pipelines.dll" /reference:"C:\Program Files\dotnet\packs\Microsoft.NETCore.App.Ref\10.0.12\ref\net10.0\System.IO.Pipes.AccessControl.dll" /reference:"C:\Program Files\dotnet\packs\Microsoft.NETCore.App.Ref\10.0.12\ref\net10.0\System.IO.Pipes.dll" /reference:"C:\Program Files\dotnet\packs\Microsoft.NETCore.App.Ref\10.0.12\ref\net10.0\System.IO.UnmanagedMemoryStream.dll" /reference:"C:\Program Files\dotnet\packs\Microsoft.NETCore.App.Ref\10.0.12\ref\net10.0\System.Linq.AsyncEnumerable.dll" /reference:"C:\Program Files\dotnet\packs\Microsoft.NETCore.App.Ref\10.0.12\ref\net10.0\System.Linq.dll" /reference:"C:\Program Files\dotnet\packs\Microsoft.NETCore.App.Ref\10.0.12\ref\net10.0\System.Linq.Expressions.dll" /reference:"C:\Program Files\dotnet\packs\Microsoft.NETCore.App.Ref\10.0.12\ref\net10.0\System.Linq.Parallel.dll" /reference:"C:\Program Files\dotnet\packs\Microsoft.NETCore.App.Ref\10.0.12\ref\net10.0\System.Linq.Queryable.dll" /reference:"C:\Program Files\dotnet\packs\Microsoft.NETCore.App.Ref\10.0.12\ref\net10.0\System.Memory.dll" /reference:"C:\Program Files\dotnet\packs\Microsoft.NETCore.App.Ref\10.0.12\ref\net10.0\System.Net.dll" /reference:"C:\Program Files\dotnet\packs\Microsoft.NETCore.App.Ref\10.0.12\ref\net10.0\System.Net.Http.dll" /reference:"C:\Program Files\dotnet\packs\Microsoft.NETCore.App.Ref\10.0.12\ref\net10.0\System.Net.Http.Json.dll" /reference:"C:\Program Files\dotnet\packs\Microsoft.NETCore.App.Ref\10.0.12\ref\net10.0\System.Net.HttpListener.dll" /reference:"C:\Program Files\dotnet\packs\Microsoft.NETCore.App.Ref\10.0.12\ref\net10.0\System.Net.Mail.dll" /reference:"C:\Program Files\dotnet\packs\Microsoft.NETCore.App.Ref\10.0.12\ref\net10.0\System.Net.NameResolution.dll" /reference:"C:\Program Files\dotnet\packs\Microsoft.NETCore.App.Ref\10.0.12\ref\net10.0\System.Net.NetworkInformation.dll" /reference:"C:\Program Files\dotnet\packs\Microsoft.NETCore.App.Ref\10.0.12\ref\net10.0\System.Net.Ping.dll" /reference:"C:\Program Files\dotnet\packs\Microsoft.NETCore.App.Ref\10.0.12\ref\net10.0\System.Net.Primitives.dll" /reference:"C:\Program Files\dotnet\packs\Microsoft.NETCore.App.Ref\10.0.12\ref\net10.0\System.Net.Quic.dll" /reference:"C:\Program Files\dotnet\packs\Microsoft.NETCore.App.Ref\10.0.12\ref\net10.0\System.Net.Requests.dll" /reference:"C:\Program Files\dotnet\packs\Microsoft.NETCore.App.Ref\10.0.12\ref\net10.0\System.Net.Security.dll" /reference:"C:\Program Files\dotnet\packs\Microsoft.NETCore.App.Ref\10.0.12\ref\net10.0\System.Net.ServerSentEvents.dll" /reference:"C:\Program Files\dotnet\packs\Microsoft.NETCore.App.Ref\10.0.12\ref\net10.0\System.Net.ServicePoint.dll" /reference:"C:\Program Files\dotnet\packs\Microsoft.NETCore.App.Ref\10.0.12\ref\net10.0\System.Net.Sockets.dll" /reference:"C:\Program Files\dotnet\packs\Microsoft.NETCore.App.Ref\10.0.12\ref\net10.0\System.Net.WebClient.dll" /reference:"C:\Program Files\dotnet\packs\Microsoft.NETCore.App.Ref\10.0.12\ref\net10.0\System.Net.WebHeaderCollection.dll" /reference:"C:\Program Files\dotnet\packs\Microsoft.NETCore.App.Ref\10.0.12\ref\net10.0\System.Net.WebProxy.dll" /reference:"C:\Program Files\dotnet\packs\Microsoft.NETCore.App.Ref\10.0.12\ref\net10.0\System.Net.WebSockets.Client.dll" /reference:"C:\Program Files\dotnet\packs\Microsoft.NETCore.App.Ref\10.0.12\ref\net10.0\System.Net.WebSockets.dll" /reference:"C:\Program Files\dotnet\packs\Microsoft.NETCore.App.Ref\10.0.12\ref\net10.0\System.Numerics.dll" /reference:"C:\Program Files\dotnet\packs\Microsoft.NETCore.App.Ref\10.0.12\ref\net10.0\System.Numerics.Vectors.dll" /reference:"C:\Program Files\dotnet\packs\Microsoft.NETCore.App.Ref\10.0.12\ref\net10.0\System.ObjectModel.dll" /reference:"C:\Program Files\dotnet\packs\Microsoft.WindowsDesktop.App.Ref\10.0.12\ref\net10.0\System.Printing.dll" /reference:"C:\Program Files\dotnet\packs\Microsoft.WindowsDesktop.App.Ref\10.0.12\ref\net10.0\System.Private.Windows.Core.dll" /reference:"C:\Program Files\dotnet\packs\Microsoft.WindowsDesktop.App.Ref\10.0.12\ref\net10.0\System.Private.Windows.GdiPlus.dll" /reference:"C:\Program Files\dotnet\packs\Microsoft.NETCore.App.Ref\10.0.12\ref\net10.0\System.Reflection.DispatchProxy.dll" /reference:"C:\Program Files\dotnet\packs\Microsoft.NETCore.App.Ref\10.0.12\ref\net10.0\System.Reflection.dll" /reference:"C:\Program Files\dotnet\packs\Microsoft.NETCore.App.Ref\10.0.12\ref\net10.0\System.Reflection.Emit.dll" /reference:"C:\Program Files\dotnet\packs\Microsoft.NETCore.App.Ref\10.0.12\ref\net10.0\System.Reflection.Emit.ILGeneration.dll" /reference:"C:\Program Files\dotnet\packs\Microsoft.NETCore.App.Ref\10.0.12\ref\net10.0\System.Reflection.Emit.Lightweight.dll" /reference:"C:\Program Files\dotnet\packs\Microsoft.NETCore.App.Ref\10.0.12\ref\net10.0\System.Reflection.Extensions.dll" /reference:"C:\Program Files\dotnet\packs\Microsoft.NETCore.App.Ref\10.0.12\ref\net10.0\System.Reflection.Metadata.dll" /reference:"C:\Program Files\dotnet\packs\Microsoft.NETCore.App.Ref\10.0.12\ref\net10.0\System.Reflection.Primitives.dll" /reference:"C:\Program Files\dotnet\packs\Microsoft.NETCore.App.Ref\10.0.12\ref\net10.0\System.Reflection.TypeExtensions.dll" /reference:"C:\Program Files\dotnet\packs\Microsoft.WindowsDesktop.App.Ref\10.0.12\ref\net10.0\System.Resources.Extensions.dll" /reference:"C:\Program Files\dotnet\packs\Microsoft.NETCore.App.Ref\10.0.12\ref\net10.0\System.Resources.Reader.dll" /reference:"C:\Program Files\dotnet\packs\Microsoft.NETCore.App.Ref\10.0.12\ref\net10.0\System.Resources.ResourceManager.dll" /reference:"C:\Program Files\dotnet\packs\Microsoft.NETCore.App.Ref\10.0.12\ref\net10.0\System.Resources.Writer.dll" /reference:"C:\Program Files\dotnet\packs\Microsoft.NETCore.App.Ref\10.0.12\ref\net10.0\System.Runtime.CompilerServices.Unsafe.dll" /reference:"C:\Program Files\dotnet\packs\Microsoft.NETCore.App.Ref\10.0.12\ref\net10.0\System.Runtime.CompilerServices.VisualC.dll" /reference:"C:\Program Files\dotnet\packs\Microsoft.NETCore.App.Ref\10.0.12\ref\net10.0\System.Runtime.dll" /reference:"C:\Program Files\dotnet\packs\Microsoft.NETCore.App.Ref\10.0.12\ref\net10.0\System.Runtime.Extensions.dll" /reference:"C:\Program Files\dotnet\packs\Microsoft.NETCore.App.Ref\10.0.12\ref\net10.0\System.Runtime.Handles.dll" /reference:"C:\Program Files\dotnet\packs\Microsoft.NETCore.App.Ref\10.0.12\ref\net10.0\System.Runtime.InteropServices.dll" /reference:"C:\Program Files\dotnet\packs\Microsoft.NETCore.App.Ref\10.0.12\ref\net10.0\System.Runtime.InteropServices.JavaScript.dll" /reference:"C:\Program Files\dotnet\packs\Microsoft.NETCore.App.Ref\10.0.12\ref\net10.0\System.Runtime.InteropServices.RuntimeInformation.dll" /reference:"C:\Program Files\dotnet\packs\Microsoft.NETCore.App.Ref\10.0.12\ref\net10.0\System.Runtime.Intrinsics.dll" /reference:"C:\Program Files\dotnet\packs\Microsoft.NETCore.App.Ref\10.0.12\ref\net10.0\System.Runtime.Loader.dll" /reference:"C:\Program Files\dotnet\packs\Microsoft.NETCore.App.Ref\10.0.12\ref\net10.0\System.Runtime.Numerics.dll" /reference:"C:\Program Files\dotnet\packs\Microsoft.NETCore.App.Ref\10.0.12\ref\net10.0\System.Runtime.Serialization.dll" /reference:"C:\Program Files\dotnet\packs\Microsoft.NETCore.App.Ref\10.0.12\ref\net10.0\System.Runtime.Serialization.Formatters.dll" /reference:"C:\Program Files\dotnet\packs\Microsoft.NETCore.App.Ref\10.0.12\ref\net10.0\System.Runtime.Serialization.Json.dll" /reference:"C:\Program Files\dotnet\packs\Microsoft.NETCore.App.Ref\10.0.12\ref\net10.0\System.Runtime.Serialization.Primitives.dll" /reference:"C:\Program Files\dotnet\packs\Microsoft.NETCore.App.Ref\10.0.12\ref\net10.0\System.Runtime.Serialization.Xml.dll" /reference:"C:\Program Files\dotnet\packs\Microsoft.NETCore.App.Ref\10.0.12\ref\net10.0\System.Security.AccessControl.dll" /reference:"C:\Program Files\dotnet\packs\Microsoft.NETCore.App.Ref\10.0.12\ref\net10.0\System.Security.Claims.dll" /reference:"C:\Program Files\dotnet\packs\Microsoft.NETCore.App.Ref\10.0.12\ref\net10.0\System.Security.Cryptography.Algorithms.dll" /reference:"C:\Program Files\dotnet\packs\Microsoft.NETCore.App.Ref\10.0.12\ref\net10.0\System.Security.Cryptography.Cng.dll" /reference:"C:\Program Files\dotnet\packs\Microsoft.NETCore.App.Ref\10.0.12\ref\net10.0\System.Security.Cryptography.Csp.dll" /reference:"C:\Program Files\dotnet\packs\Microsoft.NETCore.App.Ref\10.0.12\ref\net10.0\System.Security.Cryptography.dll" /reference:"C:\Program Files\dotnet\packs\Microsoft.NETCore.App.Ref\10.0.12\ref\net10.0\System.Security.Cryptography.Encoding.dll" /reference:"C:\Program Files\dotnet\packs\Microsoft.NETCore.App.Ref\10.0.12\ref\net10.0\System.Security.Cryptography.OpenSsl.dll" /reference:"C:\Program Files\dotnet\packs\Microsoft.WindowsDesktop.App.Ref\10.0.12\ref\net10.0\System.Security.Cryptography.Pkcs.dll" /reference:"C:\Program Files\dotnet\packs\Microsoft.NETCore.App.Ref\10.0.12\ref\net10.0\System.Security.Cryptography.Primitives.dll" /reference:"C:\Program Files\dotnet\packs\Microsoft.WindowsDesktop.App.Ref\10.0.12\ref\net10.0\System.Security.Cryptography.ProtectedData.dll" /reference:"C:\Program Files\dotnet\packs\Microsoft.NETCore.App.Ref\10.0.12\ref\net10.0\System.Security.Cryptography.X509Certificates.dll" /reference:"C:\Program Files\dotnet\packs\Microsoft.WindowsDesktop.App.Ref\10.0.12\ref\net10.0\System.Security.Cryptography.Xml.dll" /reference:"C:\Program Files\dotnet\packs\Microsoft.NETCore.App.Ref\10.0.12\ref\net10.0\System.Security.dll" /reference:"C:\Program Files\dotnet\packs\Microsoft.WindowsDesktop.App.Ref\10.0.12\ref\net10.0\System.Security.Permissions.dll" /reference:"C:\Program Files\dotnet\packs\Microsoft.NETCore.App.Ref\10.0.12\ref\net10.0\System.Security.Principal.dll" /reference:"C:\Program Files\dotnet\packs\Microsoft.NETCore.App.Ref\10.0.12\ref\net10.0\System.Security.Principal.Windows.dll" /reference:"C:\Program Files\dotnet\packs\Microsoft.NETCore.App.Ref\10.0.12\ref\net10.0\System.Security.SecureString.dll" /reference:"C:\Program Files\dotnet\packs\Microsoft.NETCore.App.Ref\10.0.12\ref\net10.0\System.ServiceModel.Web.dll" /reference:"C:\Program Files\dotnet\packs\Microsoft.NETCore.App.Ref\10.0.12\ref\net10.0\System.ServiceProcess.dll" /reference:"C:\Program Files\dotnet\packs\Microsoft.NETCore.App.Ref\10.0.12\ref\net10.0\System.Text.Encoding.CodePages.dll" /reference:"C:\Program Files\dotnet\packs\Microsoft.NETCore.App.Ref\10.0.12\ref\net10.0\System.Text.Encoding.dll" /reference:"C:\Program Files\dotnet\packs\Microsoft.NETCore.App.Ref\10.0.12\ref\net10.0\System.Text.Encoding.Extensions.dll" /reference:"C:\Program Files\dotnet\packs\Microsoft.NETCore.App.Ref\10.0.12\ref\net10.0\System.Text.Encodings.Web.dll" /reference:"C:\Program Files\dotnet\packs\Microsoft.NETCore.App.Ref\10.0.12\ref\net10.0\System.Text.Json.dll" /reference:"C:\Program Files\dotnet\packs\Microsoft.NETCore.App.Ref\10.0.12\ref\net10.0\System.Text.RegularExpressions.dll" /reference:"C:\Program Files\dotnet\packs\Microsoft.NETCore.App.Ref\10.0.12\ref\net10.0\System.Threading.AccessControl.dll" /reference:"C:\Program Files\dotnet\packs\Microsoft.NETCore.App.Ref\10.0.12\ref\net10.0\System.Threading.Channels.dll" /reference:"C:\Program Files\dotnet\packs\Microsoft.NETCore.App.Ref\10.0.12\ref\net10.0\System.Threading.dll" /reference:"C:\Program Files\dotnet\packs\Microsoft.NETCore.App.Ref\10.0.12\ref\net10.0\System.Threading.Overlapped.dll" /reference:"C:\Program Files\dotnet\packs\Microsoft.NETCore.App.Ref\10.0.12\ref\net10.0\System.Threading.Tasks.Dataflow.dll" /reference:"C:\Program Files\dotnet\packs\Microsoft.NETCore.App.Ref\10.0.12\ref\net10.0\System.Threading.Tasks.dll" /reference:"C:\Program Files\dotnet\packs\Microsoft.NETCore.App.Ref\10.0.12\ref\net10.0\System.Threading.Tasks.Extensions.dll" /reference:"C:\Program Files\dotnet\packs\Microsoft.NETCore.App.Ref\10.0.12\ref\net10.0\System.Threading.Tasks.Parallel.dll" /reference:"C:\Program Files\dotnet\packs\Microsoft.NETCore.App.Ref\10.0.12\ref\net10.0\System.Threading.Thread.dll" /reference:"C:\Program Files\dotnet\packs\Microsoft.NETCore.App.Ref\10.0.12\ref\net10.0\System.Threading.ThreadPool.dll" /reference:"C:\Program Files\dotnet\packs\Microsoft.NETCore.App.Ref\10.0.12\ref\net10.0\System.Threading.Timer.dll" /reference:"C:\Program Files\dotnet\packs\Microsoft.NETCore.App.Ref\10.0.12\ref\net10.0\System.Transactions.dll" /reference:"C:\Program Files\dotnet\packs\Microsoft.NETCore.App.Ref\10.0.12\ref\net10.0\System.Transactions.Local.dll" /reference:"C:\Program Files\dotnet\packs\Microsoft.NETCore.App.Ref\10.0.12\ref\net10.0\System.ValueTuple.dll" /reference:"C:\Program Files\dotnet\packs\Microsoft.NETCore.App.Ref\10.0.12\ref\net10.0\System.Web.dll" /reference:"C:\Program Files\dotnet\packs\Microsoft.NETCore.App.Ref\10.0.12\ref\net10.0\System.Web.HttpUtility.dll" /reference:"C:\Program Files\dotnet\packs\Microsoft.WindowsDesktop.App.Ref\10.0.12\ref\net10.0\System.Windows.Controls.Ribbon.dll" /reference:"C:\Program Files\dotnet\packs\Microsoft.NETCore.App.Ref\10.0.12\ref\net10.0\System.Windows.dll" /reference:"C:\Program Files\dotnet\packs\Microsoft.WindowsDesktop.App.Ref\10.0.12\ref\net10.0\System.Windows.Extensions.dll" /reference:"C:\Program Files\dotnet\packs\Microsoft.WindowsDesktop.App.Ref\10.0.12\ref\net10.0\System.Windows.Input.Manipulations.dll" /reference:"C:\Program Files\dotnet\packs\Microsoft.WindowsDesktop.App.Ref\10.0.12\ref\net10.0\System.Windows.Presentation.dll" /reference:"C:\Program Files\dotnet\packs\Microsoft.WindowsDesktop.App.Ref\10.0.12\ref\net10.0\System.Windows.Primitives.dll" /reference:"C:\Program Files\dotnet\packs\Microsoft.WindowsDesktop.App.Ref\10.0.12\ref\net10.0\System.Xaml.dll" /reference:"C:\Program Files\dotnet\packs\Microsoft.NETCore.App.Ref\10.0.12\ref\net10.0\System.Xml.dll" /reference:"C:\Program Files\dotnet\packs\Microsoft.NETCore.App.Ref\10.0.12\ref\net10.0\System.Xml.Linq.dll" /reference:"C:\Program Files\dotnet\packs\Microsoft.NETCore.App.Ref\10.0.12\ref\net10.0\System.Xml.ReaderWriter.dll" /reference:"C:\Program Files\dotnet\packs\Microsoft.NETCore.App.Ref\10.0.12\ref\net10.0\System.Xml.Serialization.dll" /reference:"C:\Program Files\dotnet\packs\Microsoft.NETCore.App.Ref\10.0.12\ref\net10.0\System.Xml.XDocument.dll" /reference:"C:\Program Files\dotnet\packs\Microsoft.NETCore.App.Ref\10.0.12\ref\net10.0\System.Xml.XmlDocument.dll" /reference:"C:\Program Files\dotnet\packs\Microsoft.NETCore.App.Ref\10.0.12\ref\net10.0\System.Xml.XmlSerializer.dll" /reference:"C:\Program Files\dotnet\packs\Microsoft.NETCore.App.Ref\10.0.12\ref\net10.0\System.Xml.XPath.dll" /reference:"C:\Program Files\dotnet\packs\Microsoft.NETCore.App.Ref\10.0.12\ref\net10.0\System.Xml.XPath.XDocument.dll" /reference:"C:\Program Files\dotnet\packs\Microsoft.WindowsDesktop.App.Ref\10.0.12\ref\net10.0\UIAutomationClient.dll" /reference:"C:\Program Files\dotnet\packs\Microsoft.WindowsDesktop.App.Ref\10.0.12\ref\net10.0\UIAutomationClientSideProviders.dll" /reference:"C:\Program Files\dotnet\packs\Microsoft.WindowsDesktop.App.Ref\10.0.12\ref\net10.0\UIAutomationProvider.dll" /reference:"C:\Program Files\dotnet\packs\Microsoft.WindowsDesktop.App.Ref\10.0.12\ref\net10.0\UIAutomationTypes.dll" /reference:"C:\Program Files\dotnet\packs\Microsoft.WindowsDesktop.App.Ref\10.0.12\ref\net10.0\WindowsBase.dll" /reference:C:\Users\abiem\.nuget\packages\microsoft.windows.sdk.net.ref\10.0.26100.57\lib\net8.0\WinRT.Runtime.dll /features:"InterceptorsNamespaces=;Microsoft.Extensions.Validation.Generated" /debug- /debug:portable /filealign:512 /optimize+ /out:obj\Release\net10.0-windows10.0.26100.0\win-x64\GoldenTicket.dll /refout:obj\Release\net10.0-windows10.0.26100.0\win-x64\refint\GoldenTicket.dll /target:winexe /warnaserror- /utf8output /deterministic+ /langversion:latest /analyzerconfig:obj\Release\net10.0-windows10.0.26100.0\win-x64\GoldenTicket.Desktop_3ed2aosp_wpftmp.GeneratedMSBuildEditorConfig.editorconfig /analyzerconfig:"C:\Program Files\dotnet\sdk\10.0.401\Sdks\Microsoft.NET.Sdk\analyzers\build\config\analysislevel_10_default.globalconfig" /analyzer:"C:\Program Files\dotnet\sdk\10.0.401\Sdks\Microsoft.NET.Sdk\targets\..\analyzers\Microsoft.CodeAnalysis.CSharp.NetAnalyzers.dll" /analyzer:"C:\Program Files\dotnet\sdk\10.0.401\Sdks\Microsoft.NET.Sdk\targets\..\analyzers\Microsoft.CodeAnalysis.NetAnalyzers.dll" /analyzer:C:\Users\abiem\.nuget\packages\communitytoolkit.mvvm\8.4.2\analyzers\dotnet\roslyn5.0\cs\CommunityToolkit.Mvvm.CodeFixers.dll /analyzer:C:\Users\abiem\.nuget\packages\communitytoolkit.mvvm\8.4.2\analyzers\dotnet\roslyn5.0\cs\CommunityToolkit.Mvvm.SourceGenerators.dll /analyzer:"C:\Program Files\dotnet\packs\Microsoft.NETCore.App.Ref\10.0.12\analyzers/dotnet/cs/Microsoft.Interop.ComInterfaceGenerator.dll" /analyzer:"C:\Program Files\dotnet\packs\Microsoft.NETCore.App.Ref\10.0.12\analyzers/dotnet/cs/Microsoft.Interop.JavaScript.JSImportGenerator.dll" /analyzer:"C:\Program Files\dotnet\packs\Microsoft.NETCore.App.Ref\10.0.12\analyzers/dotnet/cs/Microsoft.Interop.LibraryImportGenerator.dll" /analyzer:"C:\Program Files\dotnet\packs\Microsoft.NETCore.App.Ref\10.0.12\analyzers/dotnet/cs/Microsoft.Interop.SourceGeneration.dll" /analyzer:"C:\Program Files\dotnet\packs\Microsoft.NETCore.App.Ref\10.0.12\analyzers/dotnet/cs/System.Text.Json.SourceGeneration.dll" /analyzer:"C:\Program Files\dotnet\packs\Microsoft.NETCore.App.Ref\10.0.12\analyzers/dotnet/cs/System.Text.RegularExpressions.Generator.dll" /analyzer:C:\Users\abiem\.nuget\packages\microsoft.windows.sdk.net.ref\10.0.26100.57\analyzers/dotnet/cs/WinRT.SourceGenerator.dll App.xaml.cs Converters.cs DiagnosticLog.cs MainWindow.xaml.cs ViewModels\MainViewModel.cs ViewModels\PrivateSeatViewModel.cs ViewModels\SetupViewModel.cs ViewModels\TableViewModel.cs Views\FinalScoreView.xaml.cs Views\PrivateSeatView.xaml.cs Views\SetupView.xaml.cs Views\TableView.xaml.cs D:\Projects\GoldenTicket\src\GoldenTicket.Desktop\obj\Release\net10.0-windows10.0.26100.0\win-x64\MainWindow.g.cs D:\Projects\GoldenTicket\src\GoldenTicket.Desktop\obj\Release\net10.0-windows10.0.26100.0\win-x64\Views\FinalScoreView.g.cs D:\Projects\GoldenTicket\src\GoldenTicket.Desktop\obj\Release\net10.0-windows10.0.26100.0\win-x64\Views\PrivateSeatView.g.cs D:\Projects\GoldenTicket\src\GoldenTicket.Desktop\obj\Release\net10.0-windows10.0.26100.0\win-x64\Views\SetupView.g.cs D:\Projects\GoldenTicket\src\GoldenTicket.Desktop\obj\Release\net10.0-windows10.0.26100.0\win-x64\Views\TableView.g.cs D:\Projects\GoldenTicket\src\GoldenTicket.Desktop\obj\Release\net10.0-windows10.0.26100.0\win-x64\App.g.cs D:\Projects\GoldenTicket\src\GoldenTicket.Desktop\obj\Release\net10.0-windows10.0.26100.0\win-x64\GeneratedInternalTypeHelper.g.cs "obj\Release\net10.0-windows10.0.26100.0\win-x64\.NETCoreApp,Version=v10.0.AssemblyAttributes.cs" obj\Release\net10.0-windows10.0.26100.0\win-x64\GoldenTicket.Desktop_3ed2aosp_wpftmp.AssemblyInfo.cs obj\Release\net10.0-windows10.0.26100.0\win-x64\GoldenTicket.Desktop_3ed2aosp_wpftmp.GlobalUsings.g.cs /warnaserror+:NU1605,SYSLIB0011
         Compilation request GoldenTicket.Desktop_3ed2aosp_wpftmp (net10.0-windows10.0.26100.0), PathToTool=C:\Program Files\dotnet\sdk\10.0.401\Roslyn\bincore\csc.exe
         CommandLine = ' /noconfig'
         BuildResponseFile = '/unsafe- /checked- /nowarn:CA1416,1701,1702,8002 /fullpaths /nostdlib+ /platform:x64 /errorreport:prompt /warn:10 /define:TRACE;RELEASE;NET;NET10_0;NETCOREAPP;WINDOWS;WINDOWS10_0_26100_0;NET5_0_OR_GREATER;NET6_0_OR_GREATER;NET7_0_OR_GREATER;NET8_0_OR_GREATER;NET9_0_OR_GREATER;NET10_0_OR_GREATER;NETCOREAPP1_0_OR_GREATER;NETCOREAPP1_1_OR_GREATER;NETCOREAPP2_0_OR_GREATER;NETCOREAPP2_1_OR_GREATER;NETCOREAPP2_2_OR_GREATER;NETCOREAPP3_0_OR_GREATER;NETCOREAPP3_1_OR_GREATER;WINDOWS10_0_26100_0_OR_GREATER;WINDOWS10_0_22621_0_OR_GREATER;WINDOWS10_0_22000_0_OR_GREATER;WINDOWS10_0_20348_0_OR_GREATER;WINDOWS10_0_19041_0_OR_GREATER;WINDOWS10_0_18362_0_OR_GREATER;WINDOWS10_0_17763_0_OR_GREATER;WINDOWS8_0_OR_GREATER;WINDOWS7_0_OR_GREATER /highentropyva+ /nullable:enable /reference:"C:\Program Files\dotnet\packs\Microsoft.WindowsDesktop.App.Ref\10.0.12\ref\net10.0\Accessibility.dll" /reference:C:\Users\abiem\.nuget\packages\communitytoolkit.mvvm\8.4.2\lib\net8.0-windows10.0.17763\CommunityToolkit.Mvvm.dll /reference:D:\Projects\GoldenTicket\src\GoldenTicket.AI\bin\Release\net10.0\GoldenTicket.AI.dll /reference:D:\Projects\GoldenTicket\src\GoldenTicket.Application\bin\Release\net10.0\GoldenTicket.Application.dll /reference:D:\Projects\GoldenTicket\src\GoldenTicket.Domain\bin\Release\net10.0\GoldenTicket.Domain.dll /reference:D:\Projects\GoldenTicket\src\GoldenTicket.Persistence\bin\Release\net10.0\GoldenTicket.Persistence.dll /reference:"C:\Program Files\dotnet\packs\Microsoft.NETCore.App.Ref\10.0.12\ref\net10.0\Microsoft.CSharp.dll" /reference:C:\Users\abiem\.nuget\packages\microsoft.data.sqlite.core\10.0.12\lib\net8.0\Microsoft.Data.Sqlite.dll /reference:"C:\Program Files\dotnet\packs\Microsoft.NETCore.App.Ref\10.0.12\ref\net10.0\Microsoft.VisualBasic.Core.dll" /reference:"C:\Program Files\dotnet\packs\Microsoft.NETCore.App.Ref\10.0.12\ref\net10.0\Microsoft.VisualBasic.dll" /reference:"C:\Program Files\dotnet\packs\Microsoft.NETCore.App.Ref\10.0.12\ref\net10.0\Microsoft.Win32.Primitives.dll" /reference:"C:\Program Files\dotnet\packs\Microsoft.WindowsDesktop.App.Ref\10.0.12\ref\net10.0\Microsoft.Win32.Registry.AccessControl.dll" /reference:"C:\Program Files\dotnet\packs\Microsoft.NETCore.App.Ref\10.0.12\ref\net10.0\Microsoft.Win32.Registry.dll" /reference:"C:\Program Files\dotnet\packs\Microsoft.WindowsDesktop.App.Ref\10.0.12\ref\net10.0\Microsoft.Win32.SystemEvents.dll" /reference:C:\Users\abiem\.nuget\packages\microsoft.windows.sdk.net.ref\10.0.26100.57\lib\net8.0\Microsoft.Windows.SDK.NET.dll /reference:"C:\Program Files\dotnet\packs\Microsoft.NETCore.App.Ref\10.0.12\ref\net10.0\mscorlib.dll" /reference:"C:\Program Files\dotnet\packs\Microsoft.NETCore.App.Ref\10.0.12\ref\net10.0\netstandard.dll" /reference:"C:\Program Files\dotnet\packs\Microsoft.WindowsDesktop.App.Ref\10.0.12\ref\net10.0\PresentationCore.dll" /reference:"C:\Program Files\dotnet\packs\Microsoft.WindowsDesktop.App.Ref\10.0.12\ref\net10.0\PresentationFramework.Aero.dll" /reference:"C:\Program Files\dotnet\packs\Microsoft.WindowsDesktop.App.Ref\10.0.12\ref\net10.0\PresentationFramework.Aero2.dll" /reference:"C:\Program Files\dotnet\packs\Microsoft.WindowsDesktop.App.Ref\10.0.12\ref\net10.0\PresentationFramework.AeroLite.dll" /reference:"C:\Program Files\dotnet\packs\Microsoft.WindowsDesktop.App.Ref\10.0.12\ref\net10.0\PresentationFramework.Classic.dll" /reference:"C:\Program Files\dotnet\packs\Microsoft.WindowsDesktop.App.Ref\10.0.12\ref\net10.0\PresentationFramework.dll" /reference:"C:\Program Files\dotnet\packs\Microsoft.WindowsDesktop.App.Ref\10.0.12\ref\net10.0\PresentationFramework.Luna.dll" /reference:"C:\Program Files\dotnet\packs\Microsoft.WindowsDesktop.App.Ref\10.0.12\ref\net10.0\PresentationFramework.Royale.dll" /reference:"C:\Program Files\dotnet\packs\Microsoft.WindowsDesktop.App.Ref\10.0.12\ref\net10.0\PresentationUI.dll" /reference:"C:\Program Files\dotnet\packs\Microsoft.WindowsDesktop.App.Ref\10.0.12\ref\net10.0\ReachFramework.dll" /reference:C:\Users\abiem\.nuget\packages\sqlitepclraw.bundle_e_sqlite3\2.1.12\lib\netstandard2.0\SQLitePCLRaw.batteries_v2.dll /reference:C:\Users\abiem\.nuget\packages\sqlitepclraw.core\2.1.12\lib\netstandard2.0\SQLitePCLRaw.core.dll /reference:C:\Users\abiem\.nuget\packages\sqlitepclraw.provider.e_sqlite3\2.1.12\lib\net6.0-windows7.0\SQLitePCLRaw.provider.e_sqlite3.dll /reference:"C:\Program Files\dotnet\packs\Microsoft.NETCore.App.Ref\10.0.12\ref\net10.0\System.AppContext.dll" /reference:"C:\Program Files\dotnet\packs\Microsoft.NETCore.App.Ref\10.0.12\ref\net10.0\System.Buffers.dll" /reference:"C:\Program Files\dotnet\packs\Microsoft.WindowsDesktop.App.Ref\10.0.12\ref\net10.0\System.CodeDom.dll" /reference:"C:\Program Files\dotnet\packs\Microsoft.NETCore.App.Ref\10.0.12\ref\net10.0\System.Collections.Concurrent.dll" /reference:"C:\Program Files\dotnet\packs\Microsoft.NETCore.App.Ref\10.0.12\ref\net10.0\System.Collections.dll" /reference:"C:\Program Files\dotnet\packs\Microsoft.NETCore.App.Ref\10.0.12\ref\net10.0\System.Collections.Immutable.dll" /reference:"C:\Program Files\dotnet\packs\Microsoft.NETCore.App.Ref\10.0.12\ref\net10.0\System.Collections.NonGeneric.dll" /reference:"C:\Program Files\dotnet\packs\Microsoft.NETCore.App.Ref\10.0.12\ref\net10.0\System.Collections.Specialized.dll" /reference:"C:\Program Files\dotnet\packs\Microsoft.NETCore.App.Ref\10.0.12\ref\net10.0\System.ComponentModel.Annotations.dll" /reference:"C:\Program Files\dotnet\packs\Microsoft.NETCore.App.Ref\10.0.12\ref\net10.0\System.ComponentModel.DataAnnotations.dll" /reference:"C:\Program Files\dotnet\packs\Microsoft.NETCore.App.Ref\10.0.12\ref\net10.0\System.ComponentModel.dll" /reference:"C:\Program Files\dotnet\packs\Microsoft.NETCore.App.Ref\10.0.12\ref\net10.0\System.ComponentModel.EventBasedAsync.dll" /reference:"C:\Program Files\dotnet\packs\Microsoft.NETCore.App.Ref\10.0.12\ref\net10.0\System.ComponentModel.Primitives.dll" /reference:"C:\Program Files\dotnet\packs\Microsoft.NETCore.App.Ref\10.0.12\ref\net10.0\System.ComponentModel.TypeConverter.dll" /reference:"C:\Program Files\dotnet\packs\Microsoft.WindowsDesktop.App.Ref\10.0.12\ref\net10.0\System.Configuration.ConfigurationManager.dll" /reference:"C:\Program Files\dotnet\packs\Microsoft.NETCore.App.Ref\10.0.12\ref\net10.0\System.Configuration.dll" /reference:"C:\Program Files\dotnet\packs\Microsoft.NETCore.App.Ref\10.0.12\ref\net10.0\System.Console.dll" /reference:"C:\Program Files\dotnet\packs\Microsoft.NETCore.App.Ref\10.0.12\ref\net10.0\System.Core.dll" /reference:"C:\Program Files\dotnet\packs\Microsoft.NETCore.App.Ref\10.0.12\ref\net10.0\System.Data.Common.dll" /reference:"C:\Program Files\dotnet\packs\Microsoft.NETCore.App.Ref\10.0.12\ref\net10.0\System.Data.DataSetExtensions.dll" /reference:"C:\Program Files\dotnet\packs\Microsoft.NETCore.App.Ref\10.0.12\ref\net10.0\System.Data.dll" /reference:"C:\Program Files\dotnet\packs\Microsoft.NETCore.App.Ref\10.0.12\ref\net10.0\System.Diagnostics.Contracts.dll" /reference:"C:\Program Files\dotnet\packs\Microsoft.NETCore.App.Ref\10.0.12\ref\net10.0\System.Diagnostics.Debug.dll" /reference:"C:\Program Files\dotnet\packs\Microsoft.NETCore.App.Ref\10.0.12\ref\net10.0\System.Diagnostics.DiagnosticSource.dll" /reference:"C:\Program Files\dotnet\packs\Microsoft.WindowsDesktop.App.Ref\10.0.12\ref\net10.0\System.Diagnostics.EventLog.dll" /reference:"C:\Program Files\dotnet\packs\Microsoft.NETCore.App.Ref\10.0.12\ref\net10.0\System.Diagnostics.FileVersionInfo.dll" /reference:"C:\Program Files\dotnet\packs\Microsoft.WindowsDesktop.App.Ref\10.0.12\ref\net10.0\System.Diagnostics.PerformanceCounter.dll" /reference:"C:\Program Files\dotnet\packs\Microsoft.NETCore.App.Ref\10.0.12\ref\net10.0\System.Diagnostics.Process.dll" /reference:"C:\Program Files\dotnet\packs\Microsoft.NETCore.App.Ref\10.0.12\ref\net10.0\System.Diagnostics.StackTrace.dll" /reference:"C:\Program Files\dotnet\packs\Microsoft.NETCore.App.Ref\10.0.12\ref\net10.0\System.Diagnostics.TextWriterTraceListener.dll" /reference:"C:\Program Files\dotnet\packs\Microsoft.NETCore.App.Ref\10.0.12\ref\net10.0\System.Diagnostics.Tools.dll" /reference:"C:\Program Files\dotnet\packs\Microsoft.NETCore.App.Ref\10.0.12\ref\net10.0\System.Diagnostics.TraceSource.dll" /reference:"C:\Program Files\dotnet\packs\Microsoft.NETCore.App.Ref\10.0.12\ref\net10.0\System.Diagnostics.Tracing.dll" /reference:"C:\Program Files\dotnet\packs\Microsoft.WindowsDesktop.App.Ref\10.0.12\ref\net10.0\System.DirectoryServices.dll" /reference:"C:\Program Files\dotnet\packs\Microsoft.NETCore.App.Ref\10.0.12\ref\net10.0\System.dll" /reference:"C:\Program Files\dotnet\packs\Microsoft.WindowsDesktop.App.Ref\10.0.12\ref\net10.0\System.Drawing.Common.dll" /reference:"C:\Program Files\dotnet\packs\Microsoft.NETCore.App.Ref\10.0.12\ref\net10.0\System.Drawing.dll" /reference:"C:\Program Files\dotnet\packs\Microsoft.NETCore.App.Ref\10.0.12\ref\net10.0\System.Drawing.Primitives.dll" /reference:"C:\Program Files\dotnet\packs\Microsoft.NETCore.App.Ref\10.0.12\ref\net10.0\System.Dynamic.Runtime.dll" /reference:"C:\Program Files\dotnet\packs\Microsoft.NETCore.App.Ref\10.0.12\ref\net10.0\System.Formats.Asn1.dll" /reference:"C:\Program Files\dotnet\packs\Microsoft.WindowsDesktop.App.Ref\10.0.12\ref\net10.0\System.Formats.Nrbf.dll" /reference:"C:\Program Files\dotnet\packs\Microsoft.NETCore.App.Ref\10.0.12\ref\net10.0\System.Formats.Tar.dll" /reference:"C:\Program Files\dotnet\packs\Microsoft.NETCore.App.Ref\10.0.12\ref\net10.0\System.Globalization.Calendars.dll" /reference:"C:\Program Files\dotnet\packs\Microsoft.NETCore.App.Ref\10.0.12\ref\net10.0\System.Globalization.dll" /reference:"C:\Program Files\dotnet\packs\Microsoft.NETCore.App.Ref\10.0.12\ref\net10.0\System.Globalization.Extensions.dll" /reference:"C:\Program Files\dotnet\packs\Microsoft.NETCore.App.Ref\10.0.12\ref\net10.0\System.IO.Compression.Brotli.dll" /reference:"C:\Program Files\dotnet\packs\Microsoft.NETCore.App.Ref\10.0.12\ref\net10.0\System.IO.Compression.dll" /reference:"C:\Program Files\dotnet\packs\Microsoft.NETCore.App.Ref\10.0.12\ref\net10.0\System.IO.Compression.FileSystem.dll" /reference:"C:\Program Files\dotnet\packs\Microsoft.NETCore.App.Ref\10.0.12\ref\net10.0\System.IO.Compression.ZipFile.dll" /reference:"C:\Program Files\dotnet\packs\Microsoft.NETCore.App.Ref\10.0.12\ref\net10.0\System.IO.dll" /reference:"C:\Program Files\dotnet\packs\Microsoft.NETCore.App.Ref\10.0.12\ref\net10.0\System.IO.FileSystem.AccessControl.dll" /reference:"C:\Program Files\dotnet\packs\Microsoft.NETCore.App.Ref\10.0.12\ref\net10.0\System.IO.FileSystem.dll" /reference:"C:\Program Files\dotnet\packs\Microsoft.NETCore.App.Ref\10.0.12\ref\net10.0\System.IO.FileSystem.DriveInfo.dll" /reference:"C:\Program Files\dotnet\packs\Microsoft.NETCore.App.Ref\10.0.12\ref\net10.0\System.IO.FileSystem.Primitives.dll" /reference:"C:\Program Files\dotnet\packs\Microsoft.NETCore.App.Ref\10.0.12\ref\net10.0\System.IO.FileSystem.Watcher.dll" /reference:"C:\Program Files\dotnet\packs\Microsoft.NETCore.App.Ref\10.0.12\ref\net10.0\System.IO.IsolatedStorage.dll" /reference:"C:\Program Files\dotnet\packs\Microsoft.NETCore.App.Ref\10.0.12\ref\net10.0\System.IO.MemoryMappedFiles.dll" /reference:"C:\Program Files\dotnet\packs\Microsoft.WindowsDesktop.App.Ref\10.0.12\ref\net10.0\System.IO.Packaging.dll" /reference:"C:\Program Files\dotnet\packs\Microsoft.NETCore.App.Ref\10.0.12\ref\net10.0\System.IO.Pipelines.dll" /reference:"C:\Program Files\dotnet\packs\Microsoft.NETCore.App.Ref\10.0.12\ref\net10.0\System.IO.Pipes.AccessControl.dll" /reference:"C:\Program Files\dotnet\packs\Microsoft.NETCore.App.Ref\10.0.12\ref\net10.0\System.IO.Pipes.dll" /reference:"C:\Program Files\dotnet\packs\Microsoft.NETCore.App.Ref\10.0.12\ref\net10.0\System.IO.UnmanagedMemoryStream.dll" /reference:"C:\Program Files\dotnet\packs\Microsoft.NETCore.App.Ref\10.0.12\ref\net10.0\System.Linq.AsyncEnumerable.dll" /reference:"C:\Program Files\dotnet\packs\Microsoft.NETCore.App.Ref\10.0.12\ref\net10.0\System.Linq.dll" /reference:"C:\Program Files\dotnet\packs\Microsoft.NETCore.App.Ref\10.0.12\ref\net10.0\System.Linq.Expressions.dll" /reference:"C:\Program Files\dotnet\packs\Microsoft.NETCore.App.Ref\10.0.12\ref\net10.0\System.Linq.Parallel.dll" /reference:"C:\Program Files\dotnet\packs\Microsoft.NETCore.App.Ref\10.0.12\ref\net10.0\System.Linq.Queryable.dll" /reference:"C:\Program Files\dotnet\packs\Microsoft.NETCore.App.Ref\10.0.12\ref\net10.0\System.Memory.dll" /reference:"C:\Program Files\dotnet\packs\Microsoft.NETCore.App.Ref\10.0.12\ref\net10.0\System.Net.dll" /reference:"C:\Program Files\dotnet\packs\Microsoft.NETCore.App.Ref\10.0.12\ref\net10.0\System.Net.Http.dll" /reference:"C:\Program Files\dotnet\packs\Microsoft.NETCore.App.Ref\10.0.12\ref\net10.0\System.Net.Http.Json.dll" /reference:"C:\Program Files\dotnet\packs\Microsoft.NETCore.App.Ref\10.0.12\ref\net10.0\System.Net.HttpListener.dll" /reference:"C:\Program Files\dotnet\packs\Microsoft.NETCore.App.Ref\10.0.12\ref\net10.0\System.Net.Mail.dll" /reference:"C:\Program Files\dotnet\packs\Microsoft.NETCore.App.Ref\10.0.12\ref\net10.0\System.Net.NameResolution.dll" /reference:"C:\Program Files\dotnet\packs\Microsoft.NETCore.App.Ref\10.0.12\ref\net10.0\System.Net.NetworkInformation.dll" /reference:"C:\Program Files\dotnet\packs\Microsoft.NETCore.App.Ref\10.0.12\ref\net10.0\System.Net.Ping.dll" /reference:"C:\Program Files\dotnet\packs\Microsoft.NETCore.App.Ref\10.0.12\ref\net10.0\System.Net.Primitives.dll" /reference:"C:\Program Files\dotnet\packs\Microsoft.NETCore.App.Ref\10.0.12\ref\net10.0\System.Net.Quic.dll" /reference:"C:\Program Files\dotnet\packs\Microsoft.NETCore.App.Ref\10.0.12\ref\net10.0\System.Net.Requests.dll" /reference:"C:\Program Files\dotnet\packs\Microsoft.NETCore.App.Ref\10.0.12\ref\net10.0\System.Net.Security.dll" /reference:"C:\Program Files\dotnet\packs\Microsoft.NETCore.App.Ref\10.0.12\ref\net10.0\System.Net.ServerSentEvents.dll" /reference:"C:\Program Files\dotnet\packs\Microsoft.NETCore.App.Ref\10.0.12\ref\net10.0\System.Net.ServicePoint.dll" /reference:"C:\Program Files\dotnet\packs\Microsoft.NETCore.App.Ref\10.0.12\ref\net10.0\System.Net.Sockets.dll" /reference:"C:\Program Files\dotnet\packs\Microsoft.NETCore.App.Ref\10.0.12\ref\net10.0\System.Net.WebClient.dll" /reference:"C:\Program Files\dotnet\packs\Microsoft.NETCore.App.Ref\10.0.12\ref\net10.0\System.Net.WebHeaderCollection.dll" /reference:"C:\Program Files\dotnet\packs\Microsoft.NETCore.App.Ref\10.0.12\ref\net10.0\System.Net.WebProxy.dll" /reference:"C:\Program Files\dotnet\packs\Microsoft.NETCore.App.Ref\10.0.12\ref\net10.0\System.Net.WebSockets.Client.dll" /reference:"C:\Program Files\dotnet\packs\Microsoft.NETCore.App.Ref\10.0.12\ref\net10.0\System.Net.WebSockets.dll" /reference:"C:\Program Files\dotnet\packs\Microsoft.NETCore.App.Ref\10.0.12\ref\net10.0\System.Numerics.dll" /reference:"C:\Program Files\dotnet\packs\Microsoft.NETCore.App.Ref\10.0.12\ref\net10.0\System.Numerics.Vectors.dll" /reference:"C:\Program Files\dotnet\packs\Microsoft.NETCore.App.Ref\10.0.12\ref\net10.0\System.ObjectModel.dll" /reference:"C:\Program Files\dotnet\packs\Microsoft.WindowsDesktop.App.Ref\10.0.12\ref\net10.0\System.Printing.dll" /reference:"C:\Program Files\dotnet\packs\Microsoft.WindowsDesktop.App.Ref\10.0.12\ref\net10.0\System.Private.Windows.Core.dll" /reference:"C:\Program Files\dotnet\packs\Microsoft.WindowsDesktop.App.Ref\10.0.12\ref\net10.0\System.Private.Windows.GdiPlus.dll" /reference:"C:\Program Files\dotnet\packs\Microsoft.NETCore.App.Ref\10.0.12\ref\net10.0\System.Reflection.DispatchProxy.dll" /reference:"C:\Program Files\dotnet\packs\Microsoft.NETCore.App.Ref\10.0.12\ref\net10.0\System.Reflection.dll" /reference:"C:\Program Files\dotnet\packs\Microsoft.NETCore.App.Ref\10.0.12\ref\net10.0\System.Reflection.Emit.dll" /reference:"C:\Program Files\dotnet\packs\Microsoft.NETCore.App.Ref\10.0.12\ref\net10.0\System.Reflection.Emit.ILGeneration.dll" /reference:"C:\Program Files\dotnet\packs\Microsoft.NETCore.App.Ref\10.0.12\ref\net10.0\System.Reflection.Emit.Lightweight.dll" /reference:"C:\Program Files\dotnet\packs\Microsoft.NETCore.App.Ref\10.0.12\ref\net10.0\System.Reflection.Extensions.dll" /reference:"C:\Program Files\dotnet\packs\Microsoft.NETCore.App.Ref\10.0.12\ref\net10.0\System.Reflection.Metadata.dll" /reference:"C:\Program Files\dotnet\packs\Microsoft.NETCore.App.Ref\10.0.12\ref\net10.0\System.Reflection.Primitives.dll" /reference:"C:\Program Files\dotnet\packs\Microsoft.NETCore.App.Ref\10.0.12\ref\net10.0\System.Reflection.TypeExtensions.dll" /reference:"C:\Program Files\dotnet\packs\Microsoft.WindowsDesktop.App.Ref\10.0.12\ref\net10.0\System.Resources.Extensions.dll" /reference:"C:\Program Files\dotnet\packs\Microsoft.NETCore.App.Ref\10.0.12\ref\net10.0\System.Resources.Reader.dll" /reference:"C:\Program Files\dotnet\packs\Microsoft.NETCore.App.Ref\10.0.12\ref\net10.0\System.Resources.ResourceManager.dll" /reference:"C:\Program Files\dotnet\packs\Microsoft.NETCore.App.Ref\10.0.12\ref\net10.0\System.Resources.Writer.dll" /reference:"C:\Program Files\dotnet\packs\Microsoft.NETCore.App.Ref\10.0.12\ref\net10.0\System.Runtime.CompilerServices.Unsafe.dll" /reference:"C:\Program Files\dotnet\packs\Microsoft.NETCore.App.Ref\10.0.12\ref\net10.0\System.Runtime.CompilerServices.VisualC.dll" /reference:"C:\Program Files\dotnet\packs\Microsoft.NETCore.App.Ref\10.0.12\ref\net10.0\System.Runtime.dll" /reference:"C:\Program Files\dotnet\packs\Microsoft.NETCore.App.Ref\10.0.12\ref\net10.0\System.Runtime.Extensions.dll" /reference:"C:\Program Files\dotnet\packs\Microsoft.NETCore.App.Ref\10.0.12\ref\net10.0\System.Runtime.Handles.dll" /reference:"C:\Program Files\dotnet\packs\Microsoft.NETCore.App.Ref\10.0.12\ref\net10.0\System.Runtime.InteropServices.dll" /reference:"C:\Program Files\dotnet\packs\Microsoft.NETCore.App.Ref\10.0.12\ref\net10.0\System.Runtime.InteropServices.JavaScript.dll" /reference:"C:\Program Files\dotnet\packs\Microsoft.NETCore.App.Ref\10.0.12\ref\net10.0\System.Runtime.InteropServices.RuntimeInformation.dll" /reference:"C:\Program Files\dotnet\packs\Microsoft.NETCore.App.Ref\10.0.12\ref\net10.0\System.Runtime.Intrinsics.dll" /reference:"C:\Program Files\dotnet\packs\Microsoft.NETCore.App.Ref\10.0.12\ref\net10.0\System.Runtime.Loader.dll" /reference:"C:\Program Files\dotnet\packs\Microsoft.NETCore.App.Ref\10.0.12\ref\net10.0\System.Runtime.Numerics.dll" /reference:"C:\Program Files\dotnet\packs\Microsoft.NETCore.App.Ref\10.0.12\ref\net10.0\System.Runtime.Serialization.dll" /reference:"C:\Program Files\dotnet\packs\Microsoft.NETCore.App.Ref\10.0.12\ref\net10.0\System.Runtime.Serialization.Formatters.dll" /reference:"C:\Program Files\dotnet\packs\Microsoft.NETCore.App.Ref\10.0.12\ref\net10.0\System.Runtime.Serialization.Json.dll" /reference:"C:\Program Files\dotnet\packs\Microsoft.NETCore.App.Ref\10.0.12\ref\net10.0\System.Runtime.Serialization.Primitives.dll" /reference:"C:\Program Files\dotnet\packs\Microsoft.NETCore.App.Ref\10.0.12\ref\net10.0\System.Runtime.Serialization.Xml.dll" /reference:"C:\Program Files\dotnet\packs\Microsoft.NETCore.App.Ref\10.0.12\ref\net10.0\System.Security.AccessControl.dll" /reference:"C:\Program Files\dotnet\packs\Microsoft.NETCore.App.Ref\10.0.12\ref\net10.0\System.Security.Claims.dll" /reference:"C:\Program Files\dotnet\packs\Microsoft.NETCore.App.Ref\10.0.12\ref\net10.0\System.Security.Cryptography.Algorithms.dll" /reference:"C:\Program Files\dotnet\packs\Microsoft.NETCore.App.Ref\10.0.12\ref\net10.0\System.Security.Cryptography.Cng.dll" /reference:"C:\Program Files\dotnet\packs\Microsoft.NETCore.App.Ref\10.0.12\ref\net10.0\System.Security.Cryptography.Csp.dll" /reference:"C:\Program Files\dotnet\packs\Microsoft.NETCore.App.Ref\10.0.12\ref\net10.0\System.Security.Cryptography.dll" /reference:"C:\Program Files\dotnet\packs\Microsoft.NETCore.App.Ref\10.0.12\ref\net10.0\System.Security.Cryptography.Encoding.dll" /reference:"C:\Program Files\dotnet\packs\Microsoft.NETCore.App.Ref\10.0.12\ref\net10.0\System.Security.Cryptography.OpenSsl.dll" /reference:"C:\Program Files\dotnet\packs\Microsoft.WindowsDesktop.App.Ref\10.0.12\ref\net10.0\System.Security.Cryptography.Pkcs.dll" /reference:"C:\Program Files\dotnet\packs\Microsoft.NETCore.App.Ref\10.0.12\ref\net10.0\System.Security.Cryptography.Primitives.dll" /reference:"C:\Program Files\dotnet\packs\Microsoft.WindowsDesktop.App.Ref\10.0.12\ref\net10.0\System.Security.Cryptography.ProtectedData.dll" /reference:"C:\Program Files\dotnet\packs\Microsoft.NETCore.App.Ref\10.0.12\ref\net10.0\System.Security.Cryptography.X509Certificates.dll" /reference:"C:\Program Files\dotnet\packs\Microsoft.WindowsDesktop.App.Ref\10.0.12\ref\net10.0\System.Security.Cryptography.Xml.dll" /reference:"C:\Program Files\dotnet\packs\Microsoft.NETCore.App.Ref\10.0.12\ref\net10.0\System.Security.dll" /reference:"C:\Program Files\dotnet\packs\Microsoft.WindowsDesktop.App.Ref\10.0.12\ref\net10.0\System.Security.Permissions.dll" /reference:"C:\Program Files\dotnet\packs\Microsoft.NETCore.App.Ref\10.0.12\ref\net10.0\System.Security.Principal.dll" /reference:"C:\Program Files\dotnet\packs\Microsoft.NETCore.App.Ref\10.0.12\ref\net10.0\System.Security.Principal.Windows.dll" /reference:"C:\Program Files\dotnet\packs\Microsoft.NETCore.App.Ref\10.0.12\ref\net10.0\System.Security.SecureString.dll" /reference:"C:\Program Files\dotnet\packs\Microsoft.NETCore.App.Ref\10.0.12\ref\net10.0\System.ServiceModel.Web.dll" /reference:"C:\Program Files\dotnet\packs\Microsoft.NETCore.App.Ref\10.0.12\ref\net10.0\System.ServiceProcess.dll" /reference:"C:\Program Files\dotnet\packs\Microsoft.NETCore.App.Ref\10.0.12\ref\net10.0\System.Text.Encoding.CodePages.dll" /reference:"C:\Program Files\dotnet\packs\Microsoft.NETCore.App.Ref\10.0.12\ref\net10.0\System.Text.Encoding.dll" /reference:"C:\Program Files\dotnet\packs\Microsoft.NETCore.App.Ref\10.0.12\ref\net10.0\System.Text.Encoding.Extensions.dll" /reference:"C:\Program Files\dotnet\packs\Microsoft.NETCore.App.Ref\10.0.12\ref\net10.0\System.Text.Encodings.Web.dll" /reference:"C:\Program Files\dotnet\packs\Microsoft.NETCore.App.Ref\10.0.12\ref\net10.0\System.Text.Json.dll" /reference:"C:\Program Files\dotnet\packs\Microsoft.NETCore.App.Ref\10.0.12\ref\net10.0\System.Text.RegularExpressions.dll" /reference:"C:\Program Files\dotnet\packs\Microsoft.NETCore.App.Ref\10.0.12\ref\net10.0\System.Threading.AccessControl.dll" /reference:"C:\Program Files\dotnet\packs\Microsoft.NETCore.App.Ref\10.0.12\ref\net10.0\System.Threading.Channels.dll" /reference:"C:\Program Files\dotnet\packs\Microsoft.NETCore.App.Ref\10.0.12\ref\net10.0\System.Threading.dll" /reference:"C:\Program Files\dotnet\packs\Microsoft.NETCore.App.Ref\10.0.12\ref\net10.0\System.Threading.Overlapped.dll" /reference:"C:\Program Files\dotnet\packs\Microsoft.NETCore.App.Ref\10.0.12\ref\net10.0\System.Threading.Tasks.Dataflow.dll" /reference:"C:\Program Files\dotnet\packs\Microsoft.NETCore.App.Ref\10.0.12\ref\net10.0\System.Threading.Tasks.dll" /reference:"C:\Program Files\dotnet\packs\Microsoft.NETCore.App.Ref\10.0.12\ref\net10.0\System.Threading.Tasks.Extensions.dll" /reference:"C:\Program Files\dotnet\packs\Microsoft.NETCore.App.Ref\10.0.12\ref\net10.0\System.Threading.Tasks.Parallel.dll" /reference:"C:\Program Files\dotnet\packs\Microsoft.NETCore.App.Ref\10.0.12\ref\net10.0\System.Threading.Thread.dll" /reference:"C:\Program Files\dotnet\packs\Microsoft.NETCore.App.Ref\10.0.12\ref\net10.0\System.Threading.ThreadPool.dll" /reference:"C:\Program Files\dotnet\packs\Microsoft.NETCore.App.Ref\10.0.12\ref\net10.0\System.Threading.Timer.dll" /reference:"C:\Program Files\dotnet\packs\Microsoft.NETCore.App.Ref\10.0.12\ref\net10.0\System.Transactions.dll" /reference:"C:\Program Files\dotnet\packs\Microsoft.NETCore.App.Ref\10.0.12\ref\net10.0\System.Transactions.Local.dll" /reference:"C:\Program Files\dotnet\packs\Microsoft.NETCore.App.Ref\10.0.12\ref\net10.0\System.ValueTuple.dll" /reference:"C:\Program Files\dotnet\packs\Microsoft.NETCore.App.Ref\10.0.12\ref\net10.0\System.Web.dll" /reference:"C:\Program Files\dotnet\packs\Microsoft.NETCore.App.Ref\10.0.12\ref\net10.0\System.Web.HttpUtility.dll" /reference:"C:\Program Files\dotnet\packs\Microsoft.WindowsDesktop.App.Ref\10.0.12\ref\net10.0\System.Windows.Controls.Ribbon.dll" /reference:"C:\Program Files\dotnet\packs\Microsoft.NETCore.App.Ref\10.0.12\ref\net10.0\System.Windows.dll" /reference:"C:\Program Files\dotnet\packs\Microsoft.WindowsDesktop.App.Ref\10.0.12\ref\net10.0\System.Windows.Extensions.dll" /reference:"C:\Program Files\dotnet\packs\Microsoft.WindowsDesktop.App.Ref\10.0.12\ref\net10.0\System.Windows.Input.Manipulations.dll" /reference:"C:\Program Files\dotnet\packs\Microsoft.WindowsDesktop.App.Ref\10.0.12\ref\net10.0\System.Windows.Presentation.dll" /reference:"C:\Program Files\dotnet\packs\Microsoft.WindowsDesktop.App.Ref\10.0.12\ref\net10.0\System.Windows.Primitives.dll" /reference:"C:\Program Files\dotnet\packs\Microsoft.WindowsDesktop.App.Ref\10.0.12\ref\net10.0\System.Xaml.dll" /reference:"C:\Program Files\dotnet\packs\Microsoft.NETCore.App.Ref\10.0.12\ref\net10.0\System.Xml.dll" /reference:"C:\Program Files\dotnet\packs\Microsoft.NETCore.App.Ref\10.0.12\ref\net10.0\System.Xml.Linq.dll" /reference:"C:\Program Files\dotnet\packs\Microsoft.NETCore.App.Ref\10.0.12\ref\net10.0\System.Xml.ReaderWriter.dll" /reference:"C:\Program Files\dotnet\packs\Microsoft.NETCore.App.Ref\10.0.12\ref\net10.0\System.Xml.Serialization.dll" /reference:"C:\Program Files\dotnet\packs\Microsoft.NETCore.App.Ref\10.0.12\ref\net10.0\System.Xml.XDocument.dll" /reference:"C:\Program Files\dotnet\packs\Microsoft.NETCore.App.Ref\10.0.12\ref\net10.0\System.Xml.XmlDocument.dll" /reference:"C:\Program Files\dotnet\packs\Microsoft.NETCore.App.Ref\10.0.12\ref\net10.0\System.Xml.XmlSerializer.dll" /reference:"C:\Program Files\dotnet\packs\Microsoft.NETCore.App.Ref\10.0.12\ref\net10.0\System.Xml.XPath.dll" /reference:"C:\Program Files\dotnet\packs\Microsoft.NETCore.App.Ref\10.0.12\ref\net10.0\System.Xml.XPath.XDocument.dll" /reference:"C:\Program Files\dotnet\packs\Microsoft.WindowsDesktop.App.Ref\10.0.12\ref\net10.0\UIAutomationClient.dll" /reference:"C:\Program Files\dotnet\packs\Microsoft.WindowsDesktop.App.Ref\10.0.12\ref\net10.0\UIAutomationClientSideProviders.dll" /reference:"C:\Program Files\dotnet\packs\Microsoft.WindowsDesktop.App.Ref\10.0.12\ref\net10.0\UIAutomationProvider.dll" /reference:"C:\Program Files\dotnet\packs\Microsoft.WindowsDesktop.App.Ref\10.0.12\ref\net10.0\UIAutomationTypes.dll" /reference:"C:\Program Files\dotnet\packs\Microsoft.WindowsDesktop.App.Ref\10.0.12\ref\net10.0\WindowsBase.dll" /reference:C:\Users\abiem\.nuget\packages\microsoft.windows.sdk.net.ref\10.0.26100.57\lib\net8.0\WinRT.Runtime.dll /features:"InterceptorsNamespaces=;Microsoft.Extensions.Validation.Generated" /debug- /debug:portable /filealign:512 /optimize+ /out:obj\Release\net10.0-windows10.0.26100.0\win-x64\GoldenTicket.dll /refout:obj\Release\net10.0-windows10.0.26100.0\win-x64\refint\GoldenTicket.dll /target:winexe /warnaserror- /utf8output /deterministic+ /langversion:latest /analyzerconfig:obj\Release\net10.0-windows10.0.26100.0\win-x64\GoldenTicket.Desktop_3ed2aosp_wpftmp.GeneratedMSBuildEditorConfig.editorconfig /analyzerconfig:"C:\Program Files\dotnet\sdk\10.0.401\Sdks\Microsoft.NET.Sdk\analyzers\build\config\analysislevel_10_default.globalconfig" /analyzer:"C:\Program Files\dotnet\sdk\10.0.401\Sdks\Microsoft.NET.Sdk\targets\..\analyzers\Microsoft.CodeAnalysis.CSharp.NetAnalyzers.dll" /analyzer:"C:\Program Files\dotnet\sdk\10.0.401\Sdks\Microsoft.NET.Sdk\targets\..\analyzers\Microsoft.CodeAnalysis.NetAnalyzers.dll" /analyzer:C:\Users\abiem\.nuget\packages\communitytoolkit.mvvm\8.4.2\analyzers\dotnet\roslyn5.0\cs\CommunityToolkit.Mvvm.CodeFixers.dll /analyzer:C:\Users\abiem\.nuget\packages\communitytoolkit.mvvm\8.4.2\analyzers\dotnet\roslyn5.0\cs\CommunityToolkit.Mvvm.SourceGenerators.dll /analyzer:"C:\Program Files\dotnet\packs\Microsoft.NETCore.App.Ref\10.0.12\analyzers/dotnet/cs/Microsoft.Interop.ComInterfaceGenerator.dll" /analyzer:"C:\Program Files\dotnet\packs\Microsoft.NETCore.App.Ref\10.0.12\analyzers/dotnet/cs/Microsoft.Interop.JavaScript.JSImportGenerator.dll" /analyzer:"C:\Program Files\dotnet\packs\Microsoft.NETCore.App.Ref\10.0.12\analyzers/dotnet/cs/Microsoft.Interop.LibraryImportGenerator.dll" /analyzer:"C:\Program Files\dotnet\packs\Microsoft.NETCore.App.Ref\10.0.12\analyzers/dotnet/cs/Microsoft.Interop.SourceGeneration.dll" /analyzer:"C:\Program Files\dotnet\packs\Microsoft.NETCore.App.Ref\10.0.12\analyzers/dotnet/cs/System.Text.Json.SourceGeneration.dll" /analyzer:"C:\Program Files\dotnet\packs\Microsoft.NETCore.App.Ref\10.0.12\analyzers/dotnet/cs/System.Text.RegularExpressions.Generator.dll" /analyzer:C:\Users\abiem\.nuget\packages\microsoft.windows.sdk.net.ref\10.0.26100.57\analyzers/dotnet/cs/WinRT.SourceGenerator.dll App.xaml.cs Converters.cs DiagnosticLog.cs MainWindow.xaml.cs ViewModels\MainViewModel.cs ViewModels\PrivateSeatViewModel.cs ViewModels\SetupViewModel.cs ViewModels\TableViewModel.cs Views\FinalScoreView.xaml.cs Views\PrivateSeatView.xaml.cs Views\SetupView.xaml.cs Views\TableView.xaml.cs D:\Projects\GoldenTicket\src\GoldenTicket.Desktop\obj\Release\net10.0-windows10.0.26100.0\win-x64\MainWindow.g.cs D:\Projects\GoldenTicket\src\GoldenTicket.Desktop\obj\Release\net10.0-windows10.0.26100.0\win-x64\Views\FinalScoreView.g.cs D:\Projects\GoldenTicket\src\GoldenTicket.Desktop\obj\Release\net10.0-windows10.0.26100.0\win-x64\Views\PrivateSeatView.g.cs D:\Projects\GoldenTicket\src\GoldenTicket.Desktop\obj\Release\net10.0-windows10.0.26100.0\win-x64\Views\SetupView.g.cs D:\Projects\GoldenTicket\src\GoldenTicket.Desktop\obj\Release\net10.0-windows10.0.26100.0\win-x64\Views\TableView.g.cs D:\Projects\GoldenTicket\src\GoldenTicket.Desktop\obj\Release\net10.0-windows10.0.26100.0\win-x64\App.g.cs D:\Projects\GoldenTicket\src\GoldenTicket.Desktop\obj\Release\net10.0-windows10.0.26100.0\win-x64\GeneratedInternalTypeHelper.g.cs "obj\Release\net10.0-windows10.0.26100.0\win-x64\.NETCoreApp,Version=v10.0.AssemblyAttributes.cs" obj\Release\net10.0-windows10.0.26100.0\win-x64\GoldenTicket.Desktop_3ed2aosp_wpftmp.AssemblyInfo.cs obj\Release\net10.0-windows10.0.26100.0\win-x64\GoldenTicket.Desktop_3ed2aosp_wpftmp.GlobalUsings.g.cs /warnaserror+:NU1605,SYSLIB0011'
         Attempt to open named pipe 'UGCeNc1jG8RDFJq5hw8Iu9jDUBgo+jafmeD3NdUyO_c'
         Attempt to connect named pipe 'UGCeNc1jG8RDFJq5hw8Iu9jDUBgo+jafmeD3NdUyO_c'
         Named pipe 'UGCeNc1jG8RDFJq5hw8Iu9jDUBgo+jafmeD3NdUyO_c' connected
         Begin writing request for GoldenTicket.Desktop_3ed2aosp_wpftmp (net10.0-windows10.0.26100.0)
         End writing request for GoldenTicket.Desktop_3ed2aosp_wpftmp (net10.0-windows10.0.26100.0)
         Begin reading response for GoldenTicket.Desktop_3ed2aosp_wpftmp (net10.0-windows10.0.26100.0)
         End reading response for GoldenTicket.Desktop_3ed2aosp_wpftmp (net10.0-windows10.0.26100.0)
         CompilerServer: server - server processed compilation - GoldenTicket.Desktop_3ed2aosp_wpftmp (net10.0-windows10.0.26100.0)
     9>Done Building Project "D:\Projects\GoldenTicket\src\GoldenTicket.Desktop\GoldenTicket.Desktop_3ed2aosp_wpftmp.csproj" (_CompileTemporaryAssembly target(s)).
     7>GenerateTemporaryTargetAssembly:
         Deleting file "obj\GoldenTicket.Desktop_3ed2aosp_wpftmp.csproj.nuget.g.props".
         Deleting file "obj\GoldenTicket.Desktop_3ed2aosp_wpftmp.csproj.nuget.g.targets".
         Deleting file "obj\GoldenTicket.Desktop_3ed2aosp_wpftmp.csproj.nuget.dgspec.json".
       MarkupCompilePass2:
         MarkupCompilePass2 successfully generated BAML or source code files.
       CleanupTemporaryTargetAssembly:
         Deleting file "obj\Release\net10.0-windows10.0.26100.0\win-x64\GoldenTicket.dll".
       GenerateTargetFrameworkMonikerAttribute:
       Skipping target "GenerateTargetFrameworkMonikerAttribute" because all output files are up-to-date with respect to the input files.
       _GenerateSourceLinkFile:
         Source Link is empty, file 'obj\Release\net10.0-windows10.0.26100.0\win-x64\GoldenTicket.Desktop.sourcelink.json' does not exist.
       CoreCompile:
         Setting DOTNET_ROOT to 'C:\Program Files\dotnet'
         C:\Program Files\dotnet\sdk\10.0.401\Roslyn\bincore\csc.exe /noconfig /unsafe- /checked- /nowarn:CA1416,1701,1702,8002 /fullpaths /nostdlib+ /platform:x64 /errorreport:prompt /warn:10 /define:TRACE;RELEASE;NET;NET10_0;NETCOREAPP;WINDOWS;WINDOWS10_0_26100_0;NET5_0_OR_GREATER;NET6_0_OR_GREATER;NET7_0_OR_GREATER;NET8_0_OR_GREATER;NET9_0_OR_GREATER;NET10_0_OR_GREATER;NETCOREAPP1_0_OR_GREATER;NETCOREAPP1_1_OR_GREATER;NETCOREAPP2_0_OR_GREATER;NETCOREAPP2_1_OR_GREATER;NETCOREAPP2_2_OR_GREATER;NETCOREAPP3_0_OR_GREATER;NETCOREAPP3_1_OR_GREATER;WINDOWS10_0_26100_0_OR_GREATER;WINDOWS10_0_22621_0_OR_GREATER;WINDOWS10_0_22000_0_OR_GREATER;WINDOWS10_0_20348_0_OR_GREATER;WINDOWS10_0_19041_0_OR_GREATER;WINDOWS10_0_18362_0_OR_GREATER;WINDOWS10_0_17763_0_OR_GREATER;WINDOWS8_0_OR_GREATER;WINDOWS7_0_OR_GREATER /highentropyva+ /nullable:enable /reference:"C:\Program Files\dotnet\packs\Microsoft.WindowsDesktop.App.Ref\10.0.12\ref\net10.0\Accessibility.dll" /reference:C:\Users\abiem\.nuget\packages\communitytoolkit.mvvm\8.4.2\lib\net8.0-windows10.0.17763\CommunityToolkit.Mvvm.dll /reference:D:\Projects\GoldenTicket\src\GoldenTicket.AI\obj\Release\net10.0\ref\GoldenTicket.AI.dll /reference:D:\Projects\GoldenTicket\src\GoldenTicket.Application\obj\Release\net10.0\ref\GoldenTicket.Application.dll /reference:D:\Projects\GoldenTicket\src\GoldenTicket.Domain\obj\Release\net10.0\ref\GoldenTicket.Domain.dll /reference:D:\Projects\GoldenTicket\src\GoldenTicket.Persistence\obj\Release\net10.0\ref\GoldenTicket.Persistence.dll /reference:"C:\Program Files\dotnet\packs\Microsoft.NETCore.App.Ref\10.0.12\ref\net10.0\Microsoft.CSharp.dll" /reference:C:\Users\abiem\.nuget\packages\microsoft.data.sqlite.core\10.0.12\lib\net8.0\Microsoft.Data.Sqlite.dll /reference:"C:\Program Files\dotnet\packs\Microsoft.NETCore.App.Ref\10.0.12\ref\net10.0\Microsoft.VisualBasic.Core.dll" /reference:"C:\Program Files\dotnet\packs\Microsoft.NETCore.App.Ref\10.0.12\ref\net10.0\Microsoft.VisualBasic.dll" /reference:"C:\Program Files\dotnet\packs\Microsoft.NETCore.App.Ref\10.0.12\ref\net10.0\Microsoft.Win32.Primitives.dll" /reference:"C:\Program Files\dotnet\packs\Microsoft.WindowsDesktop.App.Ref\10.0.12\ref\net10.0\Microsoft.Win32.Registry.AccessControl.dll" /reference:"C:\Program Files\dotnet\packs\Microsoft.NETCore.App.Ref\10.0.12\ref\net10.0\Microsoft.Win32.Registry.dll" /reference:"C:\Program Files\dotnet\packs\Microsoft.WindowsDesktop.App.Ref\10.0.12\ref\net10.0\Microsoft.Win32.SystemEvents.dll" /reference:C:\Users\abiem\.nuget\packages\microsoft.windows.sdk.net.ref\10.0.26100.57\lib\net8.0\Microsoft.Windows.SDK.NET.dll /reference:"C:\Program Files\dotnet\packs\Microsoft.NETCore.App.Ref\10.0.12\ref\net10.0\mscorlib.dll" /reference:"C:\Program Files\dotnet\packs\Microsoft.NETCore.App.Ref\10.0.12\ref\net10.0\netstandard.dll" /reference:"C:\Program Files\dotnet\packs\Microsoft.WindowsDesktop.App.Ref\10.0.12\ref\net10.0\PresentationCore.dll" /reference:"C:\Program Files\dotnet\packs\Microsoft.WindowsDesktop.App.Ref\10.0.12\ref\net10.0\PresentationFramework.Aero.dll" /reference:"C:\Program Files\dotnet\packs\Microsoft.WindowsDesktop.App.Ref\10.0.12\ref\net10.0\PresentationFramework.Aero2.dll" /reference:"C:\Program Files\dotnet\packs\Microsoft.WindowsDesktop.App.Ref\10.0.12\ref\net10.0\PresentationFramework.AeroLite.dll" /reference:"C:\Program Files\dotnet\packs\Microsoft.WindowsDesktop.App.Ref\10.0.12\ref\net10.0\PresentationFramework.Classic.dll" /reference:"C:\Program Files\dotnet\packs\Microsoft.WindowsDesktop.App.Ref\10.0.12\ref\net10.0\PresentationFramework.dll" /reference:"C:\Program Files\dotnet\packs\Microsoft.WindowsDesktop.App.Ref\10.0.12\ref\net10.0\PresentationFramework.Luna.dll" /reference:"C:\Program Files\dotnet\packs\Microsoft.WindowsDesktop.App.Ref\10.0.12\ref\net10.0\PresentationFramework.Royale.dll" /reference:"C:\Program Files\dotnet\packs\Microsoft.WindowsDesktop.App.Ref\10.0.12\ref\net10.0\PresentationUI.dll" /reference:"C:\Program Files\dotnet\packs\Microsoft.WindowsDesktop.App.Ref\10.0.12\ref\net10.0\ReachFramework.dll" /reference:C:\Users\abiem\.nuget\packages\sqlitepclraw.bundle_e_sqlite3\2.1.12\lib\netstandard2.0\SQLitePCLRaw.batteries_v2.dll /reference:C:\Users\abiem\.nuget\packages\sqlitepclraw.core\2.1.12\lib\netstandard2.0\SQLitePCLRaw.core.dll /reference:C:\Users\abiem\.nuget\packages\sqlitepclraw.provider.e_sqlite3\2.1.12\lib\net6.0-windows7.0\SQLitePCLRaw.provider.e_sqlite3.dll /reference:"C:\Program Files\dotnet\packs\Microsoft.NETCore.App.Ref\10.0.12\ref\net10.0\System.AppContext.dll" /reference:"C:\Program Files\dotnet\packs\Microsoft.NETCore.App.Ref\10.0.12\ref\net10.0\System.Buffers.dll" /reference:"C:\Program Files\dotnet\packs\Microsoft.WindowsDesktop.App.Ref\10.0.12\ref\net10.0\System.CodeDom.dll" /reference:"C:\Program Files\dotnet\packs\Microsoft.NETCore.App.Ref\10.0.12\ref\net10.0\System.Collections.Concurrent.dll" /reference:"C:\Program Files\dotnet\packs\Microsoft.NETCore.App.Ref\10.0.12\ref\net10.0\System.Collections.dll" /reference:"C:\Program Files\dotnet\packs\Microsoft.NETCore.App.Ref\10.0.12\ref\net10.0\System.Collections.Immutable.dll" /reference:"C:\Program Files\dotnet\packs\Microsoft.NETCore.App.Ref\10.0.12\ref\net10.0\System.Collections.NonGeneric.dll" /reference:"C:\Program Files\dotnet\packs\Microsoft.NETCore.App.Ref\10.0.12\ref\net10.0\System.Collections.Specialized.dll" /reference:"C:\Program Files\dotnet\packs\Microsoft.NETCore.App.Ref\10.0.12\ref\net10.0\System.ComponentModel.Annotations.dll" /reference:"C:\Program Files\dotnet\packs\Microsoft.NETCore.App.Ref\10.0.12\ref\net10.0\System.ComponentModel.DataAnnotations.dll" /reference:"C:\Program Files\dotnet\packs\Microsoft.NETCore.App.Ref\10.0.12\ref\net10.0\System.ComponentModel.dll" /reference:"C:\Program Files\dotnet\packs\Microsoft.NETCore.App.Ref\10.0.12\ref\net10.0\System.ComponentModel.EventBasedAsync.dll" /reference:"C:\Program Files\dotnet\packs\Microsoft.NETCore.App.Ref\10.0.12\ref\net10.0\System.ComponentModel.Primitives.dll" /reference:"C:\Program Files\dotnet\packs\Microsoft.NETCore.App.Ref\10.0.12\ref\net10.0\System.ComponentModel.TypeConverter.dll" /reference:"C:\Program Files\dotnet\packs\Microsoft.WindowsDesktop.App.Ref\10.0.12\ref\net10.0\System.Configuration.ConfigurationManager.dll" /reference:"C:\Program Files\dotnet\packs\Microsoft.NETCore.App.Ref\10.0.12\ref\net10.0\System.Configuration.dll" /reference:"C:\Program Files\dotnet\packs\Microsoft.NETCore.App.Ref\10.0.12\ref\net10.0\System.Console.dll" /reference:"C:\Program Files\dotnet\packs\Microsoft.NETCore.App.Ref\10.0.12\ref\net10.0\System.Core.dll" /reference:"C:\Program Files\dotnet\packs\Microsoft.NETCore.App.Ref\10.0.12\ref\net10.0\System.Data.Common.dll" /reference:"C:\Program Files\dotnet\packs\Microsoft.NETCore.App.Ref\10.0.12\ref\net10.0\System.Data.DataSetExtensions.dll" /reference:"C:\Program Files\dotnet\packs\Microsoft.NETCore.App.Ref\10.0.12\ref\net10.0\System.Data.dll" /reference:"C:\Program Files\dotnet\packs\Microsoft.NETCore.App.Ref\10.0.12\ref\net10.0\System.Diagnostics.Contracts.dll" /reference:"C:\Program Files\dotnet\packs\Microsoft.NETCore.App.Ref\10.0.12\ref\net10.0\System.Diagnostics.Debug.dll" /reference:"C:\Program Files\dotnet\packs\Microsoft.NETCore.App.Ref\10.0.12\ref\net10.0\System.Diagnostics.DiagnosticSource.dll" /reference:"C:\Program Files\dotnet\packs\Microsoft.WindowsDesktop.App.Ref\10.0.12\ref\net10.0\System.Diagnostics.EventLog.dll" /reference:"C:\Program Files\dotnet\packs\Microsoft.NETCore.App.Ref\10.0.12\ref\net10.0\System.Diagnostics.FileVersionInfo.dll" /reference:"C:\Program Files\dotnet\packs\Microsoft.WindowsDesktop.App.Ref\10.0.12\ref\net10.0\System.Diagnostics.PerformanceCounter.dll" /reference:"C:\Program Files\dotnet\packs\Microsoft.NETCore.App.Ref\10.0.12\ref\net10.0\System.Diagnostics.Process.dll" /reference:"C:\Program Files\dotnet\packs\Microsoft.NETCore.App.Ref\10.0.12\ref\net10.0\System.Diagnostics.StackTrace.dll" /reference:"C:\Program Files\dotnet\packs\Microsoft.NETCore.App.Ref\10.0.12\ref\net10.0\System.Diagnostics.TextWriterTraceListener.dll" /reference:"C:\Program Files\dotnet\packs\Microsoft.NETCore.App.Ref\10.0.12\ref\net10.0\System.Diagnostics.Tools.dll" /reference:"C:\Program Files\dotnet\packs\Microsoft.NETCore.App.Ref\10.0.12\ref\net10.0\System.Diagnostics.TraceSource.dll" /reference:"C:\Program Files\dotnet\packs\Microsoft.NETCore.App.Ref\10.0.12\ref\net10.0\System.Diagnostics.Tracing.dll" /reference:"C:\Program Files\dotnet\packs\Microsoft.WindowsDesktop.App.Ref\10.0.12\ref\net10.0\System.DirectoryServices.dll" /reference:"C:\Program Files\dotnet\packs\Microsoft.NETCore.App.Ref\10.0.12\ref\net10.0\System.dll" /reference:"C:\Program Files\dotnet\packs\Microsoft.WindowsDesktop.App.Ref\10.0.12\ref\net10.0\System.Drawing.Common.dll" /reference:"C:\Program Files\dotnet\packs\Microsoft.NETCore.App.Ref\10.0.12\ref\net10.0\System.Drawing.dll" /reference:"C:\Program Files\dotnet\packs\Microsoft.NETCore.App.Ref\10.0.12\ref\net10.0\System.Drawing.Primitives.dll" /reference:"C:\Program Files\dotnet\packs\Microsoft.NETCore.App.Ref\10.0.12\ref\net10.0\System.Dynamic.Runtime.dll" /reference:"C:\Program Files\dotnet\packs\Microsoft.NETCore.App.Ref\10.0.12\ref\net10.0\System.Formats.Asn1.dll" /reference:"C:\Program Files\dotnet\packs\Microsoft.WindowsDesktop.App.Ref\10.0.12\ref\net10.0\System.Formats.Nrbf.dll" /reference:"C:\Program Files\dotnet\packs\Microsoft.NETCore.App.Ref\10.0.12\ref\net10.0\System.Formats.Tar.dll" /reference:"C:\Program Files\dotnet\packs\Microsoft.NETCore.App.Ref\10.0.12\ref\net10.0\System.Globalization.Calendars.dll" /reference:"C:\Program Files\dotnet\packs\Microsoft.NETCore.App.Ref\10.0.12\ref\net10.0\System.Globalization.dll" /reference:"C:\Program Files\dotnet\packs\Microsoft.NETCore.App.Ref\10.0.12\ref\net10.0\System.Globalization.Extensions.dll" /reference:"C:\Program Files\dotnet\packs\Microsoft.NETCore.App.Ref\10.0.12\ref\net10.0\System.IO.Compression.Brotli.dll" /reference:"C:\Program Files\dotnet\packs\Microsoft.NETCore.App.Ref\10.0.12\ref\net10.0\System.IO.Compression.dll" /reference:"C:\Program Files\dotnet\packs\Microsoft.NETCore.App.Ref\10.0.12\ref\net10.0\System.IO.Compression.FileSystem.dll" /reference:"C:\Program Files\dotnet\packs\Microsoft.NETCore.App.Ref\10.0.12\ref\net10.0\System.IO.Compression.ZipFile.dll" /reference:"C:\Program Files\dotnet\packs\Microsoft.NETCore.App.Ref\10.0.12\ref\net10.0\System.IO.dll" /reference:"C:\Program Files\dotnet\packs\Microsoft.NETCore.App.Ref\10.0.12\ref\net10.0\System.IO.FileSystem.AccessControl.dll" /reference:"C:\Program Files\dotnet\packs\Microsoft.NETCore.App.Ref\10.0.12\ref\net10.0\System.IO.FileSystem.dll" /reference:"C:\Program Files\dotnet\packs\Microsoft.NETCore.App.Ref\10.0.12\ref\net10.0\System.IO.FileSystem.DriveInfo.dll" /reference:"C:\Program Files\dotnet\packs\Microsoft.NETCore.App.Ref\10.0.12\ref\net10.0\System.IO.FileSystem.Primitives.dll" /reference:"C:\Program Files\dotnet\packs\Microsoft.NETCore.App.Ref\10.0.12\ref\net10.0\System.IO.FileSystem.Watcher.dll" /reference:"C:\Program Files\dotnet\packs\Microsoft.NETCore.App.Ref\10.0.12\ref\net10.0\System.IO.IsolatedStorage.dll" /reference:"C:\Program Files\dotnet\packs\Microsoft.NETCore.App.Ref\10.0.12\ref\net10.0\System.IO.MemoryMappedFiles.dll" /reference:"C:\Program Files\dotnet\packs\Microsoft.WindowsDesktop.App.Ref\10.0.12\ref\net10.0\System.IO.Packaging.dll" /reference:"C:\Program Files\dotnet\packs\Microsoft.NETCore.App.Ref\10.0.12\ref\net10.0\System.IO.Pipelines.dll" /reference:"C:\Program Files\dotnet\packs\Microsoft.NETCore.App.Ref\10.0.12\ref\net10.0\System.IO.Pipes.AccessControl.dll" /reference:"C:\Program Files\dotnet\packs\Microsoft.NETCore.App.Ref\10.0.12\ref\net10.0\System.IO.Pipes.dll" /reference:"C:\Program Files\dotnet\packs\Microsoft.NETCore.App.Ref\10.0.12\ref\net10.0\System.IO.UnmanagedMemoryStream.dll" /reference:"C:\Program Files\dotnet\packs\Microsoft.NETCore.App.Ref\10.0.12\ref\net10.0\System.Linq.AsyncEnumerable.dll" /reference:"C:\Program Files\dotnet\packs\Microsoft.NETCore.App.Ref\10.0.12\ref\net10.0\System.Linq.dll" /reference:"C:\Program Files\dotnet\packs\Microsoft.NETCore.App.Ref\10.0.12\ref\net10.0\System.Linq.Expressions.dll" /reference:"C:\Program Files\dotnet\packs\Microsoft.NETCore.App.Ref\10.0.12\ref\net10.0\System.Linq.Parallel.dll" /reference:"C:\Program Files\dotnet\packs\Microsoft.NETCore.App.Ref\10.0.12\ref\net10.0\System.Linq.Queryable.dll" /reference:"C:\Program Files\dotnet\packs\Microsoft.NETCore.App.Ref\10.0.12\ref\net10.0\System.Memory.dll" /reference:"C:\Program Files\dotnet\packs\Microsoft.NETCore.App.Ref\10.0.12\ref\net10.0\System.Net.dll" /reference:"C:\Program Files\dotnet\packs\Microsoft.NETCore.App.Ref\10.0.12\ref\net10.0\System.Net.Http.dll" /reference:"C:\Program Files\dotnet\packs\Microsoft.NETCore.App.Ref\10.0.12\ref\net10.0\System.Net.Http.Json.dll" /reference:"C:\Program Files\dotnet\packs\Microsoft.NETCore.App.Ref\10.0.12\ref\net10.0\System.Net.HttpListener.dll" /reference:"C:\Program Files\dotnet\packs\Microsoft.NETCore.App.Ref\10.0.12\ref\net10.0\System.Net.Mail.dll" /reference:"C:\Program Files\dotnet\packs\Microsoft.NETCore.App.Ref\10.0.12\ref\net10.0\System.Net.NameResolution.dll" /reference:"C:\Program Files\dotnet\packs\Microsoft.NETCore.App.Ref\10.0.12\ref\net10.0\System.Net.NetworkInformation.dll" /reference:"C:\Program Files\dotnet\packs\Microsoft.NETCore.App.Ref\10.0.12\ref\net10.0\System.Net.Ping.dll" /reference:"C:\Program Files\dotnet\packs\Microsoft.NETCore.App.Ref\10.0.12\ref\net10.0\System.Net.Primitives.dll" /reference:"C:\Program Files\dotnet\packs\Microsoft.NETCore.App.Ref\10.0.12\ref\net10.0\System.Net.Quic.dll" /reference:"C:\Program Files\dotnet\packs\Microsoft.NETCore.App.Ref\10.0.12\ref\net10.0\System.Net.Requests.dll" /reference:"C:\Program Files\dotnet\packs\Microsoft.NETCore.App.Ref\10.0.12\ref\net10.0\System.Net.Security.dll" /reference:"C:\Program Files\dotnet\packs\Microsoft.NETCore.App.Ref\10.0.12\ref\net10.0\System.Net.ServerSentEvents.dll" /reference:"C:\Program Files\dotnet\packs\Microsoft.NETCore.App.Ref\10.0.12\ref\net10.0\System.Net.ServicePoint.dll" /reference:"C:\Program Files\dotnet\packs\Microsoft.NETCore.App.Ref\10.0.12\ref\net10.0\System.Net.Sockets.dll" /reference:"C:\Program Files\dotnet\packs\Microsoft.NETCore.App.Ref\10.0.12\ref\net10.0\System.Net.WebClient.dll" /reference:"C:\Program Files\dotnet\packs\Microsoft.NETCore.App.Ref\10.0.12\ref\net10.0\System.Net.WebHeaderCollection.dll" /reference:"C:\Program Files\dotnet\packs\Microsoft.NETCore.App.Ref\10.0.12\ref\net10.0\System.Net.WebProxy.dll" /reference:"C:\Program Files\dotnet\packs\Microsoft.NETCore.App.Ref\10.0.12\ref\net10.0\System.Net.WebSockets.Client.dll" /reference:"C:\Program Files\dotnet\packs\Microsoft.NETCore.App.Ref\10.0.12\ref\net10.0\System.Net.WebSockets.dll" /reference:"C:\Program Files\dotnet\packs\Microsoft.NETCore.App.Ref\10.0.12\ref\net10.0\System.Numerics.dll" /reference:"C:\Program Files\dotnet\packs\Microsoft.NETCore.App.Ref\10.0.12\ref\net10.0\System.Numerics.Vectors.dll" /reference:"C:\Program Files\dotnet\packs\Microsoft.NETCore.App.Ref\10.0.12\ref\net10.0\System.ObjectModel.dll" /reference:"C:\Program Files\dotnet\packs\Microsoft.WindowsDesktop.App.Ref\10.0.12\ref\net10.0\System.Printing.dll" /reference:"C:\Program Files\dotnet\packs\Microsoft.WindowsDesktop.App.Ref\10.0.12\ref\net10.0\System.Private.Windows.Core.dll" /reference:"C:\Program Files\dotnet\packs\Microsoft.WindowsDesktop.App.Ref\10.0.12\ref\net10.0\System.Private.Windows.GdiPlus.dll" /reference:"C:\Program Files\dotnet\packs\Microsoft.NETCore.App.Ref\10.0.12\ref\net10.0\System.Reflection.DispatchProxy.dll" /reference:"C:\Program Files\dotnet\packs\Microsoft.NETCore.App.Ref\10.0.12\ref\net10.0\System.Reflection.dll" /reference:"C:\Program Files\dotnet\packs\Microsoft.NETCore.App.Ref\10.0.12\ref\net10.0\System.Reflection.Emit.dll" /reference:"C:\Program Files\dotnet\packs\Microsoft.NETCore.App.Ref\10.0.12\ref\net10.0\System.Reflection.Emit.ILGeneration.dll" /reference:"C:\Program Files\dotnet\packs\Microsoft.NETCore.App.Ref\10.0.12\ref\net10.0\System.Reflection.Emit.Lightweight.dll" /reference:"C:\Program Files\dotnet\packs\Microsoft.NETCore.App.Ref\10.0.12\ref\net10.0\System.Reflection.Extensions.dll" /reference:"C:\Program Files\dotnet\packs\Microsoft.NETCore.App.Ref\10.0.12\ref\net10.0\System.Reflection.Metadata.dll" /reference:"C:\Program Files\dotnet\packs\Microsoft.NETCore.App.Ref\10.0.12\ref\net10.0\System.Reflection.Primitives.dll" /reference:"C:\Program Files\dotnet\packs\Microsoft.NETCore.App.Ref\10.0.12\ref\net10.0\System.Reflection.TypeExtensions.dll" /reference:"C:\Program Files\dotnet\packs\Microsoft.WindowsDesktop.App.Ref\10.0.12\ref\net10.0\System.Resources.Extensions.dll" /reference:"C:\Program Files\dotnet\packs\Microsoft.NETCore.App.Ref\10.0.12\ref\net10.0\System.Resources.Reader.dll" /reference:"C:\Program Files\dotnet\packs\Microsoft.NETCore.App.Ref\10.0.12\ref\net10.0\System.Resources.ResourceManager.dll" /reference:"C:\Program Files\dotnet\packs\Microsoft.NETCore.App.Ref\10.0.12\ref\net10.0\System.Resources.Writer.dll" /reference:"C:\Program Files\dotnet\packs\Microsoft.NETCore.App.Ref\10.0.12\ref\net10.0\System.Runtime.CompilerServices.Unsafe.dll" /reference:"C:\Program Files\dotnet\packs\Microsoft.NETCore.App.Ref\10.0.12\ref\net10.0\System.Runtime.CompilerServices.VisualC.dll" /reference:"C:\Program Files\dotnet\packs\Microsoft.NETCore.App.Ref\10.0.12\ref\net10.0\System.Runtime.dll" /reference:"C:\Program Files\dotnet\packs\Microsoft.NETCore.App.Ref\10.0.12\ref\net10.0\System.Runtime.Extensions.dll" /reference:"C:\Program Files\dotnet\packs\Microsoft.NETCore.App.Ref\10.0.12\ref\net10.0\System.Runtime.Handles.dll" /reference:"C:\Program Files\dotnet\packs\Microsoft.NETCore.App.Ref\10.0.12\ref\net10.0\System.Runtime.InteropServices.dll" /reference:"C:\Program Files\dotnet\packs\Microsoft.NETCore.App.Ref\10.0.12\ref\net10.0\System.Runtime.InteropServices.JavaScript.dll" /reference:"C:\Program Files\dotnet\packs\Microsoft.NETCore.App.Ref\10.0.12\ref\net10.0\System.Runtime.InteropServices.RuntimeInformation.dll" /reference:"C:\Program Files\dotnet\packs\Microsoft.NETCore.App.Ref\10.0.12\ref\net10.0\System.Runtime.Intrinsics.dll" /reference:"C:\Program Files\dotnet\packs\Microsoft.NETCore.App.Ref\10.0.12\ref\net10.0\System.Runtime.Loader.dll" /reference:"C:\Program Files\dotnet\packs\Microsoft.NETCore.App.Ref\10.0.12\ref\net10.0\System.Runtime.Numerics.dll" /reference:"C:\Program Files\dotnet\packs\Microsoft.NETCore.App.Ref\10.0.12\ref\net10.0\System.Runtime.Serialization.dll" /reference:"C:\Program Files\dotnet\packs\Microsoft.NETCore.App.Ref\10.0.12\ref\net10.0\System.Runtime.Serialization.Formatters.dll" /reference:"C:\Program Files\dotnet\packs\Microsoft.NETCore.App.Ref\10.0.12\ref\net10.0\System.Runtime.Serialization.Json.dll" /reference:"C:\Program Files\dotnet\packs\Microsoft.NETCore.App.Ref\10.0.12\ref\net10.0\System.Runtime.Serialization.Primitives.dll" /reference:"C:\Program Files\dotnet\packs\Microsoft.NETCore.App.Ref\10.0.12\ref\net10.0\System.Runtime.Serialization.Xml.dll" /reference:"C:\Program Files\dotnet\packs\Microsoft.NETCore.App.Ref\10.0.12\ref\net10.0\System.Security.AccessControl.dll" /reference:"C:\Program Files\dotnet\packs\Microsoft.NETCore.App.Ref\10.0.12\ref\net10.0\System.Security.Claims.dll" /reference:"C:\Program Files\dotnet\packs\Microsoft.NETCore.App.Ref\10.0.12\ref\net10.0\System.Security.Cryptography.Algorithms.dll" /reference:"C:\Program Files\dotnet\packs\Microsoft.NETCore.App.Ref\10.0.12\ref\net10.0\System.Security.Cryptography.Cng.dll" /reference:"C:\Program Files\dotnet\packs\Microsoft.NETCore.App.Ref\10.0.12\ref\net10.0\System.Security.Cryptography.Csp.dll" /reference:"C:\Program Files\dotnet\packs\Microsoft.NETCore.App.Ref\10.0.12\ref\net10.0\System.Security.Cryptography.dll" /reference:"C:\Program Files\dotnet\packs\Microsoft.NETCore.App.Ref\10.0.12\ref\net10.0\System.Security.Cryptography.Encoding.dll" /reference:"C:\Program Files\dotnet\packs\Microsoft.NETCore.App.Ref\10.0.12\ref\net10.0\System.Security.Cryptography.OpenSsl.dll" /reference:"C:\Program Files\dotnet\packs\Microsoft.WindowsDesktop.App.Ref\10.0.12\ref\net10.0\System.Security.Cryptography.Pkcs.dll" /reference:"C:\Program Files\dotnet\packs\Microsoft.NETCore.App.Ref\10.0.12\ref\net10.0\System.Security.Cryptography.Primitives.dll" /reference:"C:\Program Files\dotnet\packs\Microsoft.WindowsDesktop.App.Ref\10.0.12\ref\net10.0\System.Security.Cryptography.ProtectedData.dll" /reference:"C:\Program Files\dotnet\packs\Microsoft.NETCore.App.Ref\10.0.12\ref\net10.0\System.Security.Cryptography.X509Certificates.dll" /reference:"C:\Program Files\dotnet\packs\Microsoft.WindowsDesktop.App.Ref\10.0.12\ref\net10.0\System.Security.Cryptography.Xml.dll" /reference:"C:\Program Files\dotnet\packs\Microsoft.NETCore.App.Ref\10.0.12\ref\net10.0\System.Security.dll" /reference:"C:\Program Files\dotnet\packs\Microsoft.WindowsDesktop.App.Ref\10.0.12\ref\net10.0\System.Security.Permissions.dll" /reference:"C:\Program Files\dotnet\packs\Microsoft.NETCore.App.Ref\10.0.12\ref\net10.0\System.Security.Principal.dll" /reference:"C:\Program Files\dotnet\packs\Microsoft.NETCore.App.Ref\10.0.12\ref\net10.0\System.Security.Principal.Windows.dll" /reference:"C:\Program Files\dotnet\packs\Microsoft.NETCore.App.Ref\10.0.12\ref\net10.0\System.Security.SecureString.dll" /reference:"C:\Program Files\dotnet\packs\Microsoft.NETCore.App.Ref\10.0.12\ref\net10.0\System.ServiceModel.Web.dll" /reference:"C:\Program Files\dotnet\packs\Microsoft.NETCore.App.Ref\10.0.12\ref\net10.0\System.ServiceProcess.dll" /reference:"C:\Program Files\dotnet\packs\Microsoft.NETCore.App.Ref\10.0.12\ref\net10.0\System.Text.Encoding.CodePages.dll" /reference:"C:\Program Files\dotnet\packs\Microsoft.NETCore.App.Ref\10.0.12\ref\net10.0\System.Text.Encoding.dll" /reference:"C:\Program Files\dotnet\packs\Microsoft.NETCore.App.Ref\10.0.12\ref\net10.0\System.Text.Encoding.Extensions.dll" /reference:"C:\Program Files\dotnet\packs\Microsoft.NETCore.App.Ref\10.0.12\ref\net10.0\System.Text.Encodings.Web.dll" /reference:"C:\Program Files\dotnet\packs\Microsoft.NETCore.App.Ref\10.0.12\ref\net10.0\System.Text.Json.dll" /reference:"C:\Program Files\dotnet\packs\Microsoft.NETCore.App.Ref\10.0.12\ref\net10.0\System.Text.RegularExpressions.dll" /reference:"C:\Program Files\dotnet\packs\Microsoft.NETCore.App.Ref\10.0.12\ref\net10.0\System.Threading.AccessControl.dll" /reference:"C:\Program Files\dotnet\packs\Microsoft.NETCore.App.Ref\10.0.12\ref\net10.0\System.Threading.Channels.dll" /reference:"C:\Program Files\dotnet\packs\Microsoft.NETCore.App.Ref\10.0.12\ref\net10.0\System.Threading.dll" /reference:"C:\Program Files\dotnet\packs\Microsoft.NETCore.App.Ref\10.0.12\ref\net10.0\System.Threading.Overlapped.dll" /reference:"C:\Program Files\dotnet\packs\Microsoft.NETCore.App.Ref\10.0.12\ref\net10.0\System.Threading.Tasks.Dataflow.dll" /reference:"C:\Program Files\dotnet\packs\Microsoft.NETCore.App.Ref\10.0.12\ref\net10.0\System.Threading.Tasks.dll" /reference:"C:\Program Files\dotnet\packs\Microsoft.NETCore.App.Ref\10.0.12\ref\net10.0\System.Threading.Tasks.Extensions.dll" /reference:"C:\Program Files\dotnet\packs\Microsoft.NETCore.App.Ref\10.0.12\ref\net10.0\System.Threading.Tasks.Parallel.dll" /reference:"C:\Program Files\dotnet\packs\Microsoft.NETCore.App.Ref\10.0.12\ref\net10.0\System.Threading.Thread.dll" /reference:"C:\Program Files\dotnet\packs\Microsoft.NETCore.App.Ref\10.0.12\ref\net10.0\System.Threading.ThreadPool.dll" /reference:"C:\Program Files\dotnet\packs\Microsoft.NETCore.App.Ref\10.0.12\ref\net10.0\System.Threading.Timer.dll" /reference:"C:\Program Files\dotnet\packs\Microsoft.NETCore.App.Ref\10.0.12\ref\net10.0\System.Transactions.dll" /reference:"C:\Program Files\dotnet\packs\Microsoft.NETCore.App.Ref\10.0.12\ref\net10.0\System.Transactions.Local.dll" /reference:"C:\Program Files\dotnet\packs\Microsoft.NETCore.App.Ref\10.0.12\ref\net10.0\System.ValueTuple.dll" /reference:"C:\Program Files\dotnet\packs\Microsoft.NETCore.App.Ref\10.0.12\ref\net10.0\System.Web.dll" /reference:"C:\Program Files\dotnet\packs\Microsoft.NETCore.App.Ref\10.0.12\ref\net10.0\System.Web.HttpUtility.dll" /reference:"C:\Program Files\dotnet\packs\Microsoft.WindowsDesktop.App.Ref\10.0.12\ref\net10.0\System.Windows.Controls.Ribbon.dll" /reference:"C:\Program Files\dotnet\packs\Microsoft.NETCore.App.Ref\10.0.12\ref\net10.0\System.Windows.dll" /reference:"C:\Program Files\dotnet\packs\Microsoft.WindowsDesktop.App.Ref\10.0.12\ref\net10.0\System.Windows.Extensions.dll" /reference:"C:\Program Files\dotnet\packs\Microsoft.WindowsDesktop.App.Ref\10.0.12\ref\net10.0\System.Windows.Input.Manipulations.dll" /reference:"C:\Program Files\dotnet\packs\Microsoft.WindowsDesktop.App.Ref\10.0.12\ref\net10.0\System.Windows.Presentation.dll" /reference:"C:\Program Files\dotnet\packs\Microsoft.WindowsDesktop.App.Ref\10.0.12\ref\net10.0\System.Windows.Primitives.dll" /reference:"C:\Program Files\dotnet\packs\Microsoft.WindowsDesktop.App.Ref\10.0.12\ref\net10.0\System.Xaml.dll" /reference:"C:\Program Files\dotnet\packs\Microsoft.NETCore.App.Ref\10.0.12\ref\net10.0\System.Xml.dll" /reference:"C:\Program Files\dotnet\packs\Microsoft.NETCore.App.Ref\10.0.12\ref\net10.0\System.Xml.Linq.dll" /reference:"C:\Program Files\dotnet\packs\Microsoft.NETCore.App.Ref\10.0.12\ref\net10.0\System.Xml.ReaderWriter.dll" /reference:"C:\Program Files\dotnet\packs\Microsoft.NETCore.App.Ref\10.0.12\ref\net10.0\System.Xml.Serialization.dll" /reference:"C:\Program Files\dotnet\packs\Microsoft.NETCore.App.Ref\10.0.12\ref\net10.0\System.Xml.XDocument.dll" /reference:"C:\Program Files\dotnet\packs\Microsoft.NETCore.App.Ref\10.0.12\ref\net10.0\System.Xml.XmlDocument.dll" /reference:"C:\Program Files\dotnet\packs\Microsoft.NETCore.App.Ref\10.0.12\ref\net10.0\System.Xml.XmlSerializer.dll" /reference:"C:\Program Files\dotnet\packs\Microsoft.NETCore.App.Ref\10.0.12\ref\net10.0\System.Xml.XPath.dll" /reference:"C:\Program Files\dotnet\packs\Microsoft.NETCore.App.Ref\10.0.12\ref\net10.0\System.Xml.XPath.XDocument.dll" /reference:"C:\Program Files\dotnet\packs\Microsoft.WindowsDesktop.App.Ref\10.0.12\ref\net10.0\UIAutomationClient.dll" /reference:"C:\Program Files\dotnet\packs\Microsoft.WindowsDesktop.App.Ref\10.0.12\ref\net10.0\UIAutomationClientSideProviders.dll" /reference:"C:\Program Files\dotnet\packs\Microsoft.WindowsDesktop.App.Ref\10.0.12\ref\net10.0\UIAutomationProvider.dll" /reference:"C:\Program Files\dotnet\packs\Microsoft.WindowsDesktop.App.Ref\10.0.12\ref\net10.0\UIAutomationTypes.dll" /reference:"C:\Program Files\dotnet\packs\Microsoft.WindowsDesktop.App.Ref\10.0.12\ref\net10.0\WindowsBase.dll" /reference:C:\Users\abiem\.nuget\packages\microsoft.windows.sdk.net.ref\10.0.26100.57\lib\net8.0\WinRT.Runtime.dll /features:"InterceptorsNamespaces=;Microsoft.Extensions.Validation.Generated" /debug- /debug:portable /filealign:512 /optimize+ /out:obj\Release\net10.0-windows10.0.26100.0\win-x64\GoldenTicket.dll /refout:obj\Release\net10.0-windows10.0.26100.0\win-x64\refint\GoldenTicket.dll /resource:obj\Release\net10.0-windows10.0.26100.0\win-x64\GoldenTicket.g.resources /target:winexe /warnaserror- /utf8output /win32manifest:app.manifest /deterministic+ /langversion:latest /analyzerconfig:obj\Release\net10.0-windows10.0.26100.0\win-x64\GoldenTicket.Desktop.GeneratedMSBuildEditorConfig.editorconfig /analyzerconfig:"C:\Program Files\dotnet\sdk\10.0.401\Sdks\Microsoft.NET.Sdk\analyzers\build\config\analysislevel_10_default.globalconfig" /analyzer:"C:\Program Files\dotnet\sdk\10.0.401\Sdks\Microsoft.NET.Sdk\targets\..\analyzers\Microsoft.CodeAnalysis.CSharp.NetAnalyzers.dll" /analyzer:"C:\Program Files\dotnet\sdk\10.0.401\Sdks\Microsoft.NET.Sdk\targets\..\analyzers\Microsoft.CodeAnalysis.NetAnalyzers.dll" /analyzer:C:\Users\abiem\.nuget\packages\communitytoolkit.mvvm\8.4.2\analyzers\dotnet\roslyn5.0\cs\CommunityToolkit.Mvvm.CodeFixers.dll /analyzer:C:\Users\abiem\.nuget\packages\communitytoolkit.mvvm\8.4.2\analyzers\dotnet\roslyn5.0\cs\CommunityToolkit.Mvvm.SourceGenerators.dll /analyzer:"C:\Program Files\dotnet\packs\Microsoft.NETCore.App.Ref\10.0.12\analyzers/dotnet/cs/Microsoft.Interop.ComInterfaceGenerator.dll" /analyzer:"C:\Program Files\dotnet\packs\Microsoft.NETCore.App.Ref\10.0.12\analyzers/dotnet/cs/Microsoft.Interop.JavaScript.JSImportGenerator.dll" /analyzer:"C:\Program Files\dotnet\packs\Microsoft.NETCore.App.Ref\10.0.12\analyzers/dotnet/cs/Microsoft.Interop.LibraryImportGenerator.dll" /analyzer:"C:\Program Files\dotnet\packs\Microsoft.NETCore.App.Ref\10.0.12\analyzers/dotnet/cs/Microsoft.Interop.SourceGeneration.dll" /analyzer:"C:\Program Files\dotnet\packs\Microsoft.NETCore.App.Ref\10.0.12\analyzers/dotnet/cs/System.Text.Json.SourceGeneration.dll" /analyzer:"C:\Program Files\dotnet\packs\Microsoft.NETCore.App.Ref\10.0.12\analyzers/dotnet/cs/System.Text.RegularExpressions.Generator.dll" /analyzer:C:\Users\abiem\.nuget\packages\microsoft.windows.sdk.net.ref\10.0.26100.57\analyzers/dotnet/cs/WinRT.SourceGenerator.dll App.xaml.cs Converters.cs DiagnosticLog.cs MainWindow.xaml.cs ViewModels\MainViewModel.cs ViewModels\PrivateSeatViewModel.cs ViewModels\SetupViewModel.cs ViewModels\TableViewModel.cs Views\FinalScoreView.xaml.cs Views\PrivateSeatView.xaml.cs Views\SetupView.xaml.cs Views\TableView.xaml.cs obj\Release\net10.0-windows10.0.26100.0\win-x64\GoldenTicket.Desktop.GlobalUsings.g.cs D:\Projects\GoldenTicket\src\GoldenTicket.Desktop\obj\Release\net10.0-windows10.0.26100.0\win-x64\MainWindow.g.cs D:\Projects\GoldenTicket\src\GoldenTicket.Desktop\obj\Release\net10.0-windows10.0.26100.0\win-x64\Views\FinalScoreView.g.cs D:\Projects\GoldenTicket\src\GoldenTicket.Desktop\obj\Release\net10.0-windows10.0.26100.0\win-x64\Views\PrivateSeatView.g.cs D:\Projects\GoldenTicket\src\GoldenTicket.Desktop\obj\Release\net10.0-windows10.0.26100.0\win-x64\Views\SetupView.g.cs D:\Projects\GoldenTicket\src\GoldenTicket.Desktop\obj\Release\net10.0-windows10.0.26100.0\win-x64\Views\TableView.g.cs D:\Projects\GoldenTicket\src\GoldenTicket.Desktop\obj\Release\net10.0-windows10.0.26100.0\win-x64\App.g.cs D:\Projects\GoldenTicket\src\GoldenTicket.Desktop\obj\Release\net10.0-windows10.0.26100.0\win-x64\GeneratedInternalTypeHelper.g.cs "obj\Release\net10.0-windows10.0.26100.0\win-x64\.NETCoreApp,Version=v10.0.AssemblyAttributes.cs" obj\Release\net10.0-windows10.0.26100.0\win-x64\GoldenTicket.Desktop.AssemblyInfo.cs /warnaserror+:NU1605,SYSLIB0011
         Compilation request GoldenTicket.Desktop (net10.0-windows10.0.26100.0), PathToTool=C:\Program Files\dotnet\sdk\10.0.401\Roslyn\bincore\csc.exe
         CommandLine = ' /noconfig'
         BuildResponseFile = '/unsafe- /checked- /nowarn:CA1416,1701,1702,8002 /fullpaths /nostdlib+ /platform:x64 /errorreport:prompt /warn:10 /define:TRACE;RELEASE;NET;NET10_0;NETCOREAPP;WINDOWS;WINDOWS10_0_26100_0;NET5_0_OR_GREATER;NET6_0_OR_GREATER;NET7_0_OR_GREATER;NET8_0_OR_GREATER;NET9_0_OR_GREATER;NET10_0_OR_GREATER;NETCOREAPP1_0_OR_GREATER;NETCOREAPP1_1_OR_GREATER;NETCOREAPP2_0_OR_GREATER;NETCOREAPP2_1_OR_GREATER;NETCOREAPP2_2_OR_GREATER;NETCOREAPP3_0_OR_GREATER;NETCOREAPP3_1_OR_GREATER;WINDOWS10_0_26100_0_OR_GREATER;WINDOWS10_0_22621_0_OR_GREATER;WINDOWS10_0_22000_0_OR_GREATER;WINDOWS10_0_20348_0_OR_GREATER;WINDOWS10_0_19041_0_OR_GREATER;WINDOWS10_0_18362_0_OR_GREATER;WINDOWS10_0_17763_0_OR_GREATER;WINDOWS8_0_OR_GREATER;WINDOWS7_0_OR_GREATER /highentropyva+ /nullable:enable /reference:"C:\Program Files\dotnet\packs\Microsoft.WindowsDesktop.App.Ref\10.0.12\ref\net10.0\Accessibility.dll" /reference:C:\Users\abiem\.nuget\packages\communitytoolkit.mvvm\8.4.2\lib\net8.0-windows10.0.17763\CommunityToolkit.Mvvm.dll /reference:D:\Projects\GoldenTicket\src\GoldenTicket.AI\obj\Release\net10.0\ref\GoldenTicket.AI.dll /reference:D:\Projects\GoldenTicket\src\GoldenTicket.Application\obj\Release\net10.0\ref\GoldenTicket.Application.dll /reference:D:\Projects\GoldenTicket\src\GoldenTicket.Domain\obj\Release\net10.0\ref\GoldenTicket.Domain.dll /reference:D:\Projects\GoldenTicket\src\GoldenTicket.Persistence\obj\Release\net10.0\ref\GoldenTicket.Persistence.dll /reference:"C:\Program Files\dotnet\packs\Microsoft.NETCore.App.Ref\10.0.12\ref\net10.0\Microsoft.CSharp.dll" /reference:C:\Users\abiem\.nuget\packages\microsoft.data.sqlite.core\10.0.12\lib\net8.0\Microsoft.Data.Sqlite.dll /reference:"C:\Program Files\dotnet\packs\Microsoft.NETCore.App.Ref\10.0.12\ref\net10.0\Microsoft.VisualBasic.Core.dll" /reference:"C:\Program Files\dotnet\packs\Microsoft.NETCore.App.Ref\10.0.12\ref\net10.0\Microsoft.VisualBasic.dll" /reference:"C:\Program Files\dotnet\packs\Microsoft.NETCore.App.Ref\10.0.12\ref\net10.0\Microsoft.Win32.Primitives.dll" /reference:"C:\Program Files\dotnet\packs\Microsoft.WindowsDesktop.App.Ref\10.0.12\ref\net10.0\Microsoft.Win32.Registry.AccessControl.dll" /reference:"C:\Program Files\dotnet\packs\Microsoft.NETCore.App.Ref\10.0.12\ref\net10.0\Microsoft.Win32.Registry.dll" /reference:"C:\Program Files\dotnet\packs\Microsoft.WindowsDesktop.App.Ref\10.0.12\ref\net10.0\Microsoft.Win32.SystemEvents.dll" /reference:C:\Users\abiem\.nuget\packages\microsoft.windows.sdk.net.ref\10.0.26100.57\lib\net8.0\Microsoft.Windows.SDK.NET.dll /reference:"C:\Program Files\dotnet\packs\Microsoft.NETCore.App.Ref\10.0.12\ref\net10.0\mscorlib.dll" /reference:"C:\Program Files\dotnet\packs\Microsoft.NETCore.App.Ref\10.0.12\ref\net10.0\netstandard.dll" /reference:"C:\Program Files\dotnet\packs\Microsoft.WindowsDesktop.App.Ref\10.0.12\ref\net10.0\PresentationCore.dll" /reference:"C:\Program Files\dotnet\packs\Microsoft.WindowsDesktop.App.Ref\10.0.12\ref\net10.0\PresentationFramework.Aero.dll" /reference:"C:\Program Files\dotnet\packs\Microsoft.WindowsDesktop.App.Ref\10.0.12\ref\net10.0\PresentationFramework.Aero2.dll" /reference:"C:\Program Files\dotnet\packs\Microsoft.WindowsDesktop.App.Ref\10.0.12\ref\net10.0\PresentationFramework.AeroLite.dll" /reference:"C:\Program Files\dotnet\packs\Microsoft.WindowsDesktop.App.Ref\10.0.12\ref\net10.0\PresentationFramework.Classic.dll" /reference:"C:\Program Files\dotnet\packs\Microsoft.WindowsDesktop.App.Ref\10.0.12\ref\net10.0\PresentationFramework.dll" /reference:"C:\Program Files\dotnet\packs\Microsoft.WindowsDesktop.App.Ref\10.0.12\ref\net10.0\PresentationFramework.Luna.dll" /reference:"C:\Program Files\dotnet\packs\Microsoft.WindowsDesktop.App.Ref\10.0.12\ref\net10.0\PresentationFramework.Royale.dll" /reference:"C:\Program Files\dotnet\packs\Microsoft.WindowsDesktop.App.Ref\10.0.12\ref\net10.0\PresentationUI.dll" /reference:"C:\Program Files\dotnet\packs\Microsoft.WindowsDesktop.App.Ref\10.0.12\ref\net10.0\ReachFramework.dll" /reference:C:\Users\abiem\.nuget\packages\sqlitepclraw.bundle_e_sqlite3\2.1.12\lib\netstandard2.0\SQLitePCLRaw.batteries_v2.dll /reference:C:\Users\abiem\.nuget\packages\sqlitepclraw.core\2.1.12\lib\netstandard2.0\SQLitePCLRaw.core.dll /reference:C:\Users\abiem\.nuget\packages\sqlitepclraw.provider.e_sqlite3\2.1.12\lib\net6.0-windows7.0\SQLitePCLRaw.provider.e_sqlite3.dll /reference:"C:\Program Files\dotnet\packs\Microsoft.NETCore.App.Ref\10.0.12\ref\net10.0\System.AppContext.dll" /reference:"C:\Program Files\dotnet\packs\Microsoft.NETCore.App.Ref\10.0.12\ref\net10.0\System.Buffers.dll" /reference:"C:\Program Files\dotnet\packs\Microsoft.WindowsDesktop.App.Ref\10.0.12\ref\net10.0\System.CodeDom.dll" /reference:"C:\Program Files\dotnet\packs\Microsoft.NETCore.App.Ref\10.0.12\ref\net10.0\System.Collections.Concurrent.dll" /reference:"C:\Program Files\dotnet\packs\Microsoft.NETCore.App.Ref\10.0.12\ref\net10.0\System.Collections.dll" /reference:"C:\Program Files\dotnet\packs\Microsoft.NETCore.App.Ref\10.0.12\ref\net10.0\System.Collections.Immutable.dll" /reference:"C:\Program Files\dotnet\packs\Microsoft.NETCore.App.Ref\10.0.12\ref\net10.0\System.Collections.NonGeneric.dll" /reference:"C:\Program Files\dotnet\packs\Microsoft.NETCore.App.Ref\10.0.12\ref\net10.0\System.Collections.Specialized.dll" /reference:"C:\Program Files\dotnet\packs\Microsoft.NETCore.App.Ref\10.0.12\ref\net10.0\System.ComponentModel.Annotations.dll" /reference:"C:\Program Files\dotnet\packs\Microsoft.NETCore.App.Ref\10.0.12\ref\net10.0\System.ComponentModel.DataAnnotations.dll" /reference:"C:\Program Files\dotnet\packs\Microsoft.NETCore.App.Ref\10.0.12\ref\net10.0\System.ComponentModel.dll" /reference:"C:\Program Files\dotnet\packs\Microsoft.NETCore.App.Ref\10.0.12\ref\net10.0\System.ComponentModel.EventBasedAsync.dll" /reference:"C:\Program Files\dotnet\packs\Microsoft.NETCore.App.Ref\10.0.12\ref\net10.0\System.ComponentModel.Primitives.dll" /reference:"C:\Program Files\dotnet\packs\Microsoft.NETCore.App.Ref\10.0.12\ref\net10.0\System.ComponentModel.TypeConverter.dll" /reference:"C:\Program Files\dotnet\packs\Microsoft.WindowsDesktop.App.Ref\10.0.12\ref\net10.0\System.Configuration.ConfigurationManager.dll" /reference:"C:\Program Files\dotnet\packs\Microsoft.NETCore.App.Ref\10.0.12\ref\net10.0\System.Configuration.dll" /reference:"C:\Program Files\dotnet\packs\Microsoft.NETCore.App.Ref\10.0.12\ref\net10.0\System.Console.dll" /reference:"C:\Program Files\dotnet\packs\Microsoft.NETCore.App.Ref\10.0.12\ref\net10.0\System.Core.dll" /reference:"C:\Program Files\dotnet\packs\Microsoft.NETCore.App.Ref\10.0.12\ref\net10.0\System.Data.Common.dll" /reference:"C:\Program Files\dotnet\packs\Microsoft.NETCore.App.Ref\10.0.12\ref\net10.0\System.Data.DataSetExtensions.dll" /reference:"C:\Program Files\dotnet\packs\Microsoft.NETCore.App.Ref\10.0.12\ref\net10.0\System.Data.dll" /reference:"C:\Program Files\dotnet\packs\Microsoft.NETCore.App.Ref\10.0.12\ref\net10.0\System.Diagnostics.Contracts.dll" /reference:"C:\Program Files\dotnet\packs\Microsoft.NETCore.App.Ref\10.0.12\ref\net10.0\System.Diagnostics.Debug.dll" /reference:"C:\Program Files\dotnet\packs\Microsoft.NETCore.App.Ref\10.0.12\ref\net10.0\System.Diagnostics.DiagnosticSource.dll" /reference:"C:\Program Files\dotnet\packs\Microsoft.WindowsDesktop.App.Ref\10.0.12\ref\net10.0\System.Diagnostics.EventLog.dll" /reference:"C:\Program Files\dotnet\packs\Microsoft.NETCore.App.Ref\10.0.12\ref\net10.0\System.Diagnostics.FileVersionInfo.dll" /reference:"C:\Program Files\dotnet\packs\Microsoft.WindowsDesktop.App.Ref\10.0.12\ref\net10.0\System.Diagnostics.PerformanceCounter.dll" /reference:"C:\Program Files\dotnet\packs\Microsoft.NETCore.App.Ref\10.0.12\ref\net10.0\System.Diagnostics.Process.dll" /reference:"C:\Program Files\dotnet\packs\Microsoft.NETCore.App.Ref\10.0.12\ref\net10.0\System.Diagnostics.StackTrace.dll" /reference:"C:\Program Files\dotnet\packs\Microsoft.NETCore.App.Ref\10.0.12\ref\net10.0\System.Diagnostics.TextWriterTraceListener.dll" /reference:"C:\Program Files\dotnet\packs\Microsoft.NETCore.App.Ref\10.0.12\ref\net10.0\System.Diagnostics.Tools.dll" /reference:"C:\Program Files\dotnet\packs\Microsoft.NETCore.App.Ref\10.0.12\ref\net10.0\System.Diagnostics.TraceSource.dll" /reference:"C:\Program Files\dotnet\packs\Microsoft.NETCore.App.Ref\10.0.12\ref\net10.0\System.Diagnostics.Tracing.dll" /reference:"C:\Program Files\dotnet\packs\Microsoft.WindowsDesktop.App.Ref\10.0.12\ref\net10.0\System.DirectoryServices.dll" /reference:"C:\Program Files\dotnet\packs\Microsoft.NETCore.App.Ref\10.0.12\ref\net10.0\System.dll" /reference:"C:\Program Files\dotnet\packs\Microsoft.WindowsDesktop.App.Ref\10.0.12\ref\net10.0\System.Drawing.Common.dll" /reference:"C:\Program Files\dotnet\packs\Microsoft.NETCore.App.Ref\10.0.12\ref\net10.0\System.Drawing.dll" /reference:"C:\Program Files\dotnet\packs\Microsoft.NETCore.App.Ref\10.0.12\ref\net10.0\System.Drawing.Primitives.dll" /reference:"C:\Program Files\dotnet\packs\Microsoft.NETCore.App.Ref\10.0.12\ref\net10.0\System.Dynamic.Runtime.dll" /reference:"C:\Program Files\dotnet\packs\Microsoft.NETCore.App.Ref\10.0.12\ref\net10.0\System.Formats.Asn1.dll" /reference:"C:\Program Files\dotnet\packs\Microsoft.WindowsDesktop.App.Ref\10.0.12\ref\net10.0\System.Formats.Nrbf.dll" /reference:"C:\Program Files\dotnet\packs\Microsoft.NETCore.App.Ref\10.0.12\ref\net10.0\System.Formats.Tar.dll" /reference:"C:\Program Files\dotnet\packs\Microsoft.NETCore.App.Ref\10.0.12\ref\net10.0\System.Globalization.Calendars.dll" /reference:"C:\Program Files\dotnet\packs\Microsoft.NETCore.App.Ref\10.0.12\ref\net10.0\System.Globalization.dll" /reference:"C:\Program Files\dotnet\packs\Microsoft.NETCore.App.Ref\10.0.12\ref\net10.0\System.Globalization.Extensions.dll" /reference:"C:\Program Files\dotnet\packs\Microsoft.NETCore.App.Ref\10.0.12\ref\net10.0\System.IO.Compression.Brotli.dll" /reference:"C:\Program Files\dotnet\packs\Microsoft.NETCore.App.Ref\10.0.12\ref\net10.0\System.IO.Compression.dll" /reference:"C:\Program Files\dotnet\packs\Microsoft.NETCore.App.Ref\10.0.12\ref\net10.0\System.IO.Compression.FileSystem.dll" /reference:"C:\Program Files\dotnet\packs\Microsoft.NETCore.App.Ref\10.0.12\ref\net10.0\System.IO.Compression.ZipFile.dll" /reference:"C:\Program Files\dotnet\packs\Microsoft.NETCore.App.Ref\10.0.12\ref\net10.0\System.IO.dll" /reference:"C:\Program Files\dotnet\packs\Microsoft.NETCore.App.Ref\10.0.12\ref\net10.0\System.IO.FileSystem.AccessControl.dll" /reference:"C:\Program Files\dotnet\packs\Microsoft.NETCore.App.Ref\10.0.12\ref\net10.0\System.IO.FileSystem.dll" /reference:"C:\Program Files\dotnet\packs\Microsoft.NETCore.App.Ref\10.0.12\ref\net10.0\System.IO.FileSystem.DriveInfo.dll" /reference:"C:\Program Files\dotnet\packs\Microsoft.NETCore.App.Ref\10.0.12\ref\net10.0\System.IO.FileSystem.Primitives.dll" /reference:"C:\Program Files\dotnet\packs\Microsoft.NETCore.App.Ref\10.0.12\ref\net10.0\System.IO.FileSystem.Watcher.dll" /reference:"C:\Program Files\dotnet\packs\Microsoft.NETCore.App.Ref\10.0.12\ref\net10.0\System.IO.IsolatedStorage.dll" /reference:"C:\Program Files\dotnet\packs\Microsoft.NETCore.App.Ref\10.0.12\ref\net10.0\System.IO.MemoryMappedFiles.dll" /reference:"C:\Program Files\dotnet\packs\Microsoft.WindowsDesktop.App.Ref\10.0.12\ref\net10.0\System.IO.Packaging.dll" /reference:"C:\Program Files\dotnet\packs\Microsoft.NETCore.App.Ref\10.0.12\ref\net10.0\System.IO.Pipelines.dll" /reference:"C:\Program Files\dotnet\packs\Microsoft.NETCore.App.Ref\10.0.12\ref\net10.0\System.IO.Pipes.AccessControl.dll" /reference:"C:\Program Files\dotnet\packs\Microsoft.NETCore.App.Ref\10.0.12\ref\net10.0\System.IO.Pipes.dll" /reference:"C:\Program Files\dotnet\packs\Microsoft.NETCore.App.Ref\10.0.12\ref\net10.0\System.IO.UnmanagedMemoryStream.dll" /reference:"C:\Program Files\dotnet\packs\Microsoft.NETCore.App.Ref\10.0.12\ref\net10.0\System.Linq.AsyncEnumerable.dll" /reference:"C:\Program Files\dotnet\packs\Microsoft.NETCore.App.Ref\10.0.12\ref\net10.0\System.Linq.dll" /reference:"C:\Program Files\dotnet\packs\Microsoft.NETCore.App.Ref\10.0.12\ref\net10.0\System.Linq.Expressions.dll" /reference:"C:\Program Files\dotnet\packs\Microsoft.NETCore.App.Ref\10.0.12\ref\net10.0\System.Linq.Parallel.dll" /reference:"C:\Program Files\dotnet\packs\Microsoft.NETCore.App.Ref\10.0.12\ref\net10.0\System.Linq.Queryable.dll" /reference:"C:\Program Files\dotnet\packs\Microsoft.NETCore.App.Ref\10.0.12\ref\net10.0\System.Memory.dll" /reference:"C:\Program Files\dotnet\packs\Microsoft.NETCore.App.Ref\10.0.12\ref\net10.0\System.Net.dll" /reference:"C:\Program Files\dotnet\packs\Microsoft.NETCore.App.Ref\10.0.12\ref\net10.0\System.Net.Http.dll" /reference:"C:\Program Files\dotnet\packs\Microsoft.NETCore.App.Ref\10.0.12\ref\net10.0\System.Net.Http.Json.dll" /reference:"C:\Program Files\dotnet\packs\Microsoft.NETCore.App.Ref\10.0.12\ref\net10.0\System.Net.HttpListener.dll" /reference:"C:\Program Files\dotnet\packs\Microsoft.NETCore.App.Ref\10.0.12\ref\net10.0\System.Net.Mail.dll" /reference:"C:\Program Files\dotnet\packs\Microsoft.NETCore.App.Ref\10.0.12\ref\net10.0\System.Net.NameResolution.dll" /reference:"C:\Program Files\dotnet\packs\Microsoft.NETCore.App.Ref\10.0.12\ref\net10.0\System.Net.NetworkInformation.dll" /reference:"C:\Program Files\dotnet\packs\Microsoft.NETCore.App.Ref\10.0.12\ref\net10.0\System.Net.Ping.dll" /reference:"C:\Program Files\dotnet\packs\Microsoft.NETCore.App.Ref\10.0.12\ref\net10.0\System.Net.Primitives.dll" /reference:"C:\Program Files\dotnet\packs\Microsoft.NETCore.App.Ref\10.0.12\ref\net10.0\System.Net.Quic.dll" /reference:"C:\Program Files\dotnet\packs\Microsoft.NETCore.App.Ref\10.0.12\ref\net10.0\System.Net.Requests.dll" /reference:"C:\Program Files\dotnet\packs\Microsoft.NETCore.App.Ref\10.0.12\ref\net10.0\System.Net.Security.dll" /reference:"C:\Program Files\dotnet\packs\Microsoft.NETCore.App.Ref\10.0.12\ref\net10.0\System.Net.ServerSentEvents.dll" /reference:"C:\Program Files\dotnet\packs\Microsoft.NETCore.App.Ref\10.0.12\ref\net10.0\System.Net.ServicePoint.dll" /reference:"C:\Program Files\dotnet\packs\Microsoft.NETCore.App.Ref\10.0.12\ref\net10.0\System.Net.Sockets.dll" /reference:"C:\Program Files\dotnet\packs\Microsoft.NETCore.App.Ref\10.0.12\ref\net10.0\System.Net.WebClient.dll" /reference:"C:\Program Files\dotnet\packs\Microsoft.NETCore.App.Ref\10.0.12\ref\net10.0\System.Net.WebHeaderCollection.dll" /reference:"C:\Program Files\dotnet\packs\Microsoft.NETCore.App.Ref\10.0.12\ref\net10.0\System.Net.WebProxy.dll" /reference:"C:\Program Files\dotnet\packs\Microsoft.NETCore.App.Ref\10.0.12\ref\net10.0\System.Net.WebSockets.Client.dll" /reference:"C:\Program Files\dotnet\packs\Microsoft.NETCore.App.Ref\10.0.12\ref\net10.0\System.Net.WebSockets.dll" /reference:"C:\Program Files\dotnet\packs\Microsoft.NETCore.App.Ref\10.0.12\ref\net10.0\System.Numerics.dll" /reference:"C:\Program Files\dotnet\packs\Microsoft.NETCore.App.Ref\10.0.12\ref\net10.0\System.Numerics.Vectors.dll" /reference:"C:\Program Files\dotnet\packs\Microsoft.NETCore.App.Ref\10.0.12\ref\net10.0\System.ObjectModel.dll" /reference:"C:\Program Files\dotnet\packs\Microsoft.WindowsDesktop.App.Ref\10.0.12\ref\net10.0\System.Printing.dll" /reference:"C:\Program Files\dotnet\packs\Microsoft.WindowsDesktop.App.Ref\10.0.12\ref\net10.0\System.Private.Windows.Core.dll" /reference:"C:\Program Files\dotnet\packs\Microsoft.WindowsDesktop.App.Ref\10.0.12\ref\net10.0\System.Private.Windows.GdiPlus.dll" /reference:"C:\Program Files\dotnet\packs\Microsoft.NETCore.App.Ref\10.0.12\ref\net10.0\System.Reflection.DispatchProxy.dll" /reference:"C:\Program Files\dotnet\packs\Microsoft.NETCore.App.Ref\10.0.12\ref\net10.0\System.Reflection.dll" /reference:"C:\Program Files\dotnet\packs\Microsoft.NETCore.App.Ref\10.0.12\ref\net10.0\System.Reflection.Emit.dll" /reference:"C:\Program Files\dotnet\packs\Microsoft.NETCore.App.Ref\10.0.12\ref\net10.0\System.Reflection.Emit.ILGeneration.dll" /reference:"C:\Program Files\dotnet\packs\Microsoft.NETCore.App.Ref\10.0.12\ref\net10.0\System.Reflection.Emit.Lightweight.dll" /reference:"C:\Program Files\dotnet\packs\Microsoft.NETCore.App.Ref\10.0.12\ref\net10.0\System.Reflection.Extensions.dll" /reference:"C:\Program Files\dotnet\packs\Microsoft.NETCore.App.Ref\10.0.12\ref\net10.0\System.Reflection.Metadata.dll" /reference:"C:\Program Files\dotnet\packs\Microsoft.NETCore.App.Ref\10.0.12\ref\net10.0\System.Reflection.Primitives.dll" /reference:"C:\Program Files\dotnet\packs\Microsoft.NETCore.App.Ref\10.0.12\ref\net10.0\System.Reflection.TypeExtensions.dll" /reference:"C:\Program Files\dotnet\packs\Microsoft.WindowsDesktop.App.Ref\10.0.12\ref\net10.0\System.Resources.Extensions.dll" /reference:"C:\Program Files\dotnet\packs\Microsoft.NETCore.App.Ref\10.0.12\ref\net10.0\System.Resources.Reader.dll" /reference:"C:\Program Files\dotnet\packs\Microsoft.NETCore.App.Ref\10.0.12\ref\net10.0\System.Resources.ResourceManager.dll" /reference:"C:\Program Files\dotnet\packs\Microsoft.NETCore.App.Ref\10.0.12\ref\net10.0\System.Resources.Writer.dll" /reference:"C:\Program Files\dotnet\packs\Microsoft.NETCore.App.Ref\10.0.12\ref\net10.0\System.Runtime.CompilerServices.Unsafe.dll" /reference:"C:\Program Files\dotnet\packs\Microsoft.NETCore.App.Ref\10.0.12\ref\net10.0\System.Runtime.CompilerServices.VisualC.dll" /reference:"C:\Program Files\dotnet\packs\Microsoft.NETCore.App.Ref\10.0.12\ref\net10.0\System.Runtime.dll" /reference:"C:\Program Files\dotnet\packs\Microsoft.NETCore.App.Ref\10.0.12\ref\net10.0\System.Runtime.Extensions.dll" /reference:"C:\Program Files\dotnet\packs\Microsoft.NETCore.App.Ref\10.0.12\ref\net10.0\System.Runtime.Handles.dll" /reference:"C:\Program Files\dotnet\packs\Microsoft.NETCore.App.Ref\10.0.12\ref\net10.0\System.Runtime.InteropServices.dll" /reference:"C:\Program Files\dotnet\packs\Microsoft.NETCore.App.Ref\10.0.12\ref\net10.0\System.Runtime.InteropServices.JavaScript.dll" /reference:"C:\Program Files\dotnet\packs\Microsoft.NETCore.App.Ref\10.0.12\ref\net10.0\System.Runtime.InteropServices.RuntimeInformation.dll" /reference:"C:\Program Files\dotnet\packs\Microsoft.NETCore.App.Ref\10.0.12\ref\net10.0\System.Runtime.Intrinsics.dll" /reference:"C:\Program Files\dotnet\packs\Microsoft.NETCore.App.Ref\10.0.12\ref\net10.0\System.Runtime.Loader.dll" /reference:"C:\Program Files\dotnet\packs\Microsoft.NETCore.App.Ref\10.0.12\ref\net10.0\System.Runtime.Numerics.dll" /reference:"C:\Program Files\dotnet\packs\Microsoft.NETCore.App.Ref\10.0.12\ref\net10.0\System.Runtime.Serialization.dll" /reference:"C:\Program Files\dotnet\packs\Microsoft.NETCore.App.Ref\10.0.12\ref\net10.0\System.Runtime.Serialization.Formatters.dll" /reference:"C:\Program Files\dotnet\packs\Microsoft.NETCore.App.Ref\10.0.12\ref\net10.0\System.Runtime.Serialization.Json.dll" /reference:"C:\Program Files\dotnet\packs\Microsoft.NETCore.App.Ref\10.0.12\ref\net10.0\System.Runtime.Serialization.Primitives.dll" /reference:"C:\Program Files\dotnet\packs\Microsoft.NETCore.App.Ref\10.0.12\ref\net10.0\System.Runtime.Serialization.Xml.dll" /reference:"C:\Program Files\dotnet\packs\Microsoft.NETCore.App.Ref\10.0.12\ref\net10.0\System.Security.AccessControl.dll" /reference:"C:\Program Files\dotnet\packs\Microsoft.NETCore.App.Ref\10.0.12\ref\net10.0\System.Security.Claims.dll" /reference:"C:\Program Files\dotnet\packs\Microsoft.NETCore.App.Ref\10.0.12\ref\net10.0\System.Security.Cryptography.Algorithms.dll" /reference:"C:\Program Files\dotnet\packs\Microsoft.NETCore.App.Ref\10.0.12\ref\net10.0\System.Security.Cryptography.Cng.dll" /reference:"C:\Program Files\dotnet\packs\Microsoft.NETCore.App.Ref\10.0.12\ref\net10.0\System.Security.Cryptography.Csp.dll" /reference:"C:\Program Files\dotnet\packs\Microsoft.NETCore.App.Ref\10.0.12\ref\net10.0\System.Security.Cryptography.dll" /reference:"C:\Program Files\dotnet\packs\Microsoft.NETCore.App.Ref\10.0.12\ref\net10.0\System.Security.Cryptography.Encoding.dll" /reference:"C:\Program Files\dotnet\packs\Microsoft.NETCore.App.Ref\10.0.12\ref\net10.0\System.Security.Cryptography.OpenSsl.dll" /reference:"C:\Program Files\dotnet\packs\Microsoft.WindowsDesktop.App.Ref\10.0.12\ref\net10.0\System.Security.Cryptography.Pkcs.dll" /reference:"C:\Program Files\dotnet\packs\Microsoft.NETCore.App.Ref\10.0.12\ref\net10.0\System.Security.Cryptography.Primitives.dll" /reference:"C:\Program Files\dotnet\packs\Microsoft.WindowsDesktop.App.Ref\10.0.12\ref\net10.0\System.Security.Cryptography.ProtectedData.dll" /reference:"C:\Program Files\dotnet\packs\Microsoft.NETCore.App.Ref\10.0.12\ref\net10.0\System.Security.Cryptography.X509Certificates.dll" /reference:"C:\Program Files\dotnet\packs\Microsoft.WindowsDesktop.App.Ref\10.0.12\ref\net10.0\System.Security.Cryptography.Xml.dll" /reference:"C:\Program Files\dotnet\packs\Microsoft.NETCore.App.Ref\10.0.12\ref\net10.0\System.Security.dll" /reference:"C:\Program Files\dotnet\packs\Microsoft.WindowsDesktop.App.Ref\10.0.12\ref\net10.0\System.Security.Permissions.dll" /reference:"C:\Program Files\dotnet\packs\Microsoft.NETCore.App.Ref\10.0.12\ref\net10.0\System.Security.Principal.dll" /reference:"C:\Program Files\dotnet\packs\Microsoft.NETCore.App.Ref\10.0.12\ref\net10.0\System.Security.Principal.Windows.dll" /reference:"C:\Program Files\dotnet\packs\Microsoft.NETCore.App.Ref\10.0.12\ref\net10.0\System.Security.SecureString.dll" /reference:"C:\Program Files\dotnet\packs\Microsoft.NETCore.App.Ref\10.0.12\ref\net10.0\System.ServiceModel.Web.dll" /reference:"C:\Program Files\dotnet\packs\Microsoft.NETCore.App.Ref\10.0.12\ref\net10.0\System.ServiceProcess.dll" /reference:"C:\Program Files\dotnet\packs\Microsoft.NETCore.App.Ref\10.0.12\ref\net10.0\System.Text.Encoding.CodePages.dll" /reference:"C:\Program Files\dotnet\packs\Microsoft.NETCore.App.Ref\10.0.12\ref\net10.0\System.Text.Encoding.dll" /reference:"C:\Program Files\dotnet\packs\Microsoft.NETCore.App.Ref\10.0.12\ref\net10.0\System.Text.Encoding.Extensions.dll" /reference:"C:\Program Files\dotnet\packs\Microsoft.NETCore.App.Ref\10.0.12\ref\net10.0\System.Text.Encodings.Web.dll" /reference:"C:\Program Files\dotnet\packs\Microsoft.NETCore.App.Ref\10.0.12\ref\net10.0\System.Text.Json.dll" /reference:"C:\Program Files\dotnet\packs\Microsoft.NETCore.App.Ref\10.0.12\ref\net10.0\System.Text.RegularExpressions.dll" /reference:"C:\Program Files\dotnet\packs\Microsoft.NETCore.App.Ref\10.0.12\ref\net10.0\System.Threading.AccessControl.dll" /reference:"C:\Program Files\dotnet\packs\Microsoft.NETCore.App.Ref\10.0.12\ref\net10.0\System.Threading.Channels.dll" /reference:"C:\Program Files\dotnet\packs\Microsoft.NETCore.App.Ref\10.0.12\ref\net10.0\System.Threading.dll" /reference:"C:\Program Files\dotnet\packs\Microsoft.NETCore.App.Ref\10.0.12\ref\net10.0\System.Threading.Overlapped.dll" /reference:"C:\Program Files\dotnet\packs\Microsoft.NETCore.App.Ref\10.0.12\ref\net10.0\System.Threading.Tasks.Dataflow.dll" /reference:"C:\Program Files\dotnet\packs\Microsoft.NETCore.App.Ref\10.0.12\ref\net10.0\System.Threading.Tasks.dll" /reference:"C:\Program Files\dotnet\packs\Microsoft.NETCore.App.Ref\10.0.12\ref\net10.0\System.Threading.Tasks.Extensions.dll" /reference:"C:\Program Files\dotnet\packs\Microsoft.NETCore.App.Ref\10.0.12\ref\net10.0\System.Threading.Tasks.Parallel.dll" /reference:"C:\Program Files\dotnet\packs\Microsoft.NETCore.App.Ref\10.0.12\ref\net10.0\System.Threading.Thread.dll" /reference:"C:\Program Files\dotnet\packs\Microsoft.NETCore.App.Ref\10.0.12\ref\net10.0\System.Threading.ThreadPool.dll" /reference:"C:\Program Files\dotnet\packs\Microsoft.NETCore.App.Ref\10.0.12\ref\net10.0\System.Threading.Timer.dll" /reference:"C:\Program Files\dotnet\packs\Microsoft.NETCore.App.Ref\10.0.12\ref\net10.0\System.Transactions.dll" /reference:"C:\Program Files\dotnet\packs\Microsoft.NETCore.App.Ref\10.0.12\ref\net10.0\System.Transactions.Local.dll" /reference:"C:\Program Files\dotnet\packs\Microsoft.NETCore.App.Ref\10.0.12\ref\net10.0\System.ValueTuple.dll" /reference:"C:\Program Files\dotnet\packs\Microsoft.NETCore.App.Ref\10.0.12\ref\net10.0\System.Web.dll" /reference:"C:\Program Files\dotnet\packs\Microsoft.NETCore.App.Ref\10.0.12\ref\net10.0\System.Web.HttpUtility.dll" /reference:"C:\Program Files\dotnet\packs\Microsoft.WindowsDesktop.App.Ref\10.0.12\ref\net10.0\System.Windows.Controls.Ribbon.dll" /reference:"C:\Program Files\dotnet\packs\Microsoft.NETCore.App.Ref\10.0.12\ref\net10.0\System.Windows.dll" /reference:"C:\Program Files\dotnet\packs\Microsoft.WindowsDesktop.App.Ref\10.0.12\ref\net10.0\System.Windows.Extensions.dll" /reference:"C:\Program Files\dotnet\packs\Microsoft.WindowsDesktop.App.Ref\10.0.12\ref\net10.0\System.Windows.Input.Manipulations.dll" /reference:"C:\Program Files\dotnet\packs\Microsoft.WindowsDesktop.App.Ref\10.0.12\ref\net10.0\System.Windows.Presentation.dll" /reference:"C:\Program Files\dotnet\packs\Microsoft.WindowsDesktop.App.Ref\10.0.12\ref\net10.0\System.Windows.Primitives.dll" /reference:"C:\Program Files\dotnet\packs\Microsoft.WindowsDesktop.App.Ref\10.0.12\ref\net10.0\System.Xaml.dll" /reference:"C:\Program Files\dotnet\packs\Microsoft.NETCore.App.Ref\10.0.12\ref\net10.0\System.Xml.dll" /reference:"C:\Program Files\dotnet\packs\Microsoft.NETCore.App.Ref\10.0.12\ref\net10.0\System.Xml.Linq.dll" /reference:"C:\Program Files\dotnet\packs\Microsoft.NETCore.App.Ref\10.0.12\ref\net10.0\System.Xml.ReaderWriter.dll" /reference:"C:\Program Files\dotnet\packs\Microsoft.NETCore.App.Ref\10.0.12\ref\net10.0\System.Xml.Serialization.dll" /reference:"C:\Program Files\dotnet\packs\Microsoft.NETCore.App.Ref\10.0.12\ref\net10.0\System.Xml.XDocument.dll" /reference:"C:\Program Files\dotnet\packs\Microsoft.NETCore.App.Ref\10.0.12\ref\net10.0\System.Xml.XmlDocument.dll" /reference:"C:\Program Files\dotnet\packs\Microsoft.NETCore.App.Ref\10.0.12\ref\net10.0\System.Xml.XmlSerializer.dll" /reference:"C:\Program Files\dotnet\packs\Microsoft.NETCore.App.Ref\10.0.12\ref\net10.0\System.Xml.XPath.dll" /reference:"C:\Program Files\dotnet\packs\Microsoft.NETCore.App.Ref\10.0.12\ref\net10.0\System.Xml.XPath.XDocument.dll" /reference:"C:\Program Files\dotnet\packs\Microsoft.WindowsDesktop.App.Ref\10.0.12\ref\net10.0\UIAutomationClient.dll" /reference:"C:\Program Files\dotnet\packs\Microsoft.WindowsDesktop.App.Ref\10.0.12\ref\net10.0\UIAutomationClientSideProviders.dll" /reference:"C:\Program Files\dotnet\packs\Microsoft.WindowsDesktop.App.Ref\10.0.12\ref\net10.0\UIAutomationProvider.dll" /reference:"C:\Program Files\dotnet\packs\Microsoft.WindowsDesktop.App.Ref\10.0.12\ref\net10.0\UIAutomationTypes.dll" /reference:"C:\Program Files\dotnet\packs\Microsoft.WindowsDesktop.App.Ref\10.0.12\ref\net10.0\WindowsBase.dll" /reference:C:\Users\abiem\.nuget\packages\microsoft.windows.sdk.net.ref\10.0.26100.57\lib\net8.0\WinRT.Runtime.dll /features:"InterceptorsNamespaces=;Microsoft.Extensions.Validation.Generated" /debug- /debug:portable /filealign:512 /optimize+ /out:obj\Release\net10.0-windows10.0.26100.0\win-x64\GoldenTicket.dll /refout:obj\Release\net10.0-windows10.0.26100.0\win-x64\refint\GoldenTicket.dll /resource:obj\Release\net10.0-windows10.0.26100.0\win-x64\GoldenTicket.g.resources /target:winexe /warnaserror- /utf8output /win32manifest:app.manifest /deterministic+ /langversion:latest /analyzerconfig:obj\Release\net10.0-windows10.0.26100.0\win-x64\GoldenTicket.Desktop.GeneratedMSBuildEditorConfig.editorconfig /analyzerconfig:"C:\Program Files\dotnet\sdk\10.0.401\Sdks\Microsoft.NET.Sdk\analyzers\build\config\analysislevel_10_default.globalconfig" /analyzer:"C:\Program Files\dotnet\sdk\10.0.401\Sdks\Microsoft.NET.Sdk\targets\..\analyzers\Microsoft.CodeAnalysis.CSharp.NetAnalyzers.dll" /analyzer:"C:\Program Files\dotnet\sdk\10.0.401\Sdks\Microsoft.NET.Sdk\targets\..\analyzers\Microsoft.CodeAnalysis.NetAnalyzers.dll" /analyzer:C:\Users\abiem\.nuget\packages\communitytoolkit.mvvm\8.4.2\analyzers\dotnet\roslyn5.0\cs\CommunityToolkit.Mvvm.CodeFixers.dll /analyzer:C:\Users\abiem\.nuget\packages\communitytoolkit.mvvm\8.4.2\analyzers\dotnet\roslyn5.0\cs\CommunityToolkit.Mvvm.SourceGenerators.dll /analyzer:"C:\Program Files\dotnet\packs\Microsoft.NETCore.App.Ref\10.0.12\analyzers/dotnet/cs/Microsoft.Interop.ComInterfaceGenerator.dll" /analyzer:"C:\Program Files\dotnet\packs\Microsoft.NETCore.App.Ref\10.0.12\analyzers/dotnet/cs/Microsoft.Interop.JavaScript.JSImportGenerator.dll" /analyzer:"C:\Program Files\dotnet\packs\Microsoft.NETCore.App.Ref\10.0.12\analyzers/dotnet/cs/Microsoft.Interop.LibraryImportGenerator.dll" /analyzer:"C:\Program Files\dotnet\packs\Microsoft.NETCore.App.Ref\10.0.12\analyzers/dotnet/cs/Microsoft.Interop.SourceGeneration.dll" /analyzer:"C:\Program Files\dotnet\packs\Microsoft.NETCore.App.Ref\10.0.12\analyzers/dotnet/cs/System.Text.Json.SourceGeneration.dll" /analyzer:"C:\Program Files\dotnet\packs\Microsoft.NETCore.App.Ref\10.0.12\analyzers/dotnet/cs/System.Text.RegularExpressions.Generator.dll" /analyzer:C:\Users\abiem\.nuget\packages\microsoft.windows.sdk.net.ref\10.0.26100.57\analyzers/dotnet/cs/WinRT.SourceGenerator.dll App.xaml.cs Converters.cs DiagnosticLog.cs MainWindow.xaml.cs ViewModels\MainViewModel.cs ViewModels\PrivateSeatViewModel.cs ViewModels\SetupViewModel.cs ViewModels\TableViewModel.cs Views\FinalScoreView.xaml.cs Views\PrivateSeatView.xaml.cs Views\SetupView.xaml.cs Views\TableView.xaml.cs obj\Release\net10.0-windows10.0.26100.0\win-x64\GoldenTicket.Desktop.GlobalUsings.g.cs D:\Projects\GoldenTicket\src\GoldenTicket.Desktop\obj\Release\net10.0-windows10.0.26100.0\win-x64\MainWindow.g.cs D:\Projects\GoldenTicket\src\GoldenTicket.Desktop\obj\Release\net10.0-windows10.0.26100.0\win-x64\Views\FinalScoreView.g.cs D:\Projects\GoldenTicket\src\GoldenTicket.Desktop\obj\Release\net10.0-windows10.0.26100.0\win-x64\Views\PrivateSeatView.g.cs D:\Projects\GoldenTicket\src\GoldenTicket.Desktop\obj\Release\net10.0-windows10.0.26100.0\win-x64\Views\SetupView.g.cs D:\Projects\GoldenTicket\src\GoldenTicket.Desktop\obj\Release\net10.0-windows10.0.26100.0\win-x64\Views\TableView.g.cs D:\Projects\GoldenTicket\src\GoldenTicket.Desktop\obj\Release\net10.0-windows10.0.26100.0\win-x64\App.g.cs D:\Projects\GoldenTicket\src\GoldenTicket.Desktop\obj\Release\net10.0-windows10.0.26100.0\win-x64\GeneratedInternalTypeHelper.g.cs "obj\Release\net10.0-windows10.0.26100.0\win-x64\.NETCoreApp,Version=v10.0.AssemblyAttributes.cs" obj\Release\net10.0-windows10.0.26100.0\win-x64\GoldenTicket.Desktop.AssemblyInfo.cs /warnaserror+:NU1605,SYSLIB0011'
         Attempt to open named pipe 'UGCeNc1jG8RDFJq5hw8Iu9jDUBgo+jafmeD3NdUyO_c'
         Attempt to connect named pipe 'UGCeNc1jG8RDFJq5hw8Iu9jDUBgo+jafmeD3NdUyO_c'
         Named pipe 'UGCeNc1jG8RDFJq5hw8Iu9jDUBgo+jafmeD3NdUyO_c' connected
         Begin writing request for GoldenTicket.Desktop (net10.0-windows10.0.26100.0)
         End writing request for GoldenTicket.Desktop (net10.0-windows10.0.26100.0)
         Begin reading response for GoldenTicket.Desktop (net10.0-windows10.0.26100.0)
         End reading response for GoldenTicket.Desktop (net10.0-windows10.0.26100.0)
         CompilerServer: server - server processed compilation - GoldenTicket.Desktop (net10.0-windows10.0.26100.0)
       _CopyFilesMarkedCopyLocal:
         Copying file from "C:\Users\abiem\.nuget\packages\sqlitepclraw.provider.e_sqlite3\2.1.12\lib\net6.0-windows7.0\SQLitePCLRaw.provider.e_sqlite3.dll" to "D:\Projects\GoldenTicket\src\GoldenTicket.Desktop\bin\Release\net10.0-windows10.0.26100.0\win-x64\SQLitePCLRaw.provider.e_sqlite3.dll".
         Copying file from "C:\Users\abiem\.nuget\packages\sqlitepclraw.lib.e_sqlite3\2.1.12\runtimes\win-x64\native\e_sqlite3.dll" to "D:\Projects\GoldenTicket\src\GoldenTicket.Desktop\bin\Release\net10.0-windows10.0.26100.0\win-x64\e_sqlite3.dll".
         Copying file from "C:\Users\abiem\.nuget\packages\sqlitepclraw.core\2.1.12\lib\netstandard2.0\SQLitePCLRaw.core.dll" to "D:\Projects\GoldenTicket\src\GoldenTicket.Desktop\bin\Release\net10.0-windows10.0.26100.0\win-x64\SQLitePCLRaw.core.dll".
         Copying file from "C:\Users\abiem\.nuget\packages\sqlitepclraw.bundle_e_sqlite3\2.1.12\lib\netstandard2.0\SQLitePCLRaw.batteries_v2.dll" to "D:\Projects\GoldenTicket\src\GoldenTicket.Desktop\bin\Release\net10.0-windows10.0.26100.0\win-x64\SQLitePCLRaw.batteries_v2.dll".
         Copying file from "C:\Users\abiem\.nuget\packages\microsoft.data.sqlite.core\10.0.12\lib\net8.0\Microsoft.Data.Sqlite.dll" to "D:\Projects\GoldenTicket\src\GoldenTicket.Desktop\bin\Release\net10.0-windows10.0.26100.0\win-x64\Microsoft.Data.Sqlite.dll".
         Copying file from "C:\Users\abiem\.nuget\packages\communitytoolkit.mvvm\8.4.2\lib\net8.0-windows10.0.17763\CommunityToolkit.Mvvm.dll" to "D:\Projects\GoldenTicket\src\GoldenTicket.Desktop\bin\Release\net10.0-windows10.0.26100.0\win-x64\CommunityToolkit.Mvvm.dll".
         Copying file from "C:\Users\abiem\.nuget\packages\microsoft.windows.sdk.net.ref\10.0.26100.57\lib\net8.0\Microsoft.Windows.SDK.NET.dll" to "D:\Projects\GoldenTicket\src\GoldenTicket.Desktop\bin\Release\net10.0-windows10.0.26100.0\win-x64\Microsoft.Windows.SDK.NET.dll".
         Copying file from "D:\Projects\GoldenTicket\src\GoldenTicket.Application\bin\Release\net10.0\GoldenTicket.Application.dll" to "D:\Projects\GoldenTicket\src\GoldenTicket.Desktop\bin\Release\net10.0-windows10.0.26100.0\win-x64\GoldenTicket.Application.dll".
         Copying file from "D:\Projects\GoldenTicket\src\GoldenTicket.AI\bin\Release\net10.0\GoldenTicket.AI.dll" to "D:\Projects\GoldenTicket\src\GoldenTicket.Desktop\bin\Release\net10.0-windows10.0.26100.0\win-x64\GoldenTicket.AI.dll".
         Copying file from "C:\Users\abiem\.nuget\packages\microsoft.windows.sdk.net.ref\10.0.26100.57\lib\net8.0\WinRT.Runtime.dll" to "D:\Projects\GoldenTicket\src\GoldenTicket.Desktop\bin\Release\net10.0-windows10.0.26100.0\win-x64\WinRT.Runtime.dll".
         Copying file from "D:\Projects\GoldenTicket\src\GoldenTicket.Domain\bin\Release\net10.0\GoldenTicket.Domain.dll" to "D:\Projects\GoldenTicket\src\GoldenTicket.Desktop\bin\Release\net10.0-windows10.0.26100.0\win-x64\GoldenTicket.Domain.dll".
         Copying file from "D:\Projects\GoldenTicket\src\GoldenTicket.Domain\bin\Release\net10.0\GoldenTicket.Domain.pdb" to "D:\Projects\GoldenTicket\src\GoldenTicket.Desktop\bin\Release\net10.0-windows10.0.26100.0\win-x64\GoldenTicket.Domain.pdb".
         Copying file from "D:\Projects\GoldenTicket\src\GoldenTicket.Application\bin\Release\net10.0\GoldenTicket.Application.pdb" to "D:\Projects\GoldenTicket\src\GoldenTicket.Desktop\bin\Release\net10.0-windows10.0.26100.0\win-x64\GoldenTicket.Application.pdb".
         Copying file from "D:\Projects\GoldenTicket\src\GoldenTicket.Persistence\bin\Release\net10.0\GoldenTicket.Persistence.dll" to "D:\Projects\GoldenTicket\src\GoldenTicket.Desktop\bin\Release\net10.0-windows10.0.26100.0\win-x64\GoldenTicket.Persistence.dll".
         Copying file from "D:\Projects\GoldenTicket\src\GoldenTicket.AI\bin\Release\net10.0\GoldenTicket.AI.pdb" to "D:\Projects\GoldenTicket\src\GoldenTicket.Desktop\bin\Release\net10.0-windows10.0.26100.0\win-x64\GoldenTicket.AI.pdb".
         Copying file from "D:\Projects\GoldenTicket\src\GoldenTicket.Persistence\bin\Release\net10.0\GoldenTicket.Persistence.pdb" to "D:\Projects\GoldenTicket\src\GoldenTicket.Desktop\bin\Release\net10.0-windows10.0.26100.0\win-x64\GoldenTicket.Persistence.pdb".
         Creating "D:\Projects\GoldenTicket\src\GoldenTicket.Desktop\obj\Release\net10.0-windows10.0.26100.0\win-x64\GoldenTi.84E37312.Up2Date" because "AlwaysCreate" was specified.
         Touching "D:\Projects\GoldenTicket\src\GoldenTicket.Desktop\obj\Release\net10.0-windows10.0.26100.0\win-x64\GoldenTi.84E37312.Up2Date".
       _CopyOutOfDateSourceItemsToOutputDirectory:
         Copying file from "D:\Projects\GoldenTicket\data\classic-us\classic-us-v1.json" to "D:\Projects\GoldenTicket\src\GoldenTicket.Desktop\bin\Release\net10.0-windows10.0.26100.0\win-x64\data\classic-us\classic-us-v1.json".
         Copying file from "D:\Projects\GoldenTicket\src\GoldenTicket.Desktop\obj\Release\net10.0-windows10.0.26100.0\win-x64\apphost.exe" to "D:\Projects\GoldenTicket\src\GoldenTicket.Desktop\bin\Release\net10.0-windows10.0.26100.0\win-x64\GoldenTicket.exe".
       CopyFilesToOutputDirectory:
         Copying file from "D:\Projects\GoldenTicket\src\GoldenTicket.Desktop\obj\Release\net10.0-windows10.0.26100.0\win-x64\GoldenTicket.dll" to "D:\Projects\GoldenTicket\src\GoldenTicket.Desktop\bin\Release\net10.0-windows10.0.26100.0\win-x64\GoldenTicket.dll".
         Copying reference assembly from "obj\Release\net10.0-windows10.0.26100.0\win-x64\refint\GoldenTicket.dll" to "D:\Projects\GoldenTicket\src\GoldenTicket.Desktop\obj\Release\net10.0-windows10.0.26100.0\win-x64\ref\GoldenTicket.dll".
         GoldenTicket.Desktop -> D:\Projects\GoldenTicket\src\GoldenTicket.Desktop\bin\Release\net10.0-windows10.0.26100.0\win-x64\GoldenTicket.dll
         Copying file from "D:\Projects\GoldenTicket\src\GoldenTicket.Desktop\obj\Release\net10.0-windows10.0.26100.0\win-x64\GoldenTicket.pdb" to "D:\Projects\GoldenTicket\src\GoldenTicket.Desktop\bin\Release\net10.0-windows10.0.26100.0\win-x64\GoldenTicket.pdb".
     7>Done Building Project "D:\Projects\GoldenTicket\src\GoldenTicket.Desktop\GoldenTicket.Desktop.csproj" (Rebuild target(s)).
     6>GenerateTargetFrameworkMonikerAttribute:
       Skipping target "GenerateTargetFrameworkMonikerAttribute" because all output files are up-to-date with respect to the input files.
       _GenerateSelfRegisteredExtensions:
         SelfRegisteredExtensionsSourcePath: 'D:\Projects\GoldenTicket\tests\GoldenTicket.Domain.Tests\obj\Release\net10.0-windows10.0.26100.0\SelfRegisteredExtensions.cs'
         Language: 'C#'
         TestingPlatformExtensionFullTypeNames:
          Hook UID: '8214564B-6107-422D-8A82-462F97602287' DisplayName: 'Microsoft.Testing.Platform.MSBuild' TypeFullName: 'Microsoft.Testing.Platform.MSBuild.TestingPlatformBuilderHook'
          Hook UID: '98058041-B5B6-4A75-9834-58E6DF796A22' DisplayName: 'Microsoft.Testing.Extensions.Telemetry' TypeFullName: 'Microsoft.Testing.Extensions.Telemetry.TestingPlatformBuilderHook'
         
         SelfRegisteredExtensions source:
         '//------------------------------------------------------------------------------
         // <auto-generated>
         //     This code was generated by Microsoft.Testing.Platform.MSBuild
         // </auto-generated>
         //------------------------------------------------------------------------------
         
         namespace GoldenTicket.Domain.Tests
         {
             [global::System.Diagnostics.CodeAnalysis.ExcludeFromCodeCoverage]
             internal static class SelfRegisteredExtensions
             {
                 public static void AddSelfRegisteredExtensions(this global::Microsoft.Testing.Platform.Builder.ITestApplicationBuilder builder, string[] args)
                 {
                     global::Microsoft.Testing.Platform.MSBuild.TestingPlatformBuilderHook.AddExtensions(builder, args);
                 global::Microsoft.Testing.Extensions.Telemetry.TestingPlatformBuilderHook.AddExtensions(builder, args);
                 }
             }
         }'
       _XunitGenerateEntryPoint:
         SourcePath: 'D:\Projects\GoldenTicket\tests\GoldenTicket.Domain.Tests\obj\Release\net10.0-windows10.0.26100.0\XunitAutoGeneratedEntryPoint.cs'
         Language: 'C#'
         RootNamespace: 'GoldenTicket.Domain.Tests'
         Entrypoint source:
         '// <auto-generated> This file has been auto generated by xunit.v3.msbuildtasks. </auto-generated>
         
         namespace GoldenTicket.Domain.Tests.AutoGenerated
         {
         	[global::System.Diagnostics.CodeAnalysis.ExcludeFromCodeCoverage]
         	internal class XunitAutoGeneratedEntryPoint
         	{
         		public static int Main(string[] args)
         		{
         			if (global::System.Linq.Enumerable.Any(args, arg => arg == "--server" || arg == "--internal-msbuild-node"))
         				return global::Xunit.MicrosoftTestingPlatform.TestPlatformTestFramework.RunAsync(args, SelfRegisteredExtensions.AddSelfRegisteredExtensions).GetAwaiter().GetResult();
         			else
         				return global::Xunit.Runner.InProc.SystemConsole.ConsoleRunner.Run(args).GetAwaiter().GetResult();
         		}
         	}
         }'
       CoreGenerateAssemblyInfo:
         Could not infer the type of parameter "_Parameter1" because the attribute type "System.Reflection.AssemblyMetadata" is unknown. The value will be treated as a string.
         Could not infer the type of parameter "_Parameter2" because the attribute type "System.Reflection.AssemblyMetadata" is unknown. The value will be treated as a string.
       _GenerateSourceLinkFile:
         Source Link is empty, file 'obj\Release\net10.0-windows10.0.26100.0\GoldenTicket.Domain.Tests.sourcelink.json' does not exist.
       CoreCompile:
         Setting DOTNET_ROOT to 'C:\Program Files\dotnet'
         C:\Program Files\dotnet\sdk\10.0.401\Roslyn\bincore\csc.exe /noconfig /unsafe- /checked- /nowarn:CA1416,1701,1702,8002 /fullpaths /nostdlib+ /errorreport:prompt /warn:10 /define:TRACE;RELEASE;NET;NET10_0;NETCOREAPP;WINDOWS;WINDOWS10_0_26100_0;NET5_0_OR_GREATER;NET6_0_OR_GREATER;NET7_0_OR_GREATER;NET8_0_OR_GREATER;NET9_0_OR_GREATER;NET10_0_OR_GREATER;NETCOREAPP1_0_OR_GREATER;NETCOREAPP1_1_OR_GREATER;NETCOREAPP2_0_OR_GREATER;NETCOREAPP2_1_OR_GREATER;NETCOREAPP2_2_OR_GREATER;NETCOREAPP3_0_OR_GREATER;NETCOREAPP3_1_OR_GREATER;WINDOWS10_0_26100_0_OR_GREATER;WINDOWS10_0_22621_0_OR_GREATER;WINDOWS10_0_22000_0_OR_GREATER;WINDOWS10_0_20348_0_OR_GREATER;WINDOWS10_0_19041_0_OR_GREATER;WINDOWS10_0_18362_0_OR_GREATER;WINDOWS10_0_17763_0_OR_GREATER;WINDOWS8_0_OR_GREATER;WINDOWS7_0_OR_GREATER /highentropyva+ /nullable:enable /reference:"C:\Program Files\dotnet\packs\Microsoft.WindowsDesktop.App.Ref\10.0.12\ref\net10.0\Accessibility.dll" /reference:C:\Users\abiem\.nuget\packages\communitytoolkit.mvvm\8.4.2\lib\net8.0-windows10.0.17763\CommunityToolkit.Mvvm.dll /reference:D:\Projects\GoldenTicket\src\GoldenTicket.AI\obj\Release\net10.0\ref\GoldenTicket.AI.dll /reference:D:\Projects\GoldenTicket\src\GoldenTicket.Application\obj\Release\net10.0\ref\GoldenTicket.Application.dll /reference:D:\Projects\GoldenTicket\src\GoldenTicket.Desktop\obj\Release\net10.0-windows10.0.26100.0\win-x64\ref\GoldenTicket.dll /reference:D:\Projects\GoldenTicket\src\GoldenTicket.Domain\obj\Release\net10.0\ref\GoldenTicket.Domain.dll /reference:D:\Projects\GoldenTicket\src\GoldenTicket.Persistence\obj\Release\net10.0\ref\GoldenTicket.Persistence.dll /reference:D:\Projects\GoldenTicket\tools\GoldenTicket.Simulator\obj\Release\net10.0\ref\GoldenTicket.Simulator.dll /reference:C:\Users\abiem\.nuget\packages\microsoft.applicationinsights\2.23.0\lib\netstandard2.0\Microsoft.ApplicationInsights.dll /reference:C:\Users\abiem\.nuget\packages\microsoft.bcl.asyncinterfaces\6.0.0\lib\netstandard2.1\Microsoft.Bcl.AsyncInterfaces.dll /reference:"C:\Program Files\dotnet\packs\Microsoft.NETCore.App.Ref\10.0.12\ref\net10.0\Microsoft.CSharp.dll" /reference:C:\Users\abiem\.nuget\packages\microsoft.data.sqlite.core\10.0.12\lib\net8.0\Microsoft.Data.Sqlite.dll /reference:C:\Users\abiem\.nuget\packages\microsoft.testing.platform.msbuild\1.9.1\lib\net9.0\Microsoft.Testing.Extensions.MSBuild.dll /reference:C:\Users\abiem\.nuget\packages\microsoft.testing.extensions.telemetry\1.9.1\lib\net9.0\Microsoft.Testing.Extensions.Telemetry.dll /reference:C:\Users\abiem\.nuget\packages\microsoft.testing.extensions.trxreport.abstractions\1.9.1\lib\net9.0\Microsoft.Testing.Extensions.TrxReport.Abstractions.dll /reference:C:\Users\abiem\.nuget\packages\microsoft.testing.platform\1.9.1\lib\net9.0\Microsoft.Testing.Platform.dll /reference:C:\Users\abiem\.nuget\packages\microsoft.testplatform.testhost\18.10.0\lib\net8.0\Microsoft.TestPlatform.CommunicationUtilities.dll /reference:C:\Users\abiem\.nuget\packages\microsoft.testplatform.testhost\18.10.0\lib\net8.0\Microsoft.TestPlatform.CoreUtilities.dll /reference:C:\Users\abiem\.nuget\packages\microsoft.testplatform.testhost\18.10.0\lib\net8.0\Microsoft.TestPlatform.CrossPlatEngine.dll /reference:C:\Users\abiem\.nuget\packages\microsoft.testplatform.testhost\18.10.0\lib\net8.0\Microsoft.TestPlatform.PlatformAbstractions.dll /reference:C:\Users\abiem\.nuget\packages\microsoft.testplatform.testhost\18.10.0\lib\net8.0\Microsoft.TestPlatform.Utilities.dll /reference:"C:\Program Files\dotnet\packs\Microsoft.NETCore.App.Ref\10.0.12\ref\net10.0\Microsoft.VisualBasic.Core.dll" /reference:"C:\Program Files\dotnet\packs\Microsoft.NETCore.App.Ref\10.0.12\ref\net10.0\Microsoft.VisualBasic.dll" /reference:C:\Users\abiem\.nuget\packages\microsoft.codecoverage\18.10.0\lib\net8.0\Microsoft.VisualStudio.CodeCoverage.Shim.dll /reference:C:\Users\abiem\.nuget\packages\microsoft.testplatform.testhost\18.10.0\lib\net8.0\Microsoft.VisualStudio.TestPlatform.Common.dll /reference:C:\Users\abiem\.nuget\packages\microsoft.testplatform.testhost\18.10.0\lib\net8.0\Microsoft.VisualStudio.TestPlatform.ObjectModel.dll /reference:"C:\Program Files\dotnet\packs\Microsoft.NETCore.App.Ref\10.0.12\ref\net10.0\Microsoft.Win32.Primitives.dll" /reference:"C:\Program Files\dotnet\packs\Microsoft.WindowsDesktop.App.Ref\10.0.12\ref\net10.0\Microsoft.Win32.Registry.AccessControl.dll" /reference:"C:\Program Files\dotnet\packs\Microsoft.NETCore.App.Ref\10.0.12\ref\net10.0\Microsoft.Win32.Registry.dll" /reference:"C:\Program Files\dotnet\packs\Microsoft.WindowsDesktop.App.Ref\10.0.12\ref\net10.0\Microsoft.Win32.SystemEvents.dll" /reference:C:\Users\abiem\.nuget\packages\microsoft.windows.sdk.net.ref\10.0.26100.57\lib\net8.0\Microsoft.Windows.SDK.NET.dll /reference:"C:\Program Files\dotnet\packs\Microsoft.NETCore.App.Ref\10.0.12\ref\net10.0\mscorlib.dll" /reference:"C:\Program Files\dotnet\packs\Microsoft.NETCore.App.Ref\10.0.12\ref\net10.0\netstandard.dll" /reference:"C:\Program Files\dotnet\packs\Microsoft.WindowsDesktop.App.Ref\10.0.12\ref\net10.0\PresentationCore.dll" /reference:"C:\Program Files\dotnet\packs\Microsoft.WindowsDesktop.App.Ref\10.0.12\ref\net10.0\PresentationFramework.Aero.dll" /reference:"C:\Program Files\dotnet\packs\Microsoft.WindowsDesktop.App.Ref\10.0.12\ref\net10.0\PresentationFramework.Aero2.dll" /reference:"C:\Program Files\dotnet\packs\Microsoft.WindowsDesktop.App.Ref\10.0.12\ref\net10.0\PresentationFramework.AeroLite.dll" /reference:"C:\Program Files\dotnet\packs\Microsoft.WindowsDesktop.App.Ref\10.0.12\ref\net10.0\PresentationFramework.Classic.dll" /reference:"C:\Program Files\dotnet\packs\Microsoft.WindowsDesktop.App.Ref\10.0.12\ref\net10.0\PresentationFramework.dll" /reference:"C:\Program Files\dotnet\packs\Microsoft.WindowsDesktop.App.Ref\10.0.12\ref\net10.0\PresentationFramework.Luna.dll" /reference:"C:\Program Files\dotnet\packs\Microsoft.WindowsDesktop.App.Ref\10.0.12\ref\net10.0\PresentationFramework.Royale.dll" /reference:"C:\Program Files\dotnet\packs\Microsoft.WindowsDesktop.App.Ref\10.0.12\ref\net10.0\PresentationUI.dll" /reference:"C:\Program Files\dotnet\packs\Microsoft.WindowsDesktop.App.Ref\10.0.12\ref\net10.0\ReachFramework.dll" /reference:C:\Users\abiem\.nuget\packages\sqlitepclraw.bundle_e_sqlite3\2.1.12\lib\netstandard2.0\SQLitePCLRaw.batteries_v2.dll /reference:C:\Users\abiem\.nuget\packages\sqlitepclraw.core\2.1.12\lib\netstandard2.0\SQLitePCLRaw.core.dll /reference:C:\Users\abiem\.nuget\packages\sqlitepclraw.provider.e_sqlite3\2.1.12\lib\net6.0-windows7.0\SQLitePCLRaw.provider.e_sqlite3.dll /reference:"C:\Program Files\dotnet\packs\Microsoft.NETCore.App.Ref\10.0.12\ref\net10.0\System.AppContext.dll" /reference:"C:\Program Files\dotnet\packs\Microsoft.NETCore.App.Ref\10.0.12\ref\net10.0\System.Buffers.dll" /reference:"C:\Program Files\dotnet\packs\Microsoft.WindowsDesktop.App.Ref\10.0.12\ref\net10.0\System.CodeDom.dll" /reference:"C:\Program Files\dotnet\packs\Microsoft.NETCore.App.Ref\10.0.12\ref\net10.0\System.Collections.Concurrent.dll" /reference:"C:\Program Files\dotnet\packs\Microsoft.NETCore.App.Ref\10.0.12\ref\net10.0\System.Collections.dll" /reference:"C:\Program Files\dotnet\packs\Microsoft.NETCore.App.Ref\10.0.12\ref\net10.0\System.Collections.Immutable.dll" /reference:"C:\Program Files\dotnet\packs\Microsoft.NETCore.App.Ref\10.0.12\ref\net10.0\System.Collections.NonGeneric.dll" /reference:"C:\Program Files\dotnet\packs\Microsoft.NETCore.App.Ref\10.0.12\ref\net10.0\System.Collections.Specialized.dll" /reference:"C:\Program Files\dotnet\packs\Microsoft.NETCore.App.Ref\10.0.12\ref\net10.0\System.ComponentModel.Annotations.dll" /reference:"C:\Program Files\dotnet\packs\Microsoft.NETCore.App.Ref\10.0.12\ref\net10.0\System.ComponentModel.DataAnnotations.dll" /reference:"C:\Program Files\dotnet\packs\Microsoft.NETCore.App.Ref\10.0.12\ref\net10.0\System.ComponentModel.dll" /reference:"C:\Program Files\dotnet\packs\Microsoft.NETCore.App.Ref\10.0.12\ref\net10.0\System.ComponentModel.EventBasedAsync.dll" /reference:"C:\Program Files\dotnet\packs\Microsoft.NETCore.App.Ref\10.0.12\ref\net10.0\System.ComponentModel.Primitives.dll" /reference:"C:\Program Files\dotnet\packs\Microsoft.NETCore.App.Ref\10.0.12\ref\net10.0\System.ComponentModel.TypeConverter.dll" /reference:"C:\Program Files\dotnet\packs\Microsoft.WindowsDesktop.App.Ref\10.0.12\ref\net10.0\System.Configuration.ConfigurationManager.dll" /reference:"C:\Program Files\dotnet\packs\Microsoft.NETCore.App.Ref\10.0.12\ref\net10.0\System.Configuration.dll" /reference:"C:\Program Files\dotnet\packs\Microsoft.NETCore.App.Ref\10.0.12\ref\net10.0\System.Console.dll" /reference:"C:\Program Files\dotnet\packs\Microsoft.NETCore.App.Ref\10.0.12\ref\net10.0\System.Core.dll" /reference:"C:\Program Files\dotnet\packs\Microsoft.NETCore.App.Ref\10.0.12\ref\net10.0\System.Data.Common.dll" /reference:"C:\Program Files\dotnet\packs\Microsoft.NETCore.App.Ref\10.0.12\ref\net10.0\System.Data.DataSetExtensions.dll" /reference:"C:\Program Files\dotnet\packs\Microsoft.NETCore.App.Ref\10.0.12\ref\net10.0\System.Data.dll" /reference:"C:\Program Files\dotnet\packs\Microsoft.NETCore.App.Ref\10.0.12\ref\net10.0\System.Diagnostics.Contracts.dll" /reference:"C:\Program Files\dotnet\packs\Microsoft.NETCore.App.Ref\10.0.12\ref\net10.0\System.Diagnostics.Debug.dll" /reference:"C:\Program Files\dotnet\packs\Microsoft.NETCore.App.Ref\10.0.12\ref\net10.0\System.Diagnostics.DiagnosticSource.dll" /reference:"C:\Program Files\dotnet\packs\Microsoft.WindowsDesktop.App.Ref\10.0.12\ref\net10.0\System.Diagnostics.EventLog.dll" /reference:"C:\Program Files\dotnet\packs\Microsoft.NETCore.App.Ref\10.0.12\ref\net10.0\System.Diagnostics.FileVersionInfo.dll" /reference:"C:\Program Files\dotnet\packs\Microsoft.WindowsDesktop.App.Ref\10.0.12\ref\net10.0\System.Diagnostics.PerformanceCounter.dll" /reference:"C:\Program Files\dotnet\packs\Microsoft.NETCore.App.Ref\10.0.12\ref\net10.0\System.Diagnostics.Process.dll" /reference:"C:\Program Files\dotnet\packs\Microsoft.NETCore.App.Ref\10.0.12\ref\net10.0\System.Diagnostics.StackTrace.dll" /reference:"C:\Program Files\dotnet\packs\Microsoft.NETCore.App.Ref\10.0.12\ref\net10.0\System.Diagnostics.TextWriterTraceListener.dll" /reference:"C:\Program Files\dotnet\packs\Microsoft.NETCore.App.Ref\10.0.12\ref\net10.0\System.Diagnostics.Tools.dll" /reference:"C:\Program Files\dotnet\packs\Microsoft.NETCore.App.Ref\10.0.12\ref\net10.0\System.Diagnostics.TraceSource.dll" /reference:"C:\Program Files\dotnet\packs\Microsoft.NETCore.App.Ref\10.0.12\ref\net10.0\System.Diagnostics.Tracing.dll" /reference:"C:\Program Files\dotnet\packs\Microsoft.WindowsDesktop.App.Ref\10.0.12\ref\net10.0\System.DirectoryServices.dll" /reference:"C:\Program Files\dotnet\packs\Microsoft.NETCore.App.Ref\10.0.12\ref\net10.0\System.dll" /reference:"C:\Program Files\dotnet\packs\Microsoft.WindowsDesktop.App.Ref\10.0.12\ref\net10.0\System.Drawing.Common.dll" /reference:"C:\Program Files\dotnet\packs\Microsoft.NETCore.App.Ref\10.0.12\ref\net10.0\System.Drawing.dll" /reference:"C:\Program Files\dotnet\packs\Microsoft.NETCore.App.Ref\10.0.12\ref\net10.0\System.Drawing.Primitives.dll" /reference:"C:\Program Files\dotnet\packs\Microsoft.NETCore.App.Ref\10.0.12\ref\net10.0\System.Dynamic.Runtime.dll" /reference:"C:\Program Files\dotnet\packs\Microsoft.NETCore.App.Ref\10.0.12\ref\net10.0\System.Formats.Asn1.dll" /reference:"C:\Program Files\dotnet\packs\Microsoft.WindowsDesktop.App.Ref\10.0.12\ref\net10.0\System.Formats.Nrbf.dll" /reference:"C:\Program Files\dotnet\packs\Microsoft.NETCore.App.Ref\10.0.12\ref\net10.0\System.Formats.Tar.dll" /reference:"C:\Program Files\dotnet\packs\Microsoft.NETCore.App.Ref\10.0.12\ref\net10.0\System.Globalization.Calendars.dll" /reference:"C:\Program Files\dotnet\packs\Microsoft.NETCore.App.Ref\10.0.12\ref\net10.0\System.Globalization.dll" /reference:"C:\Program Files\dotnet\packs\Microsoft.NETCore.App.Ref\10.0.12\ref\net10.0\System.Globalization.Extensions.dll" /reference:"C:\Program Files\dotnet\packs\Microsoft.NETCore.App.Ref\10.0.12\ref\net10.0\System.IO.Compression.Brotli.dll" /reference:"C:\Program Files\dotnet\packs\Microsoft.NETCore.App.Ref\10.0.12\ref\net10.0\System.IO.Compression.dll" /reference:"C:\Program Files\dotnet\packs\Microsoft.NETCore.App.Ref\10.0.12\ref\net10.0\System.IO.Compression.FileSystem.dll" /reference:"C:\Program Files\dotnet\packs\Microsoft.NETCore.App.Ref\10.0.12\ref\net10.0\System.IO.Compression.ZipFile.dll" /reference:"C:\Program Files\dotnet\packs\Microsoft.NETCore.App.Ref\10.0.12\ref\net10.0\System.IO.dll" /reference:"C:\Program Files\dotnet\packs\Microsoft.NETCore.App.Ref\10.0.12\ref\net10.0\System.IO.FileSystem.AccessControl.dll" /reference:"C:\Program Files\dotnet\packs\Microsoft.NETCore.App.Ref\10.0.12\ref\net10.0\System.IO.FileSystem.dll" /reference:"C:\Program Files\dotnet\packs\Microsoft.NETCore.App.Ref\10.0.12\ref\net10.0\System.IO.FileSystem.DriveInfo.dll" /reference:"C:\Program Files\dotnet\packs\Microsoft.NETCore.App.Ref\10.0.12\ref\net10.0\System.IO.FileSystem.Primitives.dll" /reference:"C:\Program Files\dotnet\packs\Microsoft.NETCore.App.Ref\10.0.12\ref\net10.0\System.IO.FileSystem.Watcher.dll" /reference:"C:\Program Files\dotnet\packs\Microsoft.NETCore.App.Ref\10.0.12\ref\net10.0\System.IO.IsolatedStorage.dll" /reference:"C:\Program Files\dotnet\packs\Microsoft.NETCore.App.Ref\10.0.12\ref\net10.0\System.IO.MemoryMappedFiles.dll" /reference:"C:\Program Files\dotnet\packs\Microsoft.WindowsDesktop.App.Ref\10.0.12\ref\net10.0\System.IO.Packaging.dll" /reference:"C:\Program Files\dotnet\packs\Microsoft.NETCore.App.Ref\10.0.12\ref\net10.0\System.IO.Pipelines.dll" /reference:"C:\Program Files\dotnet\packs\Microsoft.NETCore.App.Ref\10.0.12\ref\net10.0\System.IO.Pipes.AccessControl.dll" /reference:"C:\Program Files\dotnet\packs\Microsoft.NETCore.App.Ref\10.0.12\ref\net10.0\System.IO.Pipes.dll" /reference:"C:\Program Files\dotnet\packs\Microsoft.NETCore.App.Ref\10.0.12\ref\net10.0\System.IO.UnmanagedMemoryStream.dll" /reference:"C:\Program Files\dotnet\packs\Microsoft.NETCore.App.Ref\10.0.12\ref\net10.0\System.Linq.AsyncEnumerable.dll" /reference:"C:\Program Files\dotnet\packs\Microsoft.NETCore.App.Ref\10.0.12\ref\net10.0\System.Linq.dll" /reference:"C:\Program Files\dotnet\packs\Microsoft.NETCore.App.Ref\10.0.12\ref\net10.0\System.Linq.Expressions.dll" /reference:"C:\Program Files\dotnet\packs\Microsoft.NETCore.App.Ref\10.0.12\ref\net10.0\System.Linq.Parallel.dll" /reference:"C:\Program Files\dotnet\packs\Microsoft.NETCore.App.Ref\10.0.12\ref\net10.0\System.Linq.Queryable.dll" /reference:"C:\Program Files\dotnet\packs\Microsoft.NETCore.App.Ref\10.0.12\ref\net10.0\System.Memory.dll" /reference:"C:\Program Files\dotnet\packs\Microsoft.NETCore.App.Ref\10.0.12\ref\net10.0\System.Net.dll" /reference:"C:\Program Files\dotnet\packs\Microsoft.NETCore.App.Ref\10.0.12\ref\net10.0\System.Net.Http.dll" /reference:"C:\Program Files\dotnet\packs\Microsoft.NETCore.App.Ref\10.0.12\ref\net10.0\System.Net.Http.Json.dll" /reference:"C:\Program Files\dotnet\packs\Microsoft.NETCore.App.Ref\10.0.12\ref\net10.0\System.Net.HttpListener.dll" /reference:"C:\Program Files\dotnet\packs\Microsoft.NETCore.App.Ref\10.0.12\ref\net10.0\System.Net.Mail.dll" /reference:"C:\Program Files\dotnet\packs\Microsoft.NETCore.App.Ref\10.0.12\ref\net10.0\System.Net.NameResolution.dll" /reference:"C:\Program Files\dotnet\packs\Microsoft.NETCore.App.Ref\10.0.12\ref\net10.0\System.Net.NetworkInformation.dll" /reference:"C:\Program Files\dotnet\packs\Microsoft.NETCore.App.Ref\10.0.12\ref\net10.0\System.Net.Ping.dll" /reference:"C:\Program Files\dotnet\packs\Microsoft.NETCore.App.Ref\10.0.12\ref\net10.0\System.Net.Primitives.dll" /reference:"C:\Program Files\dotnet\packs\Microsoft.NETCore.App.Ref\10.0.12\ref\net10.0\System.Net.Quic.dll" /reference:"C:\Program Files\dotnet\packs\Microsoft.NETCore.App.Ref\10.0.12\ref\net10.0\System.Net.Requests.dll" /reference:"C:\Program Files\dotnet\packs\Microsoft.NETCore.App.Ref\10.0.12\ref\net10.0\System.Net.Security.dll" /reference:"C:\Program Files\dotnet\packs\Microsoft.NETCore.App.Ref\10.0.12\ref\net10.0\System.Net.ServerSentEvents.dll" /reference:"C:\Program Files\dotnet\packs\Microsoft.NETCore.App.Ref\10.0.12\ref\net10.0\System.Net.ServicePoint.dll" /reference:"C:\Program Files\dotnet\packs\Microsoft.NETCore.App.Ref\10.0.12\ref\net10.0\System.Net.Sockets.dll" /reference:"C:\Program Files\dotnet\packs\Microsoft.NETCore.App.Ref\10.0.12\ref\net10.0\System.Net.WebClient.dll" /reference:"C:\Program Files\dotnet\packs\Microsoft.NETCore.App.Ref\10.0.12\ref\net10.0\System.Net.WebHeaderCollection.dll" /reference:"C:\Program Files\dotnet\packs\Microsoft.NETCore.App.Ref\10.0.12\ref\net10.0\System.Net.WebProxy.dll" /reference:"C:\Program Files\dotnet\packs\Microsoft.NETCore.App.Ref\10.0.12\ref\net10.0\System.Net.WebSockets.Client.dll" /reference:"C:\Program Files\dotnet\packs\Microsoft.NETCore.App.Ref\10.0.12\ref\net10.0\System.Net.WebSockets.dll" /reference:"C:\Program Files\dotnet\packs\Microsoft.NETCore.App.Ref\10.0.12\ref\net10.0\System.Numerics.dll" /reference:"C:\Program Files\dotnet\packs\Microsoft.NETCore.App.Ref\10.0.12\ref\net10.0\System.Numerics.Vectors.dll" /reference:"C:\Program Files\dotnet\packs\Microsoft.NETCore.App.Ref\10.0.12\ref\net10.0\System.ObjectModel.dll" /reference:"C:\Program Files\dotnet\packs\Microsoft.WindowsDesktop.App.Ref\10.0.12\ref\net10.0\System.Printing.dll" /reference:"C:\Program Files\dotnet\packs\Microsoft.WindowsDesktop.App.Ref\10.0.12\ref\net10.0\System.Private.Windows.Core.dll" /reference:"C:\Program Files\dotnet\packs\Microsoft.WindowsDesktop.App.Ref\10.0.12\ref\net10.0\System.Private.Windows.GdiPlus.dll" /reference:"C:\Program Files\dotnet\packs\Microsoft.NETCore.App.Ref\10.0.12\ref\net10.0\System.Reflection.DispatchProxy.dll" /reference:"C:\Program Files\dotnet\packs\Microsoft.NETCore.App.Ref\10.0.12\ref\net10.0\System.Reflection.dll" /reference:"C:\Program Files\dotnet\packs\Microsoft.NETCore.App.Ref\10.0.12\ref\net10.0\System.Reflection.Emit.dll" /reference:"C:\Program Files\dotnet\packs\Microsoft.NETCore.App.Ref\10.0.12\ref\net10.0\System.Reflection.Emit.ILGeneration.dll" /reference:"C:\Program Files\dotnet\packs\Microsoft.NETCore.App.Ref\10.0.12\ref\net10.0\System.Reflection.Emit.Lightweight.dll" /reference:"C:\Program Files\dotnet\packs\Microsoft.NETCore.App.Ref\10.0.12\ref\net10.0\System.Reflection.Extensions.dll" /reference:"C:\Program Files\dotnet\packs\Microsoft.NETCore.App.Ref\10.0.12\ref\net10.0\System.Reflection.Metadata.dll" /reference:"C:\Program Files\dotnet\packs\Microsoft.NETCore.App.Ref\10.0.12\ref\net10.0\System.Reflection.Primitives.dll" /reference:"C:\Program Files\dotnet\packs\Microsoft.NETCore.App.Ref\10.0.12\ref\net10.0\System.Reflection.TypeExtensions.dll" /reference:"C:\Program Files\dotnet\packs\Microsoft.WindowsDesktop.App.Ref\10.0.12\ref\net10.0\System.Resources.Extensions.dll" /reference:"C:\Program Files\dotnet\packs\Microsoft.NETCore.App.Ref\10.0.12\ref\net10.0\System.Resources.Reader.dll" /reference:"C:\Program Files\dotnet\packs\Microsoft.NETCore.App.Ref\10.0.12\ref\net10.0\System.Resources.ResourceManager.dll" /reference:"C:\Program Files\dotnet\packs\Microsoft.NETCore.App.Ref\10.0.12\ref\net10.0\System.Resources.Writer.dll" /reference:"C:\Program Files\dotnet\packs\Microsoft.NETCore.App.Ref\10.0.12\ref\net10.0\System.Runtime.CompilerServices.Unsafe.dll" /reference:"C:\Program Files\dotnet\packs\Microsoft.NETCore.App.Ref\10.0.12\ref\net10.0\System.Runtime.CompilerServices.VisualC.dll" /reference:"C:\Program Files\dotnet\packs\Microsoft.NETCore.App.Ref\10.0.12\ref\net10.0\System.Runtime.dll" /reference:"C:\Program Files\dotnet\packs\Microsoft.NETCore.App.Ref\10.0.12\ref\net10.0\System.Runtime.Extensions.dll" /reference:"C:\Program Files\dotnet\packs\Microsoft.NETCore.App.Ref\10.0.12\ref\net10.0\System.Runtime.Handles.dll" /reference:"C:\Program Files\dotnet\packs\Microsoft.NETCore.App.Ref\10.0.12\ref\net10.0\System.Runtime.InteropServices.dll" /reference:"C:\Program Files\dotnet\packs\Microsoft.NETCore.App.Ref\10.0.12\ref\net10.0\System.Runtime.InteropServices.JavaScript.dll" /reference:"C:\Program Files\dotnet\packs\Microsoft.NETCore.App.Ref\10.0.12\ref\net10.0\System.Runtime.InteropServices.RuntimeInformation.dll" /reference:"C:\Program Files\dotnet\packs\Microsoft.NETCore.App.Ref\10.0.12\ref\net10.0\System.Runtime.Intrinsics.dll" /reference:"C:\Program Files\dotnet\packs\Microsoft.NETCore.App.Ref\10.0.12\ref\net10.0\System.Runtime.Loader.dll" /reference:"C:\Program Files\dotnet\packs\Microsoft.NETCore.App.Ref\10.0.12\ref\net10.0\System.Runtime.Numerics.dll" /reference:"C:\Program Files\dotnet\packs\Microsoft.NETCore.App.Ref\10.0.12\ref\net10.0\System.Runtime.Serialization.dll" /reference:"C:\Program Files\dotnet\packs\Microsoft.NETCore.App.Ref\10.0.12\ref\net10.0\System.Runtime.Serialization.Formatters.dll" /reference:"C:\Program Files\dotnet\packs\Microsoft.NETCore.App.Ref\10.0.12\ref\net10.0\System.Runtime.Serialization.Json.dll" /reference:"C:\Program Files\dotnet\packs\Microsoft.NETCore.App.Ref\10.0.12\ref\net10.0\System.Runtime.Serialization.Primitives.dll" /reference:"C:\Program Files\dotnet\packs\Microsoft.NETCore.App.Ref\10.0.12\ref\net10.0\System.Runtime.Serialization.Xml.dll" /reference:"C:\Program Files\dotnet\packs\Microsoft.NETCore.App.Ref\10.0.12\ref\net10.0\System.Security.AccessControl.dll" /reference:"C:\Program Files\dotnet\packs\Microsoft.NETCore.App.Ref\10.0.12\ref\net10.0\System.Security.Claims.dll" /reference:"C:\Program Files\dotnet\packs\Microsoft.NETCore.App.Ref\10.0.12\ref\net10.0\System.Security.Cryptography.Algorithms.dll" /reference:"C:\Program Files\dotnet\packs\Microsoft.NETCore.App.Ref\10.0.12\ref\net10.0\System.Security.Cryptography.Cng.dll" /reference:"C:\Program Files\dotnet\packs\Microsoft.NETCore.App.Ref\10.0.12\ref\net10.0\System.Security.Cryptography.Csp.dll" /reference:"C:\Program Files\dotnet\packs\Microsoft.NETCore.App.Ref\10.0.12\ref\net10.0\System.Security.Cryptography.dll" /reference:"C:\Program Files\dotnet\packs\Microsoft.NETCore.App.Ref\10.0.12\ref\net10.0\System.Security.Cryptography.Encoding.dll" /reference:"C:\Program Files\dotnet\packs\Microsoft.NETCore.App.Ref\10.0.12\ref\net10.0\System.Security.Cryptography.OpenSsl.dll" /reference:"C:\Program Files\dotnet\packs\Microsoft.WindowsDesktop.App.Ref\10.0.12\ref\net10.0\System.Security.Cryptography.Pkcs.dll" /reference:"C:\Program Files\dotnet\packs\Microsoft.NETCore.App.Ref\10.0.12\ref\net10.0\System.Security.Cryptography.Primitives.dll" /reference:"C:\Program Files\dotnet\packs\Microsoft.WindowsDesktop.App.Ref\10.0.12\ref\net10.0\System.Security.Cryptography.ProtectedData.dll" /reference:"C:\Program Files\dotnet\packs\Microsoft.NETCore.App.Ref\10.0.12\ref\net10.0\System.Security.Cryptography.X509Certificates.dll" /reference:"C:\Program Files\dotnet\packs\Microsoft.WindowsDesktop.App.Ref\10.0.12\ref\net10.0\System.Security.Cryptography.Xml.dll" /reference:"C:\Program Files\dotnet\packs\Microsoft.NETCore.App.Ref\10.0.12\ref\net10.0\System.Security.dll" /reference:"C:\Program Files\dotnet\packs\Microsoft.WindowsDesktop.App.Ref\10.0.12\ref\net10.0\System.Security.Permissions.dll" /reference:"C:\Program Files\dotnet\packs\Microsoft.NETCore.App.Ref\10.0.12\ref\net10.0\System.Security.Principal.dll" /reference:"C:\Program Files\dotnet\packs\Microsoft.NETCore.App.Ref\10.0.12\ref\net10.0\System.Security.Principal.Windows.dll" /reference:"C:\Program Files\dotnet\packs\Microsoft.NETCore.App.Ref\10.0.12\ref\net10.0\System.Security.SecureString.dll" /reference:"C:\Program Files\dotnet\packs\Microsoft.NETCore.App.Ref\10.0.12\ref\net10.0\System.ServiceModel.Web.dll" /reference:"C:\Program Files\dotnet\packs\Microsoft.NETCore.App.Ref\10.0.12\ref\net10.0\System.ServiceProcess.dll" /reference:"C:\Program Files\dotnet\packs\Microsoft.NETCore.App.Ref\10.0.12\ref\net10.0\System.Text.Encoding.CodePages.dll" /reference:"C:\Program Files\dotnet\packs\Microsoft.NETCore.App.Ref\10.0.12\ref\net10.0\System.Text.Encoding.dll" /reference:"C:\Program Files\dotnet\packs\Microsoft.NETCore.App.Ref\10.0.12\ref\net10.0\System.Text.Encoding.Extensions.dll" /reference:"C:\Program Files\dotnet\packs\Microsoft.NETCore.App.Ref\10.0.12\ref\net10.0\System.Text.Encodings.Web.dll" /reference:"C:\Program Files\dotnet\packs\Microsoft.NETCore.App.Ref\10.0.12\ref\net10.0\System.Text.Json.dll" /reference:"C:\Program Files\dotnet\packs\Microsoft.NETCore.App.Ref\10.0.12\ref\net10.0\System.Text.RegularExpressions.dll" /reference:"C:\Program Files\dotnet\packs\Microsoft.NETCore.App.Ref\10.0.12\ref\net10.0\System.Threading.AccessControl.dll" /reference:"C:\Program Files\dotnet\packs\Microsoft.NETCore.App.Ref\10.0.12\ref\net10.0\System.Threading.Channels.dll" /reference:"C:\Program Files\dotnet\packs\Microsoft.NETCore.App.Ref\10.0.12\ref\net10.0\System.Threading.dll" /reference:"C:\Program Files\dotnet\packs\Microsoft.NETCore.App.Ref\10.0.12\ref\net10.0\System.Threading.Overlapped.dll" /reference:"C:\Program Files\dotnet\packs\Microsoft.NETCore.App.Ref\10.0.12\ref\net10.0\System.Threading.Tasks.Dataflow.dll" /reference:"C:\Program Files\dotnet\packs\Microsoft.NETCore.App.Ref\10.0.12\ref\net10.0\System.Threading.Tasks.dll" /reference:"C:\Program Files\dotnet\packs\Microsoft.NETCore.App.Ref\10.0.12\ref\net10.0\System.Threading.Tasks.Extensions.dll" /reference:"C:\Program Files\dotnet\packs\Microsoft.NETCore.App.Ref\10.0.12\ref\net10.0\System.Threading.Tasks.Parallel.dll" /reference:"C:\Program Files\dotnet\packs\Microsoft.NETCore.App.Ref\10.0.12\ref\net10.0\System.Threading.Thread.dll" /reference:"C:\Program Files\dotnet\packs\Microsoft.NETCore.App.Ref\10.0.12\ref\net10.0\System.Threading.ThreadPool.dll" /reference:"C:\Program Files\dotnet\packs\Microsoft.NETCore.App.Ref\10.0.12\ref\net10.0\System.Threading.Timer.dll" /reference:"C:\Program Files\dotnet\packs\Microsoft.NETCore.App.Ref\10.0.12\ref\net10.0\System.Transactions.dll" /reference:"C:\Program Files\dotnet\packs\Microsoft.NETCore.App.Ref\10.0.12\ref\net10.0\System.Transactions.Local.dll" /reference:"C:\Program Files\dotnet\packs\Microsoft.NETCore.App.Ref\10.0.12\ref\net10.0\System.ValueTuple.dll" /reference:"C:\Program Files\dotnet\packs\Microsoft.NETCore.App.Ref\10.0.12\ref\net10.0\System.Web.dll" /reference:"C:\Program Files\dotnet\packs\Microsoft.NETCore.App.Ref\10.0.12\ref\net10.0\System.Web.HttpUtility.dll" /reference:"C:\Program Files\dotnet\packs\Microsoft.WindowsDesktop.App.Ref\10.0.12\ref\net10.0\System.Windows.Controls.Ribbon.dll" /reference:"C:\Program Files\dotnet\packs\Microsoft.NETCore.App.Ref\10.0.12\ref\net10.0\System.Windows.dll" /reference:"C:\Program Files\dotnet\packs\Microsoft.WindowsDesktop.App.Ref\10.0.12\ref\net10.0\System.Windows.Extensions.dll" /reference:"C:\Program Files\dotnet\packs\Microsoft.WindowsDesktop.App.Ref\10.0.12\ref\net10.0\System.Windows.Input.Manipulations.dll" /reference:"C:\Program Files\dotnet\packs\Microsoft.WindowsDesktop.App.Ref\10.0.12\ref\net10.0\System.Windows.Presentation.dll" /reference:"C:\Program Files\dotnet\packs\Microsoft.WindowsDesktop.App.Ref\10.0.12\ref\net10.0\System.Windows.Primitives.dll" /reference:"C:\Program Files\dotnet\packs\Microsoft.WindowsDesktop.App.Ref\10.0.12\ref\net10.0\System.Xaml.dll" /reference:"C:\Program Files\dotnet\packs\Microsoft.NETCore.App.Ref\10.0.12\ref\net10.0\System.Xml.dll" /reference:"C:\Program Files\dotnet\packs\Microsoft.NETCore.App.Ref\10.0.12\ref\net10.0\System.Xml.Linq.dll" /reference:"C:\Program Files\dotnet\packs\Microsoft.NETCore.App.Ref\10.0.12\ref\net10.0\System.Xml.ReaderWriter.dll" /reference:"C:\Program Files\dotnet\packs\Microsoft.NETCore.App.Ref\10.0.12\ref\net10.0\System.Xml.Serialization.dll" /reference:"C:\Program Files\dotnet\packs\Microsoft.NETCore.App.Ref\10.0.12\ref\net10.0\System.Xml.XDocument.dll" /reference:"C:\Program Files\dotnet\packs\Microsoft.NETCore.App.Ref\10.0.12\ref\net10.0\System.Xml.XmlDocument.dll" /reference:"C:\Program Files\dotnet\packs\Microsoft.NETCore.App.Ref\10.0.12\ref\net10.0\System.Xml.XmlSerializer.dll" /reference:"C:\Program Files\dotnet\packs\Microsoft.NETCore.App.Ref\10.0.12\ref\net10.0\System.Xml.XPath.dll" /reference:"C:\Program Files\dotnet\packs\Microsoft.NETCore.App.Ref\10.0.12\ref\net10.0\System.Xml.XPath.XDocument.dll" /reference:C:\Users\abiem\.nuget\packages\microsoft.testplatform.testhost\18.10.0\lib\net8.0\testhost.dll /reference:"C:\Program Files\dotnet\packs\Microsoft.WindowsDesktop.App.Ref\10.0.12\ref\net10.0\UIAutomationClient.dll" /reference:"C:\Program Files\dotnet\packs\Microsoft.WindowsDesktop.App.Ref\10.0.12\ref\net10.0\UIAutomationClientSideProviders.dll" /reference:"C:\Program Files\dotnet\packs\Microsoft.WindowsDesktop.App.Ref\10.0.12\ref\net10.0\UIAutomationProvider.dll" /reference:"C:\Program Files\dotnet\packs\Microsoft.WindowsDesktop.App.Ref\10.0.12\ref\net10.0\UIAutomationTypes.dll" /reference:"C:\Program Files\dotnet\packs\Microsoft.WindowsDesktop.App.Ref\10.0.12\ref\net10.0\WindowsBase.dll" /reference:C:\Users\abiem\.nuget\packages\microsoft.windows.sdk.net.ref\10.0.26100.57\lib\net8.0\WinRT.Runtime.dll /reference:C:\Users\abiem\.nuget\packages\xunit.v3.assert\3.2.2\lib\net8.0\xunit.v3.assert.dll /reference:C:\Users\abiem\.nuget\packages\xunit.v3.common\3.2.2\lib\netstandard2.0\xunit.v3.common.dll /reference:C:\Users\abiem\.nuget\packages\xunit.v3.extensibility.core\3.2.2\lib\netstandard2.0\xunit.v3.core.dll /reference:C:\Users\abiem\.nuget\packages\xunit.v3.core.mtp-v1\3.2.2\lib\net8.0\xunit.v3.mtp-v1.dll /reference:C:\Users\abiem\.nuget\packages\xunit.v3.runner.common\3.2.2\lib\netstandard2.0\xunit.v3.runner.common.dll /reference:C:\Users\abiem\.nuget\packages\xunit.v3.runner.inproc.console\3.2.2\lib\net8.0\xunit.v3.runner.inproc.console.dll /features:"InterceptorsNamespaces=;Microsoft.Extensions.Validation.Generated" /debug- /debug:portable /filealign:512 /optimize+ /out:obj\Release\net10.0-windows10.0.26100.0\GoldenTicket.Domain.Tests.dll /refout:obj\Release\net10.0-windows10.0.26100.0\refint\GoldenTicket.Domain.Tests.dll /target:exe /warnaserror- /utf8output /deterministic+ /langversion:latest /analyzerconfig:obj\Release\net10.0-windows10.0.26100.0\GoldenTicket.Domain.Tests.GeneratedMSBuildEditorConfig.editorconfig /analyzerconfig:"C:\Program Files\dotnet\sdk\10.0.401\Sdks\Microsoft.NET.Sdk\analyzers\build\config\analysislevel_10_default.globalconfig" /analyzer:"C:\Program Files\dotnet\sdk\10.0.401\Sdks\Microsoft.NET.Sdk\targets\..\analyzers\Microsoft.CodeAnalysis.CSharp.NetAnalyzers.dll" /analyzer:"C:\Program Files\dotnet\sdk\10.0.401\Sdks\Microsoft.NET.Sdk\targets\..\analyzers\Microsoft.CodeAnalysis.NetAnalyzers.dll" /analyzer:C:\Users\abiem\.nuget\packages\communitytoolkit.mvvm\8.4.2\analyzers\dotnet\roslyn5.0\cs\CommunityToolkit.Mvvm.CodeFixers.dll /analyzer:C:\Users\abiem\.nuget\packages\communitytoolkit.mvvm\8.4.2\analyzers\dotnet\roslyn5.0\cs\CommunityToolkit.Mvvm.SourceGenerators.dll /analyzer:C:\Users\abiem\.nuget\packages\xunit.analyzers\1.27.0\analyzers\dotnet\cs\xunit.analyzers.dll /analyzer:C:\Users\abiem\.nuget\packages\xunit.analyzers\1.27.0\analyzers\dotnet\cs\xunit.analyzers.fixes.dll /analyzer:"C:\Program Files\dotnet\packs\Microsoft.NETCore.App.Ref\10.0.12\analyzers/dotnet/cs/Microsoft.Interop.ComInterfaceGenerator.dll" /analyzer:"C:\Program Files\dotnet\packs\Microsoft.NETCore.App.Ref\10.0.12\analyzers/dotnet/cs/Microsoft.Interop.JavaScript.JSImportGenerator.dll" /analyzer:"C:\Program Files\dotnet\packs\Microsoft.NETCore.App.Ref\10.0.12\analyzers/dotnet/cs/Microsoft.Interop.LibraryImportGenerator.dll" /analyzer:"C:\Program Files\dotnet\packs\Microsoft.NETCore.App.Ref\10.0.12\analyzers/dotnet/cs/Microsoft.Interop.SourceGeneration.dll" /analyzer:"C:\Program Files\dotnet\packs\Microsoft.NETCore.App.Ref\10.0.12\analyzers/dotnet/cs/System.Text.Json.SourceGeneration.dll" /analyzer:"C:\Program Files\dotnet\packs\Microsoft.NETCore.App.Ref\10.0.12\analyzers/dotnet/cs/System.Text.RegularExpressions.Generator.dll" /analyzer:C:\Users\abiem\.nuget\packages\microsoft.windows.sdk.net.ref\10.0.26100.57\analyzers/dotnet/cs/WinRT.SourceGenerator.dll ApplicationAuditTests.cs ClaimTests.cs DesktopAuditTests.cs DesktopFlowTests.cs DomainAuditTests.cs GlobalUsings.cs ManifestTests.cs PersistenceAuditTests.cs PersistenceTests.cs PrivacyTests.cs PropertyTests.cs RulesHarness.cs ScoringTests.cs SetupAndDrawTests.cs ThemeTokenTests.cs obj\Release\net10.0-windows10.0.26100.0\GoldenTicket.Domain.Tests.GlobalUsings.g.cs "obj\Release\net10.0-windows10.0.26100.0\.NETCoreApp,Version=v10.0.AssemblyAttributes.cs" D:\Projects\GoldenTicket\tests\GoldenTicket.Domain.Tests\obj\Release\net10.0-windows10.0.26100.0\SelfRegisteredExtensions.cs C:\Users\abiem\.nuget\packages\xunit.v3.core.mtp-v1\3.2.2\buildTransitive\..\_content\DefaultRunnerReporters.cs D:\Projects\GoldenTicket\tests\GoldenTicket.Domain.Tests\obj\Release\net10.0-windows10.0.26100.0\XunitAutoGeneratedEntryPoint.cs obj\Release\net10.0-windows10.0.26100.0\GoldenTicket.Domain.Tests.AssemblyInfo.cs /warnaserror+:NU1605,SYSLIB0011
         Compilation request GoldenTicket.Domain.Tests (net10.0-windows10.0.26100.0), PathToTool=C:\Program Files\dotnet\sdk\10.0.401\Roslyn\bincore\csc.exe
         CommandLine = ' /noconfig'
         BuildResponseFile = '/unsafe- /checked- /nowarn:CA1416,1701,1702,8002 /fullpaths /nostdlib+ /errorreport:prompt /warn:10 /define:TRACE;RELEASE;NET;NET10_0;NETCOREAPP;WINDOWS;WINDOWS10_0_26100_0;NET5_0_OR_GREATER;NET6_0_OR_GREATER;NET7_0_OR_GREATER;NET8_0_OR_GREATER;NET9_0_OR_GREATER;NET10_0_OR_GREATER;NETCOREAPP1_0_OR_GREATER;NETCOREAPP1_1_OR_GREATER;NETCOREAPP2_0_OR_GREATER;NETCOREAPP2_1_OR_GREATER;NETCOREAPP2_2_OR_GREATER;NETCOREAPP3_0_OR_GREATER;NETCOREAPP3_1_OR_GREATER;WINDOWS10_0_26100_0_OR_GREATER;WINDOWS10_0_22621_0_OR_GREATER;WINDOWS10_0_22000_0_OR_GREATER;WINDOWS10_0_20348_0_OR_GREATER;WINDOWS10_0_19041_0_OR_GREATER;WINDOWS10_0_18362_0_OR_GREATER;WINDOWS10_0_17763_0_OR_GREATER;WINDOWS8_0_OR_GREATER;WINDOWS7_0_OR_GREATER /highentropyva+ /nullable:enable /reference:"C:\Program Files\dotnet\packs\Microsoft.WindowsDesktop.App.Ref\10.0.12\ref\net10.0\Accessibility.dll" /reference:C:\Users\abiem\.nuget\packages\communitytoolkit.mvvm\8.4.2\lib\net8.0-windows10.0.17763\CommunityToolkit.Mvvm.dll /reference:D:\Projects\GoldenTicket\src\GoldenTicket.AI\obj\Release\net10.0\ref\GoldenTicket.AI.dll /reference:D:\Projects\GoldenTicket\src\GoldenTicket.Application\obj\Release\net10.0\ref\GoldenTicket.Application.dll /reference:D:\Projects\GoldenTicket\src\GoldenTicket.Desktop\obj\Release\net10.0-windows10.0.26100.0\win-x64\ref\GoldenTicket.dll /reference:D:\Projects\GoldenTicket\src\GoldenTicket.Domain\obj\Release\net10.0\ref\GoldenTicket.Domain.dll /reference:D:\Projects\GoldenTicket\src\GoldenTicket.Persistence\obj\Release\net10.0\ref\GoldenTicket.Persistence.dll /reference:D:\Projects\GoldenTicket\tools\GoldenTicket.Simulator\obj\Release\net10.0\ref\GoldenTicket.Simulator.dll /reference:C:\Users\abiem\.nuget\packages\microsoft.applicationinsights\2.23.0\lib\netstandard2.0\Microsoft.ApplicationInsights.dll /reference:C:\Users\abiem\.nuget\packages\microsoft.bcl.asyncinterfaces\6.0.0\lib\netstandard2.1\Microsoft.Bcl.AsyncInterfaces.dll /reference:"C:\Program Files\dotnet\packs\Microsoft.NETCore.App.Ref\10.0.12\ref\net10.0\Microsoft.CSharp.dll" /reference:C:\Users\abiem\.nuget\packages\microsoft.data.sqlite.core\10.0.12\lib\net8.0\Microsoft.Data.Sqlite.dll /reference:C:\Users\abiem\.nuget\packages\microsoft.testing.platform.msbuild\1.9.1\lib\net9.0\Microsoft.Testing.Extensions.MSBuild.dll /reference:C:\Users\abiem\.nuget\packages\microsoft.testing.extensions.telemetry\1.9.1\lib\net9.0\Microsoft.Testing.Extensions.Telemetry.dll /reference:C:\Users\abiem\.nuget\packages\microsoft.testing.extensions.trxreport.abstractions\1.9.1\lib\net9.0\Microsoft.Testing.Extensions.TrxReport.Abstractions.dll /reference:C:\Users\abiem\.nuget\packages\microsoft.testing.platform\1.9.1\lib\net9.0\Microsoft.Testing.Platform.dll /reference:C:\Users\abiem\.nuget\packages\microsoft.testplatform.testhost\18.10.0\lib\net8.0\Microsoft.TestPlatform.CommunicationUtilities.dll /reference:C:\Users\abiem\.nuget\packages\microsoft.testplatform.testhost\18.10.0\lib\net8.0\Microsoft.TestPlatform.CoreUtilities.dll /reference:C:\Users\abiem\.nuget\packages\microsoft.testplatform.testhost\18.10.0\lib\net8.0\Microsoft.TestPlatform.CrossPlatEngine.dll /reference:C:\Users\abiem\.nuget\packages\microsoft.testplatform.testhost\18.10.0\lib\net8.0\Microsoft.TestPlatform.PlatformAbstractions.dll /reference:C:\Users\abiem\.nuget\packages\microsoft.testplatform.testhost\18.10.0\lib\net8.0\Microsoft.TestPlatform.Utilities.dll /reference:"C:\Program Files\dotnet\packs\Microsoft.NETCore.App.Ref\10.0.12\ref\net10.0\Microsoft.VisualBasic.Core.dll" /reference:"C:\Program Files\dotnet\packs\Microsoft.NETCore.App.Ref\10.0.12\ref\net10.0\Microsoft.VisualBasic.dll" /reference:C:\Users\abiem\.nuget\packages\microsoft.codecoverage\18.10.0\lib\net8.0\Microsoft.VisualStudio.CodeCoverage.Shim.dll /reference:C:\Users\abiem\.nuget\packages\microsoft.testplatform.testhost\18.10.0\lib\net8.0\Microsoft.VisualStudio.TestPlatform.Common.dll /reference:C:\Users\abiem\.nuget\packages\microsoft.testplatform.testhost\18.10.0\lib\net8.0\Microsoft.VisualStudio.TestPlatform.ObjectModel.dll /reference:"C:\Program Files\dotnet\packs\Microsoft.NETCore.App.Ref\10.0.12\ref\net10.0\Microsoft.Win32.Primitives.dll" /reference:"C:\Program Files\dotnet\packs\Microsoft.WindowsDesktop.App.Ref\10.0.12\ref\net10.0\Microsoft.Win32.Registry.AccessControl.dll" /reference:"C:\Program Files\dotnet\packs\Microsoft.NETCore.App.Ref\10.0.12\ref\net10.0\Microsoft.Win32.Registry.dll" /reference:"C:\Program Files\dotnet\packs\Microsoft.WindowsDesktop.App.Ref\10.0.12\ref\net10.0\Microsoft.Win32.SystemEvents.dll" /reference:C:\Users\abiem\.nuget\packages\microsoft.windows.sdk.net.ref\10.0.26100.57\lib\net8.0\Microsoft.Windows.SDK.NET.dll /reference:"C:\Program Files\dotnet\packs\Microsoft.NETCore.App.Ref\10.0.12\ref\net10.0\mscorlib.dll" /reference:"C:\Program Files\dotnet\packs\Microsoft.NETCore.App.Ref\10.0.12\ref\net10.0\netstandard.dll" /reference:"C:\Program Files\dotnet\packs\Microsoft.WindowsDesktop.App.Ref\10.0.12\ref\net10.0\PresentationCore.dll" /reference:"C:\Program Files\dotnet\packs\Microsoft.WindowsDesktop.App.Ref\10.0.12\ref\net10.0\PresentationFramework.Aero.dll" /reference:"C:\Program Files\dotnet\packs\Microsoft.WindowsDesktop.App.Ref\10.0.12\ref\net10.0\PresentationFramework.Aero2.dll" /reference:"C:\Program Files\dotnet\packs\Microsoft.WindowsDesktop.App.Ref\10.0.12\ref\net10.0\PresentationFramework.AeroLite.dll" /reference:"C:\Program Files\dotnet\packs\Microsoft.WindowsDesktop.App.Ref\10.0.12\ref\net10.0\PresentationFramework.Classic.dll" /reference:"C:\Program Files\dotnet\packs\Microsoft.WindowsDesktop.App.Ref\10.0.12\ref\net10.0\PresentationFramework.dll" /reference:"C:\Program Files\dotnet\packs\Microsoft.WindowsDesktop.App.Ref\10.0.12\ref\net10.0\PresentationFramework.Luna.dll" /reference:"C:\Program Files\dotnet\packs\Microsoft.WindowsDesktop.App.Ref\10.0.12\ref\net10.0\PresentationFramework.Royale.dll" /reference:"C:\Program Files\dotnet\packs\Microsoft.WindowsDesktop.App.Ref\10.0.12\ref\net10.0\PresentationUI.dll" /reference:"C:\Program Files\dotnet\packs\Microsoft.WindowsDesktop.App.Ref\10.0.12\ref\net10.0\ReachFramework.dll" /reference:C:\Users\abiem\.nuget\packages\sqlitepclraw.bundle_e_sqlite3\2.1.12\lib\netstandard2.0\SQLitePCLRaw.batteries_v2.dll /reference:C:\Users\abiem\.nuget\packages\sqlitepclraw.core\2.1.12\lib\netstandard2.0\SQLitePCLRaw.core.dll /reference:C:\Users\abiem\.nuget\packages\sqlitepclraw.provider.e_sqlite3\2.1.12\lib\net6.0-windows7.0\SQLitePCLRaw.provider.e_sqlite3.dll /reference:"C:\Program Files\dotnet\packs\Microsoft.NETCore.App.Ref\10.0.12\ref\net10.0\System.AppContext.dll" /reference:"C:\Program Files\dotnet\packs\Microsoft.NETCore.App.Ref\10.0.12\ref\net10.0\System.Buffers.dll" /reference:"C:\Program Files\dotnet\packs\Microsoft.WindowsDesktop.App.Ref\10.0.12\ref\net10.0\System.CodeDom.dll" /reference:"C:\Program Files\dotnet\packs\Microsoft.NETCore.App.Ref\10.0.12\ref\net10.0\System.Collections.Concurrent.dll" /reference:"C:\Program Files\dotnet\packs\Microsoft.NETCore.App.Ref\10.0.12\ref\net10.0\System.Collections.dll" /reference:"C:\Program Files\dotnet\packs\Microsoft.NETCore.App.Ref\10.0.12\ref\net10.0\System.Collections.Immutable.dll" /reference:"C:\Program Files\dotnet\packs\Microsoft.NETCore.App.Ref\10.0.12\ref\net10.0\System.Collections.NonGeneric.dll" /reference:"C:\Program Files\dotnet\packs\Microsoft.NETCore.App.Ref\10.0.12\ref\net10.0\System.Collections.Specialized.dll" /reference:"C:\Program Files\dotnet\packs\Microsoft.NETCore.App.Ref\10.0.12\ref\net10.0\System.ComponentModel.Annotations.dll" /reference:"C:\Program Files\dotnet\packs\Microsoft.NETCore.App.Ref\10.0.12\ref\net10.0\System.ComponentModel.DataAnnotations.dll" /reference:"C:\Program Files\dotnet\packs\Microsoft.NETCore.App.Ref\10.0.12\ref\net10.0\System.ComponentModel.dll" /reference:"C:\Program Files\dotnet\packs\Microsoft.NETCore.App.Ref\10.0.12\ref\net10.0\System.ComponentModel.EventBasedAsync.dll" /reference:"C:\Program Files\dotnet\packs\Microsoft.NETCore.App.Ref\10.0.12\ref\net10.0\System.ComponentModel.Primitives.dll" /reference:"C:\Program Files\dotnet\packs\Microsoft.NETCore.App.Ref\10.0.12\ref\net10.0\System.ComponentModel.TypeConverter.dll" /reference:"C:\Program Files\dotnet\packs\Microsoft.WindowsDesktop.App.Ref\10.0.12\ref\net10.0\System.Configuration.ConfigurationManager.dll" /reference:"C:\Program Files\dotnet\packs\Microsoft.NETCore.App.Ref\10.0.12\ref\net10.0\System.Configuration.dll" /reference:"C:\Program Files\dotnet\packs\Microsoft.NETCore.App.Ref\10.0.12\ref\net10.0\System.Console.dll" /reference:"C:\Program Files\dotnet\packs\Microsoft.NETCore.App.Ref\10.0.12\ref\net10.0\System.Core.dll" /reference:"C:\Program Files\dotnet\packs\Microsoft.NETCore.App.Ref\10.0.12\ref\net10.0\System.Data.Common.dll" /reference:"C:\Program Files\dotnet\packs\Microsoft.NETCore.App.Ref\10.0.12\ref\net10.0\System.Data.DataSetExtensions.dll" /reference:"C:\Program Files\dotnet\packs\Microsoft.NETCore.App.Ref\10.0.12\ref\net10.0\System.Data.dll" /reference:"C:\Program Files\dotnet\packs\Microsoft.NETCore.App.Ref\10.0.12\ref\net10.0\System.Diagnostics.Contracts.dll" /reference:"C:\Program Files\dotnet\packs\Microsoft.NETCore.App.Ref\10.0.12\ref\net10.0\System.Diagnostics.Debug.dll" /reference:"C:\Program Files\dotnet\packs\Microsoft.NETCore.App.Ref\10.0.12\ref\net10.0\System.Diagnostics.DiagnosticSource.dll" /reference:"C:\Program Files\dotnet\packs\Microsoft.WindowsDesktop.App.Ref\10.0.12\ref\net10.0\System.Diagnostics.EventLog.dll" /reference:"C:\Program Files\dotnet\packs\Microsoft.NETCore.App.Ref\10.0.12\ref\net10.0\System.Diagnostics.FileVersionInfo.dll" /reference:"C:\Program Files\dotnet\packs\Microsoft.WindowsDesktop.App.Ref\10.0.12\ref\net10.0\System.Diagnostics.PerformanceCounter.dll" /reference:"C:\Program Files\dotnet\packs\Microsoft.NETCore.App.Ref\10.0.12\ref\net10.0\System.Diagnostics.Process.dll" /reference:"C:\Program Files\dotnet\packs\Microsoft.NETCore.App.Ref\10.0.12\ref\net10.0\System.Diagnostics.StackTrace.dll" /reference:"C:\Program Files\dotnet\packs\Microsoft.NETCore.App.Ref\10.0.12\ref\net10.0\System.Diagnostics.TextWriterTraceListener.dll" /reference:"C:\Program Files\dotnet\packs\Microsoft.NETCore.App.Ref\10.0.12\ref\net10.0\System.Diagnostics.Tools.dll" /reference:"C:\Program Files\dotnet\packs\Microsoft.NETCore.App.Ref\10.0.12\ref\net10.0\System.Diagnostics.TraceSource.dll" /reference:"C:\Program Files\dotnet\packs\Microsoft.NETCore.App.Ref\10.0.12\ref\net10.0\System.Diagnostics.Tracing.dll" /reference:"C:\Program Files\dotnet\packs\Microsoft.WindowsDesktop.App.Ref\10.0.12\ref\net10.0\System.DirectoryServices.dll" /reference:"C:\Program Files\dotnet\packs\Microsoft.NETCore.App.Ref\10.0.12\ref\net10.0\System.dll" /reference:"C:\Program Files\dotnet\packs\Microsoft.WindowsDesktop.App.Ref\10.0.12\ref\net10.0\System.Drawing.Common.dll" /reference:"C:\Program Files\dotnet\packs\Microsoft.NETCore.App.Ref\10.0.12\ref\net10.0\System.Drawing.dll" /reference:"C:\Program Files\dotnet\packs\Microsoft.NETCore.App.Ref\10.0.12\ref\net10.0\System.Drawing.Primitives.dll" /reference:"C:\Program Files\dotnet\packs\Microsoft.NETCore.App.Ref\10.0.12\ref\net10.0\System.Dynamic.Runtime.dll" /reference:"C:\Program Files\dotnet\packs\Microsoft.NETCore.App.Ref\10.0.12\ref\net10.0\System.Formats.Asn1.dll" /reference:"C:\Program Files\dotnet\packs\Microsoft.WindowsDesktop.App.Ref\10.0.12\ref\net10.0\System.Formats.Nrbf.dll" /reference:"C:\Program Files\dotnet\packs\Microsoft.NETCore.App.Ref\10.0.12\ref\net10.0\System.Formats.Tar.dll" /reference:"C:\Program Files\dotnet\packs\Microsoft.NETCore.App.Ref\10.0.12\ref\net10.0\System.Globalization.Calendars.dll" /reference:"C:\Program Files\dotnet\packs\Microsoft.NETCore.App.Ref\10.0.12\ref\net10.0\System.Globalization.dll" /reference:"C:\Program Files\dotnet\packs\Microsoft.NETCore.App.Ref\10.0.12\ref\net10.0\System.Globalization.Extensions.dll" /reference:"C:\Program Files\dotnet\packs\Microsoft.NETCore.App.Ref\10.0.12\ref\net10.0\System.IO.Compression.Brotli.dll" /reference:"C:\Program Files\dotnet\packs\Microsoft.NETCore.App.Ref\10.0.12\ref\net10.0\System.IO.Compression.dll" /reference:"C:\Program Files\dotnet\packs\Microsoft.NETCore.App.Ref\10.0.12\ref\net10.0\System.IO.Compression.FileSystem.dll" /reference:"C:\Program Files\dotnet\packs\Microsoft.NETCore.App.Ref\10.0.12\ref\net10.0\System.IO.Compression.ZipFile.dll" /reference:"C:\Program Files\dotnet\packs\Microsoft.NETCore.App.Ref\10.0.12\ref\net10.0\System.IO.dll" /reference:"C:\Program Files\dotnet\packs\Microsoft.NETCore.App.Ref\10.0.12\ref\net10.0\System.IO.FileSystem.AccessControl.dll" /reference:"C:\Program Files\dotnet\packs\Microsoft.NETCore.App.Ref\10.0.12\ref\net10.0\System.IO.FileSystem.dll" /reference:"C:\Program Files\dotnet\packs\Microsoft.NETCore.App.Ref\10.0.12\ref\net10.0\System.IO.FileSystem.DriveInfo.dll" /reference:"C:\Program Files\dotnet\packs\Microsoft.NETCore.App.Ref\10.0.12\ref\net10.0\System.IO.FileSystem.Primitives.dll" /reference:"C:\Program Files\dotnet\packs\Microsoft.NETCore.App.Ref\10.0.12\ref\net10.0\System.IO.FileSystem.Watcher.dll" /reference:"C:\Program Files\dotnet\packs\Microsoft.NETCore.App.Ref\10.0.12\ref\net10.0\System.IO.IsolatedStorage.dll" /reference:"C:\Program Files\dotnet\packs\Microsoft.NETCore.App.Ref\10.0.12\ref\net10.0\System.IO.MemoryMappedFiles.dll" /reference:"C:\Program Files\dotnet\packs\Microsoft.WindowsDesktop.App.Ref\10.0.12\ref\net10.0\System.IO.Packaging.dll" /reference:"C:\Program Files\dotnet\packs\Microsoft.NETCore.App.Ref\10.0.12\ref\net10.0\System.IO.Pipelines.dll" /reference:"C:\Program Files\dotnet\packs\Microsoft.NETCore.App.Ref\10.0.12\ref\net10.0\System.IO.Pipes.AccessControl.dll" /reference:"C:\Program Files\dotnet\packs\Microsoft.NETCore.App.Ref\10.0.12\ref\net10.0\System.IO.Pipes.dll" /reference:"C:\Program Files\dotnet\packs\Microsoft.NETCore.App.Ref\10.0.12\ref\net10.0\System.IO.UnmanagedMemoryStream.dll" /reference:"C:\Program Files\dotnet\packs\Microsoft.NETCore.App.Ref\10.0.12\ref\net10.0\System.Linq.AsyncEnumerable.dll" /reference:"C:\Program Files\dotnet\packs\Microsoft.NETCore.App.Ref\10.0.12\ref\net10.0\System.Linq.dll" /reference:"C:\Program Files\dotnet\packs\Microsoft.NETCore.App.Ref\10.0.12\ref\net10.0\System.Linq.Expressions.dll" /reference:"C:\Program Files\dotnet\packs\Microsoft.NETCore.App.Ref\10.0.12\ref\net10.0\System.Linq.Parallel.dll" /reference:"C:\Program Files\dotnet\packs\Microsoft.NETCore.App.Ref\10.0.12\ref\net10.0\System.Linq.Queryable.dll" /reference:"C:\Program Files\dotnet\packs\Microsoft.NETCore.App.Ref\10.0.12\ref\net10.0\System.Memory.dll" /reference:"C:\Program Files\dotnet\packs\Microsoft.NETCore.App.Ref\10.0.12\ref\net10.0\System.Net.dll" /reference:"C:\Program Files\dotnet\packs\Microsoft.NETCore.App.Ref\10.0.12\ref\net10.0\System.Net.Http.dll" /reference:"C:\Program Files\dotnet\packs\Microsoft.NETCore.App.Ref\10.0.12\ref\net10.0\System.Net.Http.Json.dll" /reference:"C:\Program Files\dotnet\packs\Microsoft.NETCore.App.Ref\10.0.12\ref\net10.0\System.Net.HttpListener.dll" /reference:"C:\Program Files\dotnet\packs\Microsoft.NETCore.App.Ref\10.0.12\ref\net10.0\System.Net.Mail.dll" /reference:"C:\Program Files\dotnet\packs\Microsoft.NETCore.App.Ref\10.0.12\ref\net10.0\System.Net.NameResolution.dll" /reference:"C:\Program Files\dotnet\packs\Microsoft.NETCore.App.Ref\10.0.12\ref\net10.0\System.Net.NetworkInformation.dll" /reference:"C:\Program Files\dotnet\packs\Microsoft.NETCore.App.Ref\10.0.12\ref\net10.0\System.Net.Ping.dll" /reference:"C:\Program Files\dotnet\packs\Microsoft.NETCore.App.Ref\10.0.12\ref\net10.0\System.Net.Primitives.dll" /reference:"C:\Program Files\dotnet\packs\Microsoft.NETCore.App.Ref\10.0.12\ref\net10.0\System.Net.Quic.dll" /reference:"C:\Program Files\dotnet\packs\Microsoft.NETCore.App.Ref\10.0.12\ref\net10.0\System.Net.Requests.dll" /reference:"C:\Program Files\dotnet\packs\Microsoft.NETCore.App.Ref\10.0.12\ref\net10.0\System.Net.Security.dll" /reference:"C:\Program Files\dotnet\packs\Microsoft.NETCore.App.Ref\10.0.12\ref\net10.0\System.Net.ServerSentEvents.dll" /reference:"C:\Program Files\dotnet\packs\Microsoft.NETCore.App.Ref\10.0.12\ref\net10.0\System.Net.ServicePoint.dll" /reference:"C:\Program Files\dotnet\packs\Microsoft.NETCore.App.Ref\10.0.12\ref\net10.0\System.Net.Sockets.dll" /reference:"C:\Program Files\dotnet\packs\Microsoft.NETCore.App.Ref\10.0.12\ref\net10.0\System.Net.WebClient.dll" /reference:"C:\Program Files\dotnet\packs\Microsoft.NETCore.App.Ref\10.0.12\ref\net10.0\System.Net.WebHeaderCollection.dll" /reference:"C:\Program Files\dotnet\packs\Microsoft.NETCore.App.Ref\10.0.12\ref\net10.0\System.Net.WebProxy.dll" /reference:"C:\Program Files\dotnet\packs\Microsoft.NETCore.App.Ref\10.0.12\ref\net10.0\System.Net.WebSockets.Client.dll" /reference:"C:\Program Files\dotnet\packs\Microsoft.NETCore.App.Ref\10.0.12\ref\net10.0\System.Net.WebSockets.dll" /reference:"C:\Program Files\dotnet\packs\Microsoft.NETCore.App.Ref\10.0.12\ref\net10.0\System.Numerics.dll" /reference:"C:\Program Files\dotnet\packs\Microsoft.NETCore.App.Ref\10.0.12\ref\net10.0\System.Numerics.Vectors.dll" /reference:"C:\Program Files\dotnet\packs\Microsoft.NETCore.App.Ref\10.0.12\ref\net10.0\System.ObjectModel.dll" /reference:"C:\Program Files\dotnet\packs\Microsoft.WindowsDesktop.App.Ref\10.0.12\ref\net10.0\System.Printing.dll" /reference:"C:\Program Files\dotnet\packs\Microsoft.WindowsDesktop.App.Ref\10.0.12\ref\net10.0\System.Private.Windows.Core.dll" /reference:"C:\Program Files\dotnet\packs\Microsoft.WindowsDesktop.App.Ref\10.0.12\ref\net10.0\System.Private.Windows.GdiPlus.dll" /reference:"C:\Program Files\dotnet\packs\Microsoft.NETCore.App.Ref\10.0.12\ref\net10.0\System.Reflection.DispatchProxy.dll" /reference:"C:\Program Files\dotnet\packs\Microsoft.NETCore.App.Ref\10.0.12\ref\net10.0\System.Reflection.dll" /reference:"C:\Program Files\dotnet\packs\Microsoft.NETCore.App.Ref\10.0.12\ref\net10.0\System.Reflection.Emit.dll" /reference:"C:\Program Files\dotnet\packs\Microsoft.NETCore.App.Ref\10.0.12\ref\net10.0\System.Reflection.Emit.ILGeneration.dll" /reference:"C:\Program Files\dotnet\packs\Microsoft.NETCore.App.Ref\10.0.12\ref\net10.0\System.Reflection.Emit.Lightweight.dll" /reference:"C:\Program Files\dotnet\packs\Microsoft.NETCore.App.Ref\10.0.12\ref\net10.0\System.Reflection.Extensions.dll" /reference:"C:\Program Files\dotnet\packs\Microsoft.NETCore.App.Ref\10.0.12\ref\net10.0\System.Reflection.Metadata.dll" /reference:"C:\Program Files\dotnet\packs\Microsoft.NETCore.App.Ref\10.0.12\ref\net10.0\System.Reflection.Primitives.dll" /reference:"C:\Program Files\dotnet\packs\Microsoft.NETCore.App.Ref\10.0.12\ref\net10.0\System.Reflection.TypeExtensions.dll" /reference:"C:\Program Files\dotnet\packs\Microsoft.WindowsDesktop.App.Ref\10.0.12\ref\net10.0\System.Resources.Extensions.dll" /reference:"C:\Program Files\dotnet\packs\Microsoft.NETCore.App.Ref\10.0.12\ref\net10.0\System.Resources.Reader.dll" /reference:"C:\Program Files\dotnet\packs\Microsoft.NETCore.App.Ref\10.0.12\ref\net10.0\System.Resources.ResourceManager.dll" /reference:"C:\Program Files\dotnet\packs\Microsoft.NETCore.App.Ref\10.0.12\ref\net10.0\System.Resources.Writer.dll" /reference:"C:\Program Files\dotnet\packs\Microsoft.NETCore.App.Ref\10.0.12\ref\net10.0\System.Runtime.CompilerServices.Unsafe.dll" /reference:"C:\Program Files\dotnet\packs\Microsoft.NETCore.App.Ref\10.0.12\ref\net10.0\System.Runtime.CompilerServices.VisualC.dll" /reference:"C:\Program Files\dotnet\packs\Microsoft.NETCore.App.Ref\10.0.12\ref\net10.0\System.Runtime.dll" /reference:"C:\Program Files\dotnet\packs\Microsoft.NETCore.App.Ref\10.0.12\ref\net10.0\System.Runtime.Extensions.dll" /reference:"C:\Program Files\dotnet\packs\Microsoft.NETCore.App.Ref\10.0.12\ref\net10.0\System.Runtime.Handles.dll" /reference:"C:\Program Files\dotnet\packs\Microsoft.NETCore.App.Ref\10.0.12\ref\net10.0\System.Runtime.InteropServices.dll" /reference:"C:\Program Files\dotnet\packs\Microsoft.NETCore.App.Ref\10.0.12\ref\net10.0\System.Runtime.InteropServices.JavaScript.dll" /reference:"C:\Program Files\dotnet\packs\Microsoft.NETCore.App.Ref\10.0.12\ref\net10.0\System.Runtime.InteropServices.RuntimeInformation.dll" /reference:"C:\Program Files\dotnet\packs\Microsoft.NETCore.App.Ref\10.0.12\ref\net10.0\System.Runtime.Intrinsics.dll" /reference:"C:\Program Files\dotnet\packs\Microsoft.NETCore.App.Ref\10.0.12\ref\net10.0\System.Runtime.Loader.dll" /reference:"C:\Program Files\dotnet\packs\Microsoft.NETCore.App.Ref\10.0.12\ref\net10.0\System.Runtime.Numerics.dll" /reference:"C:\Program Files\dotnet\packs\Microsoft.NETCore.App.Ref\10.0.12\ref\net10.0\System.Runtime.Serialization.dll" /reference:"C:\Program Files\dotnet\packs\Microsoft.NETCore.App.Ref\10.0.12\ref\net10.0\System.Runtime.Serialization.Formatters.dll" /reference:"C:\Program Files\dotnet\packs\Microsoft.NETCore.App.Ref\10.0.12\ref\net10.0\System.Runtime.Serialization.Json.dll" /reference:"C:\Program Files\dotnet\packs\Microsoft.NETCore.App.Ref\10.0.12\ref\net10.0\System.Runtime.Serialization.Primitives.dll" /reference:"C:\Program Files\dotnet\packs\Microsoft.NETCore.App.Ref\10.0.12\ref\net10.0\System.Runtime.Serialization.Xml.dll" /reference:"C:\Program Files\dotnet\packs\Microsoft.NETCore.App.Ref\10.0.12\ref\net10.0\System.Security.AccessControl.dll" /reference:"C:\Program Files\dotnet\packs\Microsoft.NETCore.App.Ref\10.0.12\ref\net10.0\System.Security.Claims.dll" /reference:"C:\Program Files\dotnet\packs\Microsoft.NETCore.App.Ref\10.0.12\ref\net10.0\System.Security.Cryptography.Algorithms.dll" /reference:"C:\Program Files\dotnet\packs\Microsoft.NETCore.App.Ref\10.0.12\ref\net10.0\System.Security.Cryptography.Cng.dll" /reference:"C:\Program Files\dotnet\packs\Microsoft.NETCore.App.Ref\10.0.12\ref\net10.0\System.Security.Cryptography.Csp.dll" /reference:"C:\Program Files\dotnet\packs\Microsoft.NETCore.App.Ref\10.0.12\ref\net10.0\System.Security.Cryptography.dll" /reference:"C:\Program Files\dotnet\packs\Microsoft.NETCore.App.Ref\10.0.12\ref\net10.0\System.Security.Cryptography.Encoding.dll" /reference:"C:\Program Files\dotnet\packs\Microsoft.NETCore.App.Ref\10.0.12\ref\net10.0\System.Security.Cryptography.OpenSsl.dll" /reference:"C:\Program Files\dotnet\packs\Microsoft.WindowsDesktop.App.Ref\10.0.12\ref\net10.0\System.Security.Cryptography.Pkcs.dll" /reference:"C:\Program Files\dotnet\packs\Microsoft.NETCore.App.Ref\10.0.12\ref\net10.0\System.Security.Cryptography.Primitives.dll" /reference:"C:\Program Files\dotnet\packs\Microsoft.WindowsDesktop.App.Ref\10.0.12\ref\net10.0\System.Security.Cryptography.ProtectedData.dll" /reference:"C:\Program Files\dotnet\packs\Microsoft.NETCore.App.Ref\10.0.12\ref\net10.0\System.Security.Cryptography.X509Certificates.dll" /reference:"C:\Program Files\dotnet\packs\Microsoft.WindowsDesktop.App.Ref\10.0.12\ref\net10.0\System.Security.Cryptography.Xml.dll" /reference:"C:\Program Files\dotnet\packs\Microsoft.NETCore.App.Ref\10.0.12\ref\net10.0\System.Security.dll" /reference:"C:\Program Files\dotnet\packs\Microsoft.WindowsDesktop.App.Ref\10.0.12\ref\net10.0\System.Security.Permissions.dll" /reference:"C:\Program Files\dotnet\packs\Microsoft.NETCore.App.Ref\10.0.12\ref\net10.0\System.Security.Principal.dll" /reference:"C:\Program Files\dotnet\packs\Microsoft.NETCore.App.Ref\10.0.12\ref\net10.0\System.Security.Principal.Windows.dll" /reference:"C:\Program Files\dotnet\packs\Microsoft.NETCore.App.Ref\10.0.12\ref\net10.0\System.Security.SecureString.dll" /reference:"C:\Program Files\dotnet\packs\Microsoft.NETCore.App.Ref\10.0.12\ref\net10.0\System.ServiceModel.Web.dll" /reference:"C:\Program Files\dotnet\packs\Microsoft.NETCore.App.Ref\10.0.12\ref\net10.0\System.ServiceProcess.dll" /reference:"C:\Program Files\dotnet\packs\Microsoft.NETCore.App.Ref\10.0.12\ref\net10.0\System.Text.Encoding.CodePages.dll" /reference:"C:\Program Files\dotnet\packs\Microsoft.NETCore.App.Ref\10.0.12\ref\net10.0\System.Text.Encoding.dll" /reference:"C:\Program Files\dotnet\packs\Microsoft.NETCore.App.Ref\10.0.12\ref\net10.0\System.Text.Encoding.Extensions.dll" /reference:"C:\Program Files\dotnet\packs\Microsoft.NETCore.App.Ref\10.0.12\ref\net10.0\System.Text.Encodings.Web.dll" /reference:"C:\Program Files\dotnet\packs\Microsoft.NETCore.App.Ref\10.0.12\ref\net10.0\System.Text.Json.dll" /reference:"C:\Program Files\dotnet\packs\Microsoft.NETCore.App.Ref\10.0.12\ref\net10.0\System.Text.RegularExpressions.dll" /reference:"C:\Program Files\dotnet\packs\Microsoft.NETCore.App.Ref\10.0.12\ref\net10.0\System.Threading.AccessControl.dll" /reference:"C:\Program Files\dotnet\packs\Microsoft.NETCore.App.Ref\10.0.12\ref\net10.0\System.Threading.Channels.dll" /reference:"C:\Program Files\dotnet\packs\Microsoft.NETCore.App.Ref\10.0.12\ref\net10.0\System.Threading.dll" /reference:"C:\Program Files\dotnet\packs\Microsoft.NETCore.App.Ref\10.0.12\ref\net10.0\System.Threading.Overlapped.dll" /reference:"C:\Program Files\dotnet\packs\Microsoft.NETCore.App.Ref\10.0.12\ref\net10.0\System.Threading.Tasks.Dataflow.dll" /reference:"C:\Program Files\dotnet\packs\Microsoft.NETCore.App.Ref\10.0.12\ref\net10.0\System.Threading.Tasks.dll" /reference:"C:\Program Files\dotnet\packs\Microsoft.NETCore.App.Ref\10.0.12\ref\net10.0\System.Threading.Tasks.Extensions.dll" /reference:"C:\Program Files\dotnet\packs\Microsoft.NETCore.App.Ref\10.0.12\ref\net10.0\System.Threading.Tasks.Parallel.dll" /reference:"C:\Program Files\dotnet\packs\Microsoft.NETCore.App.Ref\10.0.12\ref\net10.0\System.Threading.Thread.dll" /reference:"C:\Program Files\dotnet\packs\Microsoft.NETCore.App.Ref\10.0.12\ref\net10.0\System.Threading.ThreadPool.dll" /reference:"C:\Program Files\dotnet\packs\Microsoft.NETCore.App.Ref\10.0.12\ref\net10.0\System.Threading.Timer.dll" /reference:"C:\Program Files\dotnet\packs\Microsoft.NETCore.App.Ref\10.0.12\ref\net10.0\System.Transactions.dll" /reference:"C:\Program Files\dotnet\packs\Microsoft.NETCore.App.Ref\10.0.12\ref\net10.0\System.Transactions.Local.dll" /reference:"C:\Program Files\dotnet\packs\Microsoft.NETCore.App.Ref\10.0.12\ref\net10.0\System.ValueTuple.dll" /reference:"C:\Program Files\dotnet\packs\Microsoft.NETCore.App.Ref\10.0.12\ref\net10.0\System.Web.dll" /reference:"C:\Program Files\dotnet\packs\Microsoft.NETCore.App.Ref\10.0.12\ref\net10.0\System.Web.HttpUtility.dll" /reference:"C:\Program Files\dotnet\packs\Microsoft.WindowsDesktop.App.Ref\10.0.12\ref\net10.0\System.Windows.Controls.Ribbon.dll" /reference:"C:\Program Files\dotnet\packs\Microsoft.NETCore.App.Ref\10.0.12\ref\net10.0\System.Windows.dll" /reference:"C:\Program Files\dotnet\packs\Microsoft.WindowsDesktop.App.Ref\10.0.12\ref\net10.0\System.Windows.Extensions.dll" /reference:"C:\Program Files\dotnet\packs\Microsoft.WindowsDesktop.App.Ref\10.0.12\ref\net10.0\System.Windows.Input.Manipulations.dll" /reference:"C:\Program Files\dotnet\packs\Microsoft.WindowsDesktop.App.Ref\10.0.12\ref\net10.0\System.Windows.Presentation.dll" /reference:"C:\Program Files\dotnet\packs\Microsoft.WindowsDesktop.App.Ref\10.0.12\ref\net10.0\System.Windows.Primitives.dll" /reference:"C:\Program Files\dotnet\packs\Microsoft.WindowsDesktop.App.Ref\10.0.12\ref\net10.0\System.Xaml.dll" /reference:"C:\Program Files\dotnet\packs\Microsoft.NETCore.App.Ref\10.0.12\ref\net10.0\System.Xml.dll" /reference:"C:\Program Files\dotnet\packs\Microsoft.NETCore.App.Ref\10.0.12\ref\net10.0\System.Xml.Linq.dll" /reference:"C:\Program Files\dotnet\packs\Microsoft.NETCore.App.Ref\10.0.12\ref\net10.0\System.Xml.ReaderWriter.dll" /reference:"C:\Program Files\dotnet\packs\Microsoft.NETCore.App.Ref\10.0.12\ref\net10.0\System.Xml.Serialization.dll" /reference:"C:\Program Files\dotnet\packs\Microsoft.NETCore.App.Ref\10.0.12\ref\net10.0\System.Xml.XDocument.dll" /reference:"C:\Program Files\dotnet\packs\Microsoft.NETCore.App.Ref\10.0.12\ref\net10.0\System.Xml.XmlDocument.dll" /reference:"C:\Program Files\dotnet\packs\Microsoft.NETCore.App.Ref\10.0.12\ref\net10.0\System.Xml.XmlSerializer.dll" /reference:"C:\Program Files\dotnet\packs\Microsoft.NETCore.App.Ref\10.0.12\ref\net10.0\System.Xml.XPath.dll" /reference:"C:\Program Files\dotnet\packs\Microsoft.NETCore.App.Ref\10.0.12\ref\net10.0\System.Xml.XPath.XDocument.dll" /reference:C:\Users\abiem\.nuget\packages\microsoft.testplatform.testhost\18.10.0\lib\net8.0\testhost.dll /reference:"C:\Program Files\dotnet\packs\Microsoft.WindowsDesktop.App.Ref\10.0.12\ref\net10.0\UIAutomationClient.dll" /reference:"C:\Program Files\dotnet\packs\Microsoft.WindowsDesktop.App.Ref\10.0.12\ref\net10.0\UIAutomationClientSideProviders.dll" /reference:"C:\Program Files\dotnet\packs\Microsoft.WindowsDesktop.App.Ref\10.0.12\ref\net10.0\UIAutomationProvider.dll" /reference:"C:\Program Files\dotnet\packs\Microsoft.WindowsDesktop.App.Ref\10.0.12\ref\net10.0\UIAutomationTypes.dll" /reference:"C:\Program Files\dotnet\packs\Microsoft.WindowsDesktop.App.Ref\10.0.12\ref\net10.0\WindowsBase.dll" /reference:C:\Users\abiem\.nuget\packages\microsoft.windows.sdk.net.ref\10.0.26100.57\lib\net8.0\WinRT.Runtime.dll /reference:C:\Users\abiem\.nuget\packages\xunit.v3.assert\3.2.2\lib\net8.0\xunit.v3.assert.dll /reference:C:\Users\abiem\.nuget\packages\xunit.v3.common\3.2.2\lib\netstandard2.0\xunit.v3.common.dll /reference:C:\Users\abiem\.nuget\packages\xunit.v3.extensibility.core\3.2.2\lib\netstandard2.0\xunit.v3.core.dll /reference:C:\Users\abiem\.nuget\packages\xunit.v3.core.mtp-v1\3.2.2\lib\net8.0\xunit.v3.mtp-v1.dll /reference:C:\Users\abiem\.nuget\packages\xunit.v3.runner.common\3.2.2\lib\netstandard2.0\xunit.v3.runner.common.dll /reference:C:\Users\abiem\.nuget\packages\xunit.v3.runner.inproc.console\3.2.2\lib\net8.0\xunit.v3.runner.inproc.console.dll /features:"InterceptorsNamespaces=;Microsoft.Extensions.Validation.Generated" /debug- /debug:portable /filealign:512 /optimize+ /out:obj\Release\net10.0-windows10.0.26100.0\GoldenTicket.Domain.Tests.dll /refout:obj\Release\net10.0-windows10.0.26100.0\refint\GoldenTicket.Domain.Tests.dll /target:exe /warnaserror- /utf8output /deterministic+ /langversion:latest /analyzerconfig:obj\Release\net10.0-windows10.0.26100.0\GoldenTicket.Domain.Tests.GeneratedMSBuildEditorConfig.editorconfig /analyzerconfig:"C:\Program Files\dotnet\sdk\10.0.401\Sdks\Microsoft.NET.Sdk\analyzers\build\config\analysislevel_10_default.globalconfig" /analyzer:"C:\Program Files\dotnet\sdk\10.0.401\Sdks\Microsoft.NET.Sdk\targets\..\analyzers\Microsoft.CodeAnalysis.CSharp.NetAnalyzers.dll" /analyzer:"C:\Program Files\dotnet\sdk\10.0.401\Sdks\Microsoft.NET.Sdk\targets\..\analyzers\Microsoft.CodeAnalysis.NetAnalyzers.dll" /analyzer:C:\Users\abiem\.nuget\packages\communitytoolkit.mvvm\8.4.2\analyzers\dotnet\roslyn5.0\cs\CommunityToolkit.Mvvm.CodeFixers.dll /analyzer:C:\Users\abiem\.nuget\packages\communitytoolkit.mvvm\8.4.2\analyzers\dotnet\roslyn5.0\cs\CommunityToolkit.Mvvm.SourceGenerators.dll /analyzer:C:\Users\abiem\.nuget\packages\xunit.analyzers\1.27.0\analyzers\dotnet\cs\xunit.analyzers.dll /analyzer:C:\Users\abiem\.nuget\packages\xunit.analyzers\1.27.0\analyzers\dotnet\cs\xunit.analyzers.fixes.dll /analyzer:"C:\Program Files\dotnet\packs\Microsoft.NETCore.App.Ref\10.0.12\analyzers/dotnet/cs/Microsoft.Interop.ComInterfaceGenerator.dll" /analyzer:"C:\Program Files\dotnet\packs\Microsoft.NETCore.App.Ref\10.0.12\analyzers/dotnet/cs/Microsoft.Interop.JavaScript.JSImportGenerator.dll" /analyzer:"C:\Program Files\dotnet\packs\Microsoft.NETCore.App.Ref\10.0.12\analyzers/dotnet/cs/Microsoft.Interop.LibraryImportGenerator.dll" /analyzer:"C:\Program Files\dotnet\packs\Microsoft.NETCore.App.Ref\10.0.12\analyzers/dotnet/cs/Microsoft.Interop.SourceGeneration.dll" /analyzer:"C:\Program Files\dotnet\packs\Microsoft.NETCore.App.Ref\10.0.12\analyzers/dotnet/cs/System.Text.Json.SourceGeneration.dll" /analyzer:"C:\Program Files\dotnet\packs\Microsoft.NETCore.App.Ref\10.0.12\analyzers/dotnet/cs/System.Text.RegularExpressions.Generator.dll" /analyzer:C:\Users\abiem\.nuget\packages\microsoft.windows.sdk.net.ref\10.0.26100.57\analyzers/dotnet/cs/WinRT.SourceGenerator.dll ApplicationAuditTests.cs ClaimTests.cs DesktopAuditTests.cs DesktopFlowTests.cs DomainAuditTests.cs GlobalUsings.cs ManifestTests.cs PersistenceAuditTests.cs PersistenceTests.cs PrivacyTests.cs PropertyTests.cs RulesHarness.cs ScoringTests.cs SetupAndDrawTests.cs ThemeTokenTests.cs obj\Release\net10.0-windows10.0.26100.0\GoldenTicket.Domain.Tests.GlobalUsings.g.cs "obj\Release\net10.0-windows10.0.26100.0\.NETCoreApp,Version=v10.0.AssemblyAttributes.cs" D:\Projects\GoldenTicket\tests\GoldenTicket.Domain.Tests\obj\Release\net10.0-windows10.0.26100.0\SelfRegisteredExtensions.cs C:\Users\abiem\.nuget\packages\xunit.v3.core.mtp-v1\3.2.2\buildTransitive\..\_content\DefaultRunnerReporters.cs D:\Projects\GoldenTicket\tests\GoldenTicket.Domain.Tests\obj\Release\net10.0-windows10.0.26100.0\XunitAutoGeneratedEntryPoint.cs obj\Release\net10.0-windows10.0.26100.0\GoldenTicket.Domain.Tests.AssemblyInfo.cs /warnaserror+:NU1605,SYSLIB0011'
         Attempt to open named pipe 'UGCeNc1jG8RDFJq5hw8Iu9jDUBgo+jafmeD3NdUyO_c'
         Attempt to connect named pipe 'UGCeNc1jG8RDFJq5hw8Iu9jDUBgo+jafmeD3NdUyO_c'
         Named pipe 'UGCeNc1jG8RDFJq5hw8Iu9jDUBgo+jafmeD3NdUyO_c' connected
         Begin writing request for GoldenTicket.Domain.Tests (net10.0-windows10.0.26100.0)
         End writing request for GoldenTicket.Domain.Tests (net10.0-windows10.0.26100.0)
         Begin reading response for GoldenTicket.Domain.Tests (net10.0-windows10.0.26100.0)
         End reading response for GoldenTicket.Domain.Tests (net10.0-windows10.0.26100.0)
     6>D:\Projects\GoldenTicket\tests\GoldenTicket.Domain.Tests\PropertyTests.cs(24,28): warning xUnit1051: Calls to methods which accept CancellationToken should use TestContext.Current.CancellationToken to allow test cancellation to be more responsive. (https://xunit.net/xunit.analyzers/rules/xUnit1051) [D:\Projects\GoldenTicket\tests\GoldenTicket.Domain.Tests\GoldenTicket.Domain.Tests.csproj]
     6>D:\Projects\GoldenTicket\tests\GoldenTicket.Domain.Tests\ApplicationAuditTests.cs(38,28): warning xUnit1051: Calls to methods which accept CancellationToken should use TestContext.Current.CancellationToken to allow test cancellation to be more responsive. (https://xunit.net/xunit.analyzers/rules/xUnit1051) [D:\Projects\GoldenTicket\tests\GoldenTicket.Domain.Tests\GoldenTicket.Domain.Tests.csproj]
     6>D:\Projects\GoldenTicket\tests\GoldenTicket.Domain.Tests\ApplicationAuditTests.cs(41,28): warning xUnit1051: Calls to methods which accept CancellationToken should use TestContext.Current.CancellationToken to allow test cancellation to be more responsive. (https://xunit.net/xunit.analyzers/rules/xUnit1051) [D:\Projects\GoldenTicket\tests\GoldenTicket.Domain.Tests\GoldenTicket.Domain.Tests.csproj]
     6>D:\Projects\GoldenTicket\tests\GoldenTicket.Domain.Tests\ApplicationAuditTests.cs(58,28): warning xUnit1051: Calls to methods which accept CancellationToken should use TestContext.Current.CancellationToken to allow test cancellation to be more responsive. (https://xunit.net/xunit.analyzers/rules/xUnit1051) [D:\Projects\GoldenTicket\tests\GoldenTicket.Domain.Tests\GoldenTicket.Domain.Tests.csproj]
     6>D:\Projects\GoldenTicket\tests\GoldenTicket.Domain.Tests\ApplicationAuditTests.cs(62,53): warning xUnit1051: Calls to methods which accept CancellationToken should use TestContext.Current.CancellationToken to allow test cancellation to be more responsive. (https://xunit.net/xunit.analyzers/rules/xUnit1051) [D:\Projects\GoldenTicket\tests\GoldenTicket.Domain.Tests\GoldenTicket.Domain.Tests.csproj]
     6>D:\Projects\GoldenTicket\tests\GoldenTicket.Domain.Tests\PersistenceTests.cs(53,33): warning xUnit1051: Calls to methods which accept CancellationToken should use TestContext.Current.CancellationToken to allow test cancellation to be more responsive. (https://xunit.net/xunit.analyzers/rules/xUnit1051) [D:\Projects\GoldenTicket\tests\GoldenTicket.Domain.Tests\GoldenTicket.Domain.Tests.csproj]
     6>D:\Projects\GoldenTicket\tests\GoldenTicket.Domain.Tests\PersistenceTests.cs(57,15): warning xUnit1051: Calls to methods which accept CancellationToken should use TestContext.Current.CancellationToken to allow test cancellation to be more responsive. (https://xunit.net/xunit.analyzers/rules/xUnit1051) [D:\Projects\GoldenTicket\tests\GoldenTicket.Domain.Tests\GoldenTicket.Domain.Tests.csproj]
     6>D:\Projects\GoldenTicket\tests\GoldenTicket.Domain.Tests\PersistenceTests.cs(59,32): warning xUnit1051: Calls to methods which accept CancellationToken should use TestContext.Current.CancellationToken to allow test cancellation to be more responsive. (https://xunit.net/xunit.analyzers/rules/xUnit1051) [D:\Projects\GoldenTicket\tests\GoldenTicket.Domain.Tests\GoldenTicket.Domain.Tests.csproj]
     6>D:\Projects\GoldenTicket\tests\GoldenTicket.Domain.Tests\PersistenceTests.cs(63,30): warning xUnit1051: Calls to methods which accept CancellationToken should use TestContext.Current.CancellationToken to allow test cancellation to be more responsive. (https://xunit.net/xunit.analyzers/rules/xUnit1051) [D:\Projects\GoldenTicket\tests\GoldenTicket.Domain.Tests\GoldenTicket.Domain.Tests.csproj]
     6>D:\Projects\GoldenTicket\tests\GoldenTicket.Domain.Tests\ApplicationAuditTests.cs(64,36): warning xUnit1051: Calls to methods which accept CancellationToken should use TestContext.Current.CancellationToken to allow test cancellation to be more responsive. (https://xunit.net/xunit.analyzers/rules/xUnit1051) [D:\Projects\GoldenTicket\tests\GoldenTicket.Domain.Tests\GoldenTicket.Domain.Tests.csproj]
     6>D:\Projects\GoldenTicket\tests\GoldenTicket.Domain.Tests\ApplicationAuditTests.cs(65,47): warning xUnit1051: Calls to methods which accept CancellationToken should use TestContext.Current.CancellationToken to allow test cancellation to be more responsive. (https://xunit.net/xunit.analyzers/rules/xUnit1051) [D:\Projects\GoldenTicket\tests\GoldenTicket.Domain.Tests\GoldenTicket.Domain.Tests.csproj]
     6>D:\Projects\GoldenTicket\tests\GoldenTicket.Domain.Tests\PersistenceTests.cs(65,40): warning xUnit1051: Calls to methods which accept CancellationToken should use TestContext.Current.CancellationToken to allow test cancellation to be more responsive. (https://xunit.net/xunit.analyzers/rules/xUnit1051) [D:\Projects\GoldenTicket\tests\GoldenTicket.Domain.Tests\GoldenTicket.Domain.Tests.csproj]
     6>D:\Projects\GoldenTicket\tests\GoldenTicket.Domain.Tests\ApplicationAuditTests.cs(69,30): warning xUnit1051: Calls to methods which accept CancellationToken should use TestContext.Current.CancellationToken to allow test cancellation to be more responsive. (https://xunit.net/xunit.analyzers/rules/xUnit1051) [D:\Projects\GoldenTicket\tests\GoldenTicket.Domain.Tests\GoldenTicket.Domain.Tests.csproj]
     6>D:\Projects\GoldenTicket\tests\GoldenTicket.Domain.Tests\ApplicationAuditTests.cs(71,27): warning xUnit1051: Calls to methods which accept CancellationToken should use TestContext.Current.CancellationToken to allow test cancellation to be more responsive. (https://xunit.net/xunit.analyzers/rules/xUnit1051) [D:\Projects\GoldenTicket\tests\GoldenTicket.Domain.Tests\GoldenTicket.Domain.Tests.csproj]
     6>D:\Projects\GoldenTicket\tests\GoldenTicket.Domain.Tests\PersistenceTests.cs(67,28): warning xUnit1051: Calls to methods which accept CancellationToken should use TestContext.Current.CancellationToken to allow test cancellation to be more responsive. (https://xunit.net/xunit.analyzers/rules/xUnit1051) [D:\Projects\GoldenTicket\tests\GoldenTicket.Domain.Tests\GoldenTicket.Domain.Tests.csproj]
     6>D:\Projects\GoldenTicket\tests\GoldenTicket.Domain.Tests\ApplicationAuditTests.cs(74,29): warning xUnit1051: Calls to methods which accept CancellationToken should use TestContext.Current.CancellationToken to allow test cancellation to be more responsive. (https://xunit.net/xunit.analyzers/rules/xUnit1051) [D:\Projects\GoldenTicket\tests\GoldenTicket.Domain.Tests\GoldenTicket.Domain.Tests.csproj]
     6>D:\Projects\GoldenTicket\tests\GoldenTicket.Domain.Tests\ApplicationAuditTests.cs(75,28): warning xUnit1051: Calls to methods which accept CancellationToken should use TestContext.Current.CancellationToken to allow test cancellation to be more responsive. (https://xunit.net/xunit.analyzers/rules/xUnit1051) [D:\Projects\GoldenTicket\tests\GoldenTicket.Domain.Tests\GoldenTicket.Domain.Tests.csproj]
     6>D:\Projects\GoldenTicket\tests\GoldenTicket.Domain.Tests\DesktopAuditTests.cs(38,15): warning xUnit1051: Calls to methods which accept CancellationToken should use TestContext.Current.CancellationToken to allow test cancellation to be more responsive. (https://xunit.net/xunit.analyzers/rules/xUnit1051) [D:\Projects\GoldenTicket\tests\GoldenTicket.Domain.Tests\GoldenTicket.Domain.Tests.csproj]
     6>D:\Projects\GoldenTicket\tests\GoldenTicket.Domain.Tests\ApplicationAuditTests.cs(86,29): warning xUnit1051: Calls to methods which accept CancellationToken should use TestContext.Current.CancellationToken to allow test cancellation to be more responsive. (https://xunit.net/xunit.analyzers/rules/xUnit1051) [D:\Projects\GoldenTicket\tests\GoldenTicket.Domain.Tests\GoldenTicket.Domain.Tests.csproj]
     6>D:\Projects\GoldenTicket\tests\GoldenTicket.Domain.Tests\ApplicationAuditTests.cs(89,28): warning xUnit1051: Calls to methods which accept CancellationToken should use TestContext.Current.CancellationToken to allow test cancellation to be more responsive. (https://xunit.net/xunit.analyzers/rules/xUnit1051) [D:\Projects\GoldenTicket\tests\GoldenTicket.Domain.Tests\GoldenTicket.Domain.Tests.csproj]
     6>D:\Projects\GoldenTicket\tests\GoldenTicket.Domain.Tests\ApplicationAuditTests.cs(101,29): warning xUnit1051: Calls to methods which accept CancellationToken should use TestContext.Current.CancellationToken to allow test cancellation to be more responsive. (https://xunit.net/xunit.analyzers/rules/xUnit1051) [D:\Projects\GoldenTicket\tests\GoldenTicket.Domain.Tests\GoldenTicket.Domain.Tests.csproj]
     6>D:\Projects\GoldenTicket\tests\GoldenTicket.Domain.Tests\ApplicationAuditTests.cs(105,28): warning xUnit1051: Calls to methods which accept CancellationToken should use TestContext.Current.CancellationToken to allow test cancellation to be more responsive. (https://xunit.net/xunit.analyzers/rules/xUnit1051) [D:\Projects\GoldenTicket\tests\GoldenTicket.Domain.Tests\GoldenTicket.Domain.Tests.csproj]
     6>D:\Projects\GoldenTicket\tests\GoldenTicket.Domain.Tests\PersistenceTests.cs(75,33): warning xUnit1051: Calls to methods which accept CancellationToken should use TestContext.Current.CancellationToken to allow test cancellation to be more responsive. (https://xunit.net/xunit.analyzers/rules/xUnit1051) [D:\Projects\GoldenTicket\tests\GoldenTicket.Domain.Tests\GoldenTicket.Domain.Tests.csproj]
     6>D:\Projects\GoldenTicket\tests\GoldenTicket.Domain.Tests\PersistenceTests.cs(80,26): warning xUnit1051: Calls to methods which accept CancellationToken should use TestContext.Current.CancellationToken to allow test cancellation to be more responsive. (https://xunit.net/xunit.analyzers/rules/xUnit1051) [D:\Projects\GoldenTicket\tests\GoldenTicket.Domain.Tests\GoldenTicket.Domain.Tests.csproj]
     6>D:\Projects\GoldenTicket\tests\GoldenTicket.Domain.Tests\PersistenceTests.cs(88,27): warning xUnit1051: Calls to methods which accept CancellationToken should use TestContext.Current.CancellationToken to allow test cancellation to be more responsive. (https://xunit.net/xunit.analyzers/rules/xUnit1051) [D:\Projects\GoldenTicket\tests\GoldenTicket.Domain.Tests\GoldenTicket.Domain.Tests.csproj]
     6>D:\Projects\GoldenTicket\tests\GoldenTicket.Domain.Tests\PersistenceTests.cs(93,36): warning xUnit1051: Calls to methods which accept CancellationToken should use TestContext.Current.CancellationToken to allow test cancellation to be more responsive. (https://xunit.net/xunit.analyzers/rules/xUnit1051) [D:\Projects\GoldenTicket\tests\GoldenTicket.Domain.Tests\GoldenTicket.Domain.Tests.csproj]
     6>D:\Projects\GoldenTicket\tests\GoldenTicket.Domain.Tests\PersistenceTests.cs(95,28): warning xUnit1051: Calls to methods which accept CancellationToken should use TestContext.Current.CancellationToken to allow test cancellation to be more responsive. (https://xunit.net/xunit.analyzers/rules/xUnit1051) [D:\Projects\GoldenTicket\tests\GoldenTicket.Domain.Tests\GoldenTicket.Domain.Tests.csproj]
     6>D:\Projects\GoldenTicket\tests\GoldenTicket.Domain.Tests\PersistenceTests.cs(99,44): warning xUnit1051: Calls to methods which accept CancellationToken should use TestContext.Current.CancellationToken to allow test cancellation to be more responsive. (https://xunit.net/xunit.analyzers/rules/xUnit1051) [D:\Projects\GoldenTicket\tests\GoldenTicket.Domain.Tests\GoldenTicket.Domain.Tests.csproj]
     6>D:\Projects\GoldenTicket\tests\GoldenTicket.Domain.Tests\ApplicationAuditTests.cs(114,28): warning xUnit1051: Calls to methods which accept CancellationToken should use TestContext.Current.CancellationToken to allow test cancellation to be more responsive. (https://xunit.net/xunit.analyzers/rules/xUnit1051) [D:\Projects\GoldenTicket\tests\GoldenTicket.Domain.Tests\GoldenTicket.Domain.Tests.csproj]
     6>D:\Projects\GoldenTicket\tests\GoldenTicket.Domain.Tests\ApplicationAuditTests.cs(116,28): warning xUnit1051: Calls to methods which accept CancellationToken should use TestContext.Current.CancellationToken to allow test cancellation to be more responsive. (https://xunit.net/xunit.analyzers/rules/xUnit1051) [D:\Projects\GoldenTicket\tests\GoldenTicket.Domain.Tests\GoldenTicket.Domain.Tests.csproj]
     6>D:\Projects\GoldenTicket\tests\GoldenTicket.Domain.Tests\ApplicationAuditTests.cs(118,67): warning xUnit1051: Calls to methods which accept CancellationToken should use TestContext.Current.CancellationToken to allow test cancellation to be more responsive. (https://xunit.net/xunit.analyzers/rules/xUnit1051) [D:\Projects\GoldenTicket\tests\GoldenTicket.Domain.Tests\GoldenTicket.Domain.Tests.csproj]
     6>D:\Projects\GoldenTicket\tests\GoldenTicket.Domain.Tests\ApplicationAuditTests.cs(121,30): warning xUnit1051: Calls to methods which accept CancellationToken should use TestContext.Current.CancellationToken to allow test cancellation to be more responsive. (https://xunit.net/xunit.analyzers/rules/xUnit1051) [D:\Projects\GoldenTicket\tests\GoldenTicket.Domain.Tests\GoldenTicket.Domain.Tests.csproj]
     6>D:\Projects\GoldenTicket\tests\GoldenTicket.Domain.Tests\ApplicationAuditTests.cs(122,28): warning xUnit1051: Calls to methods which accept CancellationToken should use TestContext.Current.CancellationToken to allow test cancellation to be more responsive. (https://xunit.net/xunit.analyzers/rules/xUnit1051) [D:\Projects\GoldenTicket\tests\GoldenTicket.Domain.Tests\GoldenTicket.Domain.Tests.csproj]
     6>D:\Projects\GoldenTicket\tests\GoldenTicket.Domain.Tests\ApplicationAuditTests.cs(122,65): warning xUnit1051: Calls to methods which accept CancellationToken should use TestContext.Current.CancellationToken to allow test cancellation to be more responsive. (https://xunit.net/xunit.analyzers/rules/xUnit1051) [D:\Projects\GoldenTicket\tests\GoldenTicket.Domain.Tests\GoldenTicket.Domain.Tests.csproj]
     6>D:\Projects\GoldenTicket\tests\GoldenTicket.Domain.Tests\PersistenceAuditTests.cs(107,15): warning xUnit1051: Calls to methods which accept CancellationToken should use TestContext.Current.CancellationToken to allow test cancellation to be more responsive. (https://xunit.net/xunit.analyzers/rules/xUnit1051) [D:\Projects\GoldenTicket\tests\GoldenTicket.Domain.Tests\GoldenTicket.Domain.Tests.csproj]
     6>D:\Projects\GoldenTicket\tests\GoldenTicket.Domain.Tests\PersistenceAuditTests.cs(114,42): warning xUnit1051: Calls to methods which accept CancellationToken should use TestContext.Current.CancellationToken to allow test cancellation to be more responsive. (https://xunit.net/xunit.analyzers/rules/xUnit1051) [D:\Projects\GoldenTicket\tests\GoldenTicket.Domain.Tests\GoldenTicket.Domain.Tests.csproj]
     6>D:\Projects\GoldenTicket\tests\GoldenTicket.Domain.Tests\ApplicationAuditTests.cs(131,28): warning xUnit1051: Calls to methods which accept CancellationToken should use TestContext.Current.CancellationToken to allow test cancellation to be more responsive. (https://xunit.net/xunit.analyzers/rules/xUnit1051) [D:\Projects\GoldenTicket\tests\GoldenTicket.Domain.Tests\GoldenTicket.Domain.Tests.csproj]
     6>D:\Projects\GoldenTicket\tests\GoldenTicket.Domain.Tests\ApplicationAuditTests.cs(134,15): warning xUnit1051: Calls to methods which accept CancellationToken should use TestContext.Current.CancellationToken to allow test cancellation to be more responsive. (https://xunit.net/xunit.analyzers/rules/xUnit1051) [D:\Projects\GoldenTicket\tests\GoldenTicket.Domain.Tests\GoldenTicket.Domain.Tests.csproj]
     6>D:\Projects\GoldenTicket\tests\GoldenTicket.Domain.Tests\ApplicationAuditTests.cs(138,75): warning xUnit1051: Calls to methods which accept CancellationToken should use TestContext.Current.CancellationToken to allow test cancellation to be more responsive. (https://xunit.net/xunit.analyzers/rules/xUnit1051) [D:\Projects\GoldenTicket\tests\GoldenTicket.Domain.Tests\GoldenTicket.Domain.Tests.csproj]
     6>D:\Projects\GoldenTicket\tests\GoldenTicket.Domain.Tests\ApplicationAuditTests.cs(139,40): warning xUnit1051: Calls to methods which accept CancellationToken should use TestContext.Current.CancellationToken to allow test cancellation to be more responsive. (https://xunit.net/xunit.analyzers/rules/xUnit1051) [D:\Projects\GoldenTicket\tests\GoldenTicket.Domain.Tests\GoldenTicket.Domain.Tests.csproj]
     6>D:\Projects\GoldenTicket\tests\GoldenTicket.Domain.Tests\DesktopAuditTests.cs(104,33): warning xUnit1051: Calls to methods which accept CancellationToken should use TestContext.Current.CancellationToken to allow test cancellation to be more responsive. (https://xunit.net/xunit.analyzers/rules/xUnit1051) [D:\Projects\GoldenTicket\tests\GoldenTicket.Domain.Tests\GoldenTicket.Domain.Tests.csproj]
     6>D:\Projects\GoldenTicket\tests\GoldenTicket.Domain.Tests\DesktopAuditTests.cs(107,30): warning xUnit1051: Calls to methods which accept CancellationToken should use TestContext.Current.CancellationToken to allow test cancellation to be more responsive. (https://xunit.net/xunit.analyzers/rules/xUnit1051) [D:\Projects\GoldenTicket\tests\GoldenTicket.Domain.Tests\GoldenTicket.Domain.Tests.csproj]
     6>D:\Projects\GoldenTicket\tests\GoldenTicket.Domain.Tests\DesktopAuditTests.cs(108,32): warning xUnit1051: Calls to methods which accept CancellationToken should use TestContext.Current.CancellationToken to allow test cancellation to be more responsive. (https://xunit.net/xunit.analyzers/rules/xUnit1051) [D:\Projects\GoldenTicket\tests\GoldenTicket.Domain.Tests\GoldenTicket.Domain.Tests.csproj]
     6>D:\Projects\GoldenTicket\tests\GoldenTicket.Domain.Tests\DesktopAuditTests.cs(112,28): warning xUnit1051: Calls to methods which accept CancellationToken should use TestContext.Current.CancellationToken to allow test cancellation to be more responsive. (https://xunit.net/xunit.analyzers/rules/xUnit1051) [D:\Projects\GoldenTicket\tests\GoldenTicket.Domain.Tests\GoldenTicket.Domain.Tests.csproj]
     6>D:\Projects\GoldenTicket\tests\GoldenTicket.Domain.Tests\PersistenceTests.cs(108,33): warning xUnit1051: Calls to methods which accept CancellationToken should use TestContext.Current.CancellationToken to allow test cancellation to be more responsive. (https://xunit.net/xunit.analyzers/rules/xUnit1051) [D:\Projects\GoldenTicket\tests\GoldenTicket.Domain.Tests\GoldenTicket.Domain.Tests.csproj]
     6>D:\Projects\GoldenTicket\tests\GoldenTicket.Domain.Tests\PersistenceTests.cs(116,26): warning xUnit1051: Calls to methods which accept CancellationToken should use TestContext.Current.CancellationToken to allow test cancellation to be more responsive. (https://xunit.net/xunit.analyzers/rules/xUnit1051) [D:\Projects\GoldenTicket\tests\GoldenTicket.Domain.Tests\GoldenTicket.Domain.Tests.csproj]
     6>D:\Projects\GoldenTicket\tests\GoldenTicket.Domain.Tests\PersistenceTests.cs(119,27): warning xUnit1051: Calls to methods which accept CancellationToken should use TestContext.Current.CancellationToken to allow test cancellation to be more responsive. (https://xunit.net/xunit.analyzers/rules/xUnit1051) [D:\Projects\GoldenTicket\tests\GoldenTicket.Domain.Tests\GoldenTicket.Domain.Tests.csproj]
     6>D:\Projects\GoldenTicket\tests\GoldenTicket.Domain.Tests\PersistenceTests.cs(123,28): warning xUnit1051: Calls to methods which accept CancellationToken should use TestContext.Current.CancellationToken to allow test cancellation to be more responsive. (https://xunit.net/xunit.analyzers/rules/xUnit1051) [D:\Projects\GoldenTicket\tests\GoldenTicket.Domain.Tests\GoldenTicket.Domain.Tests.csproj]
     6>D:\Projects\GoldenTicket\tests\GoldenTicket.Domain.Tests\PropertyTests.cs(78,33): warning xUnit1051: Calls to methods which accept CancellationToken should use TestContext.Current.CancellationToken to allow test cancellation to be more responsive. (https://xunit.net/xunit.analyzers/rules/xUnit1051) [D:\Projects\GoldenTicket\tests\GoldenTicket.Domain.Tests\GoldenTicket.Domain.Tests.csproj]
     6>D:\Projects\GoldenTicket\tests\GoldenTicket.Domain.Tests\PersistenceAuditTests.cs(123,30): warning xUnit1051: Calls to methods which accept CancellationToken should use TestContext.Current.CancellationToken to allow test cancellation to be more responsive. (https://xunit.net/xunit.analyzers/rules/xUnit1051) [D:\Projects\GoldenTicket\tests\GoldenTicket.Domain.Tests\GoldenTicket.Domain.Tests.csproj]
     6>D:\Projects\GoldenTicket\tests\GoldenTicket.Domain.Tests\PropertyTests.cs(86,19): warning xUnit1051: Calls to methods which accept CancellationToken should use TestContext.Current.CancellationToken to allow test cancellation to be more responsive. (https://xunit.net/xunit.analyzers/rules/xUnit1051) [D:\Projects\GoldenTicket\tests\GoldenTicket.Domain.Tests\GoldenTicket.Domain.Tests.csproj]
     6>D:\Projects\GoldenTicket\tests\GoldenTicket.Domain.Tests\PersistenceAuditTests.cs(124,34): warning xUnit1051: Calls to methods which accept CancellationToken should use TestContext.Current.CancellationToken to allow test cancellation to be more responsive. (https://xunit.net/xunit.analyzers/rules/xUnit1051) [D:\Projects\GoldenTicket\tests\GoldenTicket.Domain.Tests\GoldenTicket.Domain.Tests.csproj]
     6>D:\Projects\GoldenTicket\tests\GoldenTicket.Domain.Tests\PersistenceAuditTests.cs(127,13): warning xUnit1051: Calls to methods which accept CancellationToken should use TestContext.Current.CancellationToken to allow test cancellation to be more responsive. (https://xunit.net/xunit.analyzers/rules/xUnit1051) [D:\Projects\GoldenTicket\tests\GoldenTicket.Domain.Tests\GoldenTicket.Domain.Tests.csproj]
     6>D:\Projects\GoldenTicket\tests\GoldenTicket.Domain.Tests\PropertyTests.cs(87,32): warning xUnit1051: Calls to methods which accept CancellationToken should use TestContext.Current.CancellationToken to allow test cancellation to be more responsive. (https://xunit.net/xunit.analyzers/rules/xUnit1051) [D:\Projects\GoldenTicket\tests\GoldenTicket.Domain.Tests\GoldenTicket.Domain.Tests.csproj]
     6>D:\Projects\GoldenTicket\tests\GoldenTicket.Domain.Tests\PersistenceAuditTests.cs(129,30): warning xUnit1051: Calls to methods which accept CancellationToken should use TestContext.Current.CancellationToken to allow test cancellation to be more responsive. (https://xunit.net/xunit.analyzers/rules/xUnit1051) [D:\Projects\GoldenTicket\tests\GoldenTicket.Domain.Tests\GoldenTicket.Domain.Tests.csproj]
     6>D:\Projects\GoldenTicket\tests\GoldenTicket.Domain.Tests\PropertyTests.cs(91,19): warning xUnit1051: Calls to methods which accept CancellationToken should use TestContext.Current.CancellationToken to allow test cancellation to be more responsive. (https://xunit.net/xunit.analyzers/rules/xUnit1051) [D:\Projects\GoldenTicket\tests\GoldenTicket.Domain.Tests\GoldenTicket.Domain.Tests.csproj]
     6>D:\Projects\GoldenTicket\tests\GoldenTicket.Domain.Tests\PersistenceAuditTests.cs(130,42): warning xUnit1051: Calls to methods which accept CancellationToken should use TestContext.Current.CancellationToken to allow test cancellation to be more responsive. (https://xunit.net/xunit.analyzers/rules/xUnit1051) [D:\Projects\GoldenTicket\tests\GoldenTicket.Domain.Tests\GoldenTicket.Domain.Tests.csproj]
     6>D:\Projects\GoldenTicket\tests\GoldenTicket.Domain.Tests\PersistenceAuditTests.cs(132,26): warning xUnit1051: Calls to methods which accept CancellationToken should use TestContext.Current.CancellationToken to allow test cancellation to be more responsive. (https://xunit.net/xunit.analyzers/rules/xUnit1051) [D:\Projects\GoldenTicket\tests\GoldenTicket.Domain.Tests\GoldenTicket.Domain.Tests.csproj]
     6>D:\Projects\GoldenTicket\tests\GoldenTicket.Domain.Tests\PersistenceAuditTests.cs(133,28): warning xUnit1051: Calls to methods which accept CancellationToken should use TestContext.Current.CancellationToken to allow test cancellation to be more responsive. (https://xunit.net/xunit.analyzers/rules/xUnit1051) [D:\Projects\GoldenTicket\tests\GoldenTicket.Domain.Tests\GoldenTicket.Domain.Tests.csproj]
     6>D:\Projects\GoldenTicket\tests\GoldenTicket.Domain.Tests\PersistenceAuditTests.cs(133,68): warning xUnit1051: Calls to methods which accept CancellationToken should use TestContext.Current.CancellationToken to allow test cancellation to be more responsive. (https://xunit.net/xunit.analyzers/rules/xUnit1051) [D:\Projects\GoldenTicket\tests\GoldenTicket.Domain.Tests\GoldenTicket.Domain.Tests.csproj]
     6>D:\Projects\GoldenTicket\tests\GoldenTicket.Domain.Tests\PersistenceAuditTests.cs(158,13): warning xUnit1051: Calls to methods which accept CancellationToken should use TestContext.Current.CancellationToken to allow test cancellation to be more responsive. (https://xunit.net/xunit.analyzers/rules/xUnit1051) [D:\Projects\GoldenTicket\tests\GoldenTicket.Domain.Tests\GoldenTicket.Domain.Tests.csproj]
     6>D:\Projects\GoldenTicket\tests\GoldenTicket.Domain.Tests\ApplicationAuditTests.cs(154,19): warning xUnit1051: Calls to methods which accept CancellationToken should use TestContext.Current.CancellationToken to allow test cancellation to be more responsive. (https://xunit.net/xunit.analyzers/rules/xUnit1051) [D:\Projects\GoldenTicket\tests\GoldenTicket.Domain.Tests\GoldenTicket.Domain.Tests.csproj]
     6>D:\Projects\GoldenTicket\tests\GoldenTicket.Domain.Tests\ApplicationAuditTests.cs(157,35): warning xUnit1051: Calls to methods which accept CancellationToken should use TestContext.Current.CancellationToken to allow test cancellation to be more responsive. (https://xunit.net/xunit.analyzers/rules/xUnit1051) [D:\Projects\GoldenTicket\tests\GoldenTicket.Domain.Tests\GoldenTicket.Domain.Tests.csproj]
     6>D:\Projects\GoldenTicket\tests\GoldenTicket.Domain.Tests\ApplicationAuditTests.cs(158,33): warning xUnit1051: Calls to methods which accept CancellationToken should use TestContext.Current.CancellationToken to allow test cancellation to be more responsive. (https://xunit.net/xunit.analyzers/rules/xUnit1051) [D:\Projects\GoldenTicket\tests\GoldenTicket.Domain.Tests\GoldenTicket.Domain.Tests.csproj]
     6>D:\Projects\GoldenTicket\tests\GoldenTicket.Domain.Tests\ApplicationAuditTests.cs(162,35): warning xUnit1051: Calls to methods which accept CancellationToken should use TestContext.Current.CancellationToken to allow test cancellation to be more responsive. (https://xunit.net/xunit.analyzers/rules/xUnit1051) [D:\Projects\GoldenTicket\tests\GoldenTicket.Domain.Tests\GoldenTicket.Domain.Tests.csproj]
     6>D:\Projects\GoldenTicket\tests\GoldenTicket.Domain.Tests\PersistenceAuditTests.cs(165,28): warning xUnit1051: Calls to methods which accept CancellationToken should use TestContext.Current.CancellationToken to allow test cancellation to be more responsive. (https://xunit.net/xunit.analyzers/rules/xUnit1051) [D:\Projects\GoldenTicket\tests\GoldenTicket.Domain.Tests\GoldenTicket.Domain.Tests.csproj]
     6>D:\Projects\GoldenTicket\tests\GoldenTicket.Domain.Tests\PersistenceAuditTests.cs(168,34): warning xUnit1051: Calls to methods which accept CancellationToken should use TestContext.Current.CancellationToken to allow test cancellation to be more responsive. (https://xunit.net/xunit.analyzers/rules/xUnit1051) [D:\Projects\GoldenTicket\tests\GoldenTicket.Domain.Tests\GoldenTicket.Domain.Tests.csproj]
     6>D:\Projects\GoldenTicket\tests\GoldenTicket.Domain.Tests\PersistenceAuditTests.cs(172,30): warning xUnit1051: Calls to methods which accept CancellationToken should use TestContext.Current.CancellationToken to allow test cancellation to be more responsive. (https://xunit.net/xunit.analyzers/rules/xUnit1051) [D:\Projects\GoldenTicket\tests\GoldenTicket.Domain.Tests\GoldenTicket.Domain.Tests.csproj]
     6>D:\Projects\GoldenTicket\tests\GoldenTicket.Domain.Tests\PersistenceAuditTests.cs(173,42): warning xUnit1051: Calls to methods which accept CancellationToken should use TestContext.Current.CancellationToken to allow test cancellation to be more responsive. (https://xunit.net/xunit.analyzers/rules/xUnit1051) [D:\Projects\GoldenTicket\tests\GoldenTicket.Domain.Tests\GoldenTicket.Domain.Tests.csproj]
     6>D:\Projects\GoldenTicket\tests\GoldenTicket.Domain.Tests\PersistenceAuditTests.cs(174,28): warning xUnit1051: Calls to methods which accept CancellationToken should use TestContext.Current.CancellationToken to allow test cancellation to be more responsive. (https://xunit.net/xunit.analyzers/rules/xUnit1051) [D:\Projects\GoldenTicket\tests\GoldenTicket.Domain.Tests\GoldenTicket.Domain.Tests.csproj]
     6>D:\Projects\GoldenTicket\tests\GoldenTicket.Domain.Tests\PersistenceTests.cs(135,15): warning xUnit1051: Calls to methods which accept CancellationToken should use TestContext.Current.CancellationToken to allow test cancellation to be more responsive. (https://xunit.net/xunit.analyzers/rules/xUnit1051) [D:\Projects\GoldenTicket\tests\GoldenTicket.Domain.Tests\GoldenTicket.Domain.Tests.csproj]
     6>D:\Projects\GoldenTicket\tests\GoldenTicket.Domain.Tests\ApplicationAuditTests.cs(177,26): warning xUnit1051: Calls to methods which accept CancellationToken should use TestContext.Current.CancellationToken to allow test cancellation to be more responsive. (https://xunit.net/xunit.analyzers/rules/xUnit1051) [D:\Projects\GoldenTicket\tests\GoldenTicket.Domain.Tests\GoldenTicket.Domain.Tests.csproj]
     6>D:\Projects\GoldenTicket\tests\GoldenTicket.Domain.Tests\ApplicationAuditTests.cs(178,21): warning xUnit1051: Calls to methods which accept CancellationToken should use TestContext.Current.CancellationToken to allow test cancellation to be more responsive. (https://xunit.net/xunit.analyzers/rules/xUnit1051) [D:\Projects\GoldenTicket\tests\GoldenTicket.Domain.Tests\GoldenTicket.Domain.Tests.csproj]
     6>D:\Projects\GoldenTicket\tests\GoldenTicket.Domain.Tests\ApplicationAuditTests.cs(179,15): warning xUnit1051: Calls to methods which accept CancellationToken should use TestContext.Current.CancellationToken to allow test cancellation to be more responsive. (https://xunit.net/xunit.analyzers/rules/xUnit1051) [D:\Projects\GoldenTicket\tests\GoldenTicket.Domain.Tests\GoldenTicket.Domain.Tests.csproj]
     6>D:\Projects\GoldenTicket\tests\GoldenTicket.Domain.Tests\ApplicationAuditTests.cs(180,22): warning xUnit1051: Calls to methods which accept CancellationToken should use TestContext.Current.CancellationToken to allow test cancellation to be more responsive. (https://xunit.net/xunit.analyzers/rules/xUnit1051) [D:\Projects\GoldenTicket\tests\GoldenTicket.Domain.Tests\GoldenTicket.Domain.Tests.csproj]
     6>D:\Projects\GoldenTicket\tests\GoldenTicket.Domain.Tests\ApplicationAuditTests.cs(183,29): warning xUnit1051: Calls to methods which accept CancellationToken should use TestContext.Current.CancellationToken to allow test cancellation to be more responsive. (https://xunit.net/xunit.analyzers/rules/xUnit1051) [D:\Projects\GoldenTicket\tests\GoldenTicket.Domain.Tests\GoldenTicket.Domain.Tests.csproj]
     6>D:\Projects\GoldenTicket\tests\GoldenTicket.Domain.Tests\PersistenceTests.cs(151,33): warning xUnit1051: Calls to methods which accept CancellationToken should use TestContext.Current.CancellationToken to allow test cancellation to be more responsive. (https://xunit.net/xunit.analyzers/rules/xUnit1051) [D:\Projects\GoldenTicket\tests\GoldenTicket.Domain.Tests\GoldenTicket.Domain.Tests.csproj]
     6>D:\Projects\GoldenTicket\tests\GoldenTicket.Domain.Tests\PersistenceTests.cs(155,26): warning xUnit1051: Calls to methods which accept CancellationToken should use TestContext.Current.CancellationToken to allow test cancellation to be more responsive. (https://xunit.net/xunit.analyzers/rules/xUnit1051) [D:\Projects\GoldenTicket\tests\GoldenTicket.Domain.Tests\GoldenTicket.Domain.Tests.csproj]
     6>D:\Projects\GoldenTicket\tests\GoldenTicket.Domain.Tests\PersistenceTests.cs(159,27): warning xUnit1051: Calls to methods which accept CancellationToken should use TestContext.Current.CancellationToken to allow test cancellation to be more responsive. (https://xunit.net/xunit.analyzers/rules/xUnit1051) [D:\Projects\GoldenTicket\tests\GoldenTicket.Domain.Tests\GoldenTicket.Domain.Tests.csproj]
     6>D:\Projects\GoldenTicket\tests\GoldenTicket.Domain.Tests\PropertyTests.cs(117,28): warning xUnit1051: Calls to methods which accept CancellationToken should use TestContext.Current.CancellationToken to allow test cancellation to be more responsive. (https://xunit.net/xunit.analyzers/rules/xUnit1051) [D:\Projects\GoldenTicket\tests\GoldenTicket.Domain.Tests\GoldenTicket.Domain.Tests.csproj]
     6>D:\Projects\GoldenTicket\tests\GoldenTicket.Domain.Tests\PersistenceAuditTests.cs(191,13): warning xUnit1051: Calls to methods which accept CancellationToken should use TestContext.Current.CancellationToken to allow test cancellation to be more responsive. (https://xunit.net/xunit.analyzers/rules/xUnit1051) [D:\Projects\GoldenTicket\tests\GoldenTicket.Domain.Tests\GoldenTicket.Domain.Tests.csproj]
     6>D:\Projects\GoldenTicket\tests\GoldenTicket.Domain.Tests\ApplicationAuditTests.cs(196,31): warning xUnit1051: Calls to methods which accept CancellationToken should use TestContext.Current.CancellationToken to allow test cancellation to be more responsive. (https://xunit.net/xunit.analyzers/rules/xUnit1051) [D:\Projects\GoldenTicket\tests\GoldenTicket.Domain.Tests\GoldenTicket.Domain.Tests.csproj]
     6>D:\Projects\GoldenTicket\tests\GoldenTicket.Domain.Tests\ApplicationAuditTests.cs(198,29): warning xUnit1051: Calls to methods which accept CancellationToken should use TestContext.Current.CancellationToken to allow test cancellation to be more responsive. (https://xunit.net/xunit.analyzers/rules/xUnit1051) [D:\Projects\GoldenTicket\tests\GoldenTicket.Domain.Tests\GoldenTicket.Domain.Tests.csproj]
     6>D:\Projects\GoldenTicket\tests\GoldenTicket.Domain.Tests\ApplicationAuditTests.cs(200,28): warning xUnit1051: Calls to methods which accept CancellationToken should use TestContext.Current.CancellationToken to allow test cancellation to be more responsive. (https://xunit.net/xunit.analyzers/rules/xUnit1051) [D:\Projects\GoldenTicket\tests\GoldenTicket.Domain.Tests\GoldenTicket.Domain.Tests.csproj]
     6>D:\Projects\GoldenTicket\tests\GoldenTicket.Domain.Tests\PersistenceTests.cs(171,33): warning xUnit1051: Calls to methods which accept CancellationToken should use TestContext.Current.CancellationToken to allow test cancellation to be more responsive. (https://xunit.net/xunit.analyzers/rules/xUnit1051) [D:\Projects\GoldenTicket\tests\GoldenTicket.Domain.Tests\GoldenTicket.Domain.Tests.csproj]
     6>D:\Projects\GoldenTicket\tests\GoldenTicket.Domain.Tests\PersistenceTests.cs(180,19): warning xUnit1051: Calls to methods which accept CancellationToken should use TestContext.Current.CancellationToken to allow test cancellation to be more responsive. (https://xunit.net/xunit.analyzers/rules/xUnit1051) [D:\Projects\GoldenTicket\tests\GoldenTicket.Domain.Tests\GoldenTicket.Domain.Tests.csproj]
     6>D:\Projects\GoldenTicket\tests\GoldenTicket.Domain.Tests\PersistenceTests.cs(191,19): warning xUnit1051: Calls to methods which accept CancellationToken should use TestContext.Current.CancellationToken to allow test cancellation to be more responsive. (https://xunit.net/xunit.analyzers/rules/xUnit1051) [D:\Projects\GoldenTicket\tests\GoldenTicket.Domain.Tests\GoldenTicket.Domain.Tests.csproj]
     6>D:\Projects\GoldenTicket\tests\GoldenTicket.Domain.Tests\PersistenceTests.cs(197,19): warning xUnit1051: Calls to methods which accept CancellationToken should use TestContext.Current.CancellationToken to allow test cancellation to be more responsive. (https://xunit.net/xunit.analyzers/rules/xUnit1051) [D:\Projects\GoldenTicket\tests\GoldenTicket.Domain.Tests\GoldenTicket.Domain.Tests.csproj]
     6>D:\Projects\GoldenTicket\tests\GoldenTicket.Domain.Tests\PersistenceAuditTests.cs(206,15): warning xUnit1051: Calls to methods which accept CancellationToken should use TestContext.Current.CancellationToken to allow test cancellation to be more responsive. (https://xunit.net/xunit.analyzers/rules/xUnit1051) [D:\Projects\GoldenTicket\tests\GoldenTicket.Domain.Tests\GoldenTicket.Domain.Tests.csproj]
     6>D:\Projects\GoldenTicket\tests\GoldenTicket.Domain.Tests\PersistenceAuditTests.cs(209,37): warning xUnit1051: Calls to methods which accept CancellationToken should use TestContext.Current.CancellationToken to allow test cancellation to be more responsive. (https://xunit.net/xunit.analyzers/rules/xUnit1051) [D:\Projects\GoldenTicket\tests\GoldenTicket.Domain.Tests\GoldenTicket.Domain.Tests.csproj]
     6>D:\Projects\GoldenTicket\tests\GoldenTicket.Domain.Tests\ApplicationAuditTests.cs(210,15): warning xUnit1051: Calls to methods which accept CancellationToken should use TestContext.Current.CancellationToken to allow test cancellation to be more responsive. (https://xunit.net/xunit.analyzers/rules/xUnit1051) [D:\Projects\GoldenTicket\tests\GoldenTicket.Domain.Tests\GoldenTicket.Domain.Tests.csproj]
     6>D:\Projects\GoldenTicket\tests\GoldenTicket.Domain.Tests\PersistenceAuditTests.cs(224,30): warning xUnit1051: Calls to methods which accept CancellationToken should use TestContext.Current.CancellationToken to allow test cancellation to be more responsive. (https://xunit.net/xunit.analyzers/rules/xUnit1051) [D:\Projects\GoldenTicket\tests\GoldenTicket.Domain.Tests\GoldenTicket.Domain.Tests.csproj]
     6>D:\Projects\GoldenTicket\tests\GoldenTicket.Domain.Tests\PersistenceAuditTests.cs(225,28): warning xUnit1051: Calls to methods which accept CancellationToken should use TestContext.Current.CancellationToken to allow test cancellation to be more responsive. (https://xunit.net/xunit.analyzers/rules/xUnit1051) [D:\Projects\GoldenTicket\tests\GoldenTicket.Domain.Tests\GoldenTicket.Domain.Tests.csproj]
     6>D:\Projects\GoldenTicket\tests\GoldenTicket.Domain.Tests\PersistenceAuditTests.cs(225,71): warning xUnit1051: Calls to methods which accept CancellationToken should use TestContext.Current.CancellationToken to allow test cancellation to be more responsive. (https://xunit.net/xunit.analyzers/rules/xUnit1051) [D:\Projects\GoldenTicket\tests\GoldenTicket.Domain.Tests\GoldenTicket.Domain.Tests.csproj]
     6>D:\Projects\GoldenTicket\tests\GoldenTicket.Domain.Tests\PersistenceAuditTests.cs(229,15): warning xUnit1051: Calls to methods which accept CancellationToken should use TestContext.Current.CancellationToken to allow test cancellation to be more responsive. (https://xunit.net/xunit.analyzers/rules/xUnit1051) [D:\Projects\GoldenTicket\tests\GoldenTicket.Domain.Tests\GoldenTicket.Domain.Tests.csproj]
     6>D:\Projects\GoldenTicket\tests\GoldenTicket.Domain.Tests\PersistenceAuditTests.cs(232,83): warning xUnit1051: Calls to methods which accept CancellationToken should use TestContext.Current.CancellationToken to allow test cancellation to be more responsive. (https://xunit.net/xunit.analyzers/rules/xUnit1051) [D:\Projects\GoldenTicket\tests\GoldenTicket.Domain.Tests\GoldenTicket.Domain.Tests.csproj]
     6>D:\Projects\GoldenTicket\tests\GoldenTicket.Domain.Tests\PersistenceAuditTests.cs(234,28): warning xUnit1051: Calls to methods which accept CancellationToken should use TestContext.Current.CancellationToken to allow test cancellation to be more responsive. (https://xunit.net/xunit.analyzers/rules/xUnit1051) [D:\Projects\GoldenTicket\tests\GoldenTicket.Domain.Tests\GoldenTicket.Domain.Tests.csproj]
         CompilerServer: server - server processed compilation - GoldenTicket.Domain.Tests (net10.0-windows10.0.26100.0)
       _CopyFilesMarkedCopyLocal:
         Copying file from "C:\Users\abiem\.nuget\packages\microsoft.data.sqlite.core\10.0.12\lib\net8.0\Microsoft.Data.Sqlite.dll" to "D:\Projects\GoldenTicket\tests\GoldenTicket.Domain.Tests\bin\Release\net10.0-windows10.0.26100.0\Microsoft.Data.Sqlite.dll".
         Copying file from "C:\Users\abiem\.nuget\packages\microsoft.applicationinsights\2.23.0\lib\netstandard2.0\Microsoft.ApplicationInsights.dll" to "D:\Projects\GoldenTicket\tests\GoldenTicket.Domain.Tests\bin\Release\net10.0-windows10.0.26100.0\Microsoft.ApplicationInsights.dll".
         Copying file from "C:\Users\abiem\.nuget\packages\microsoft.codecoverage\18.10.0\lib\net8.0\Microsoft.VisualStudio.CodeCoverage.Shim.dll" to "D:\Projects\GoldenTicket\tests\GoldenTicket.Domain.Tests\bin\Release\net10.0-windows10.0.26100.0\Microsoft.VisualStudio.CodeCoverage.Shim.dll".
         Copying file from "C:\Users\abiem\.nuget\packages\communitytoolkit.mvvm\8.4.2\lib\net8.0-windows10.0.17763\CommunityToolkit.Mvvm.dll" to "D:\Projects\GoldenTicket\tests\GoldenTicket.Domain.Tests\bin\Release\net10.0-windows10.0.26100.0\CommunityToolkit.Mvvm.dll".
         Copying file from "C:\Users\abiem\.nuget\packages\microsoft.bcl.asyncinterfaces\6.0.0\lib\netstandard2.1\Microsoft.Bcl.AsyncInterfaces.dll" to "D:\Projects\GoldenTicket\tests\GoldenTicket.Domain.Tests\bin\Release\net10.0-windows10.0.26100.0\Microsoft.Bcl.AsyncInterfaces.dll".
         Copying file from "C:\Users\abiem\.nuget\packages\microsoft.testing.extensions.telemetry\1.9.1\lib\net9.0\Microsoft.Testing.Extensions.Telemetry.dll" to "D:\Projects\GoldenTicket\tests\GoldenTicket.Domain.Tests\bin\Release\net10.0-windows10.0.26100.0\Microsoft.Testing.Extensions.Telemetry.dll".
         Copying file from "C:\Users\abiem\.nuget\packages\microsoft.testing.extensions.trxreport.abstractions\1.9.1\lib\net9.0\Microsoft.Testing.Extensions.TrxReport.Abstractions.dll" to "D:\Projects\GoldenTicket\tests\GoldenTicket.Domain.Tests\bin\Release\net10.0-windows10.0.26100.0\Microsoft.Testing.Extensions.TrxReport.Abstractions.dll".
         Copying file from "C:\Users\abiem\.nuget\packages\microsoft.testing.platform\1.9.1\lib\net9.0\Microsoft.Testing.Platform.dll" to "D:\Projects\GoldenTicket\tests\GoldenTicket.Domain.Tests\bin\Release\net10.0-windows10.0.26100.0\Microsoft.Testing.Platform.dll".
         Copying file from "C:\Users\abiem\.nuget\packages\microsoft.testing.platform.msbuild\1.9.1\lib\net9.0\Microsoft.Testing.Extensions.MSBuild.dll" to "D:\Projects\GoldenTicket\tests\GoldenTicket.Domain.Tests\bin\Release\net10.0-windows10.0.26100.0\Microsoft.Testing.Extensions.MSBuild.dll".
         Copying file from "C:\Users\abiem\.nuget\packages\microsoft.testplatform.objectmodel\18.10.0\lib\net8.0\Microsoft.TestPlatform.CoreUtilities.dll" to "D:\Projects\GoldenTicket\tests\GoldenTicket.Domain.Tests\bin\Release\net10.0-windows10.0.26100.0\Microsoft.TestPlatform.CoreUtilities.dll".
         Copying file from "C:\Users\abiem\.nuget\packages\microsoft.testplatform.objectmodel\18.10.0\lib\net8.0\Microsoft.VisualStudio.TestPlatform.ObjectModel.dll" to "D:\Projects\GoldenTicket\tests\GoldenTicket.Domain.Tests\bin\Release\net10.0-windows10.0.26100.0\Microsoft.VisualStudio.TestPlatform.ObjectModel.dll".
         Copying file from "C:\Users\abiem\.nuget\packages\microsoft.testplatform.objectmodel\18.10.0\lib\net8.0\Microsoft.TestPlatform.PlatformAbstractions.dll" to "D:\Projects\GoldenTicket\tests\GoldenTicket.Domain.Tests\bin\Release\net10.0-windows10.0.26100.0\Microsoft.TestPlatform.PlatformAbstractions.dll".
         Copying file from "C:\Users\abiem\.nuget\packages\microsoft.testplatform.testhost\18.10.0\lib\net8.0\Microsoft.TestPlatform.CommunicationUtilities.dll" to "D:\Projects\GoldenTicket\tests\GoldenTicket.Domain.Tests\bin\Release\net10.0-windows10.0.26100.0\Microsoft.TestPlatform.CommunicationUtilities.dll".
         Copying file from "C:\Users\abiem\.nuget\packages\microsoft.testplatform.testhost\18.10.0\lib\net8.0\Microsoft.TestPlatform.CrossPlatEngine.dll" to "D:\Projects\GoldenTicket\tests\GoldenTicket.Domain.Tests\bin\Release\net10.0-windows10.0.26100.0\Microsoft.TestPlatform.CrossPlatEngine.dll".
         Copying file from "C:\Users\abiem\.nuget\packages\microsoft.testplatform.testhost\18.10.0\lib\net8.0\Microsoft.TestPlatform.Utilities.dll" to "D:\Projects\GoldenTicket\tests\GoldenTicket.Domain.Tests\bin\Release\net10.0-windows10.0.26100.0\Microsoft.TestPlatform.Utilities.dll".
         Copying file from "C:\Users\abiem\.nuget\packages\microsoft.testplatform.testhost\18.10.0\lib\net8.0\Microsoft.VisualStudio.TestPlatform.Common.dll" to "D:\Projects\GoldenTicket\tests\GoldenTicket.Domain.Tests\bin\Release\net10.0-windows10.0.26100.0\Microsoft.VisualStudio.TestPlatform.Common.dll".
         Copying file from "C:\Users\abiem\.nuget\packages\microsoft.testplatform.testhost\18.10.0\lib\net8.0\testhost.dll" to "D:\Projects\GoldenTicket\tests\GoldenTicket.Domain.Tests\bin\Release\net10.0-windows10.0.26100.0\testhost.dll".
         Copying file from "C:\Users\abiem\.nuget\packages\sqlitepclraw.bundle_e_sqlite3\2.1.12\lib\netstandard2.0\SQLitePCLRaw.batteries_v2.dll" to "D:\Projects\GoldenTicket\tests\GoldenTicket.Domain.Tests\bin\Release\net10.0-windows10.0.26100.0\SQLitePCLRaw.batteries_v2.dll".
         Copying file from "C:\Users\abiem\.nuget\packages\sqlitepclraw.core\2.1.12\lib\netstandard2.0\SQLitePCLRaw.core.dll" to "D:\Projects\GoldenTicket\tests\GoldenTicket.Domain.Tests\bin\Release\net10.0-windows10.0.26100.0\SQLitePCLRaw.core.dll".
         Copying file from "C:\Users\abiem\.nuget\packages\xunit.v3.assert\3.2.2\lib\net8.0\xunit.v3.assert.dll" to "D:\Projects\GoldenTicket\tests\GoldenTicket.Domain.Tests\bin\Release\net10.0-windows10.0.26100.0\xunit.v3.assert.dll".
         Copying file from "C:\Users\abiem\.nuget\packages\sqlitepclraw.provider.e_sqlite3\2.1.12\lib\net6.0-windows7.0\SQLitePCLRaw.provider.e_sqlite3.dll" to "D:\Projects\GoldenTicket\tests\GoldenTicket.Domain.Tests\bin\Release\net10.0-windows10.0.26100.0\SQLitePCLRaw.provider.e_sqlite3.dll".
         Copying file from "C:\Users\abiem\.nuget\packages\xunit.v3.common\3.2.2\lib\netstandard2.0\xunit.v3.common.dll" to "D:\Projects\GoldenTicket\tests\GoldenTicket.Domain.Tests\bin\Release\net10.0-windows10.0.26100.0\xunit.v3.common.dll".
         Copying file from "C:\Users\abiem\.nuget\packages\xunit.v3.core.mtp-v1\3.2.2\lib\net8.0\xunit.v3.mtp-v1.dll" to "D:\Projects\GoldenTicket\tests\GoldenTicket.Domain.Tests\bin\Release\net10.0-windows10.0.26100.0\xunit.v3.mtp-v1.dll".
         Copying file from "C:\Users\abiem\.nuget\packages\xunit.v3.extensibility.core\3.2.2\lib\netstandard2.0\xunit.v3.core.dll" to "D:\Projects\GoldenTicket\tests\GoldenTicket.Domain.Tests\bin\Release\net10.0-windows10.0.26100.0\xunit.v3.core.dll".
         Copying file from "C:\Users\abiem\.nuget\packages\xunit.v3.runner.common\3.2.2\lib\netstandard2.0\xunit.v3.runner.common.dll" to "D:\Projects\GoldenTicket\tests\GoldenTicket.Domain.Tests\bin\Release\net10.0-windows10.0.26100.0\xunit.v3.runner.common.dll".
         Copying file from "C:\Users\abiem\.nuget\packages\xunit.v3.runner.inproc.console\3.2.2\lib\net8.0\xunit.v3.runner.inproc.console.dll" to "D:\Projects\GoldenTicket\tests\GoldenTicket.Domain.Tests\bin\Release\net10.0-windows10.0.26100.0\xunit.v3.runner.inproc.console.dll".
         Copying file from "C:\Users\abiem\.nuget\packages\microsoft.testing.extensions.telemetry\1.9.1\lib\net9.0\cs\Microsoft.Testing.Extensions.Telemetry.resources.dll" to "D:\Projects\GoldenTicket\tests\GoldenTicket.Domain.Tests\bin\Release\net10.0-windows10.0.26100.0\cs\Microsoft.Testing.Extensions.Telemetry.resources.dll".
         Copying file from "C:\Users\abiem\.nuget\packages\microsoft.testing.extensions.telemetry\1.9.1\lib\net9.0\de\Microsoft.Testing.Extensions.Telemetry.resources.dll" to "D:\Projects\GoldenTicket\tests\GoldenTicket.Domain.Tests\bin\Release\net10.0-windows10.0.26100.0\de\Microsoft.Testing.Extensions.Telemetry.resources.dll".
         Copying file from "C:\Users\abiem\.nuget\packages\microsoft.testing.extensions.telemetry\1.9.1\lib\net9.0\es\Microsoft.Testing.Extensions.Telemetry.resources.dll" to "D:\Projects\GoldenTicket\tests\GoldenTicket.Domain.Tests\bin\Release\net10.0-windows10.0.26100.0\es\Microsoft.Testing.Extensions.Telemetry.resources.dll".
         Copying file from "C:\Users\abiem\.nuget\packages\microsoft.testing.extensions.telemetry\1.9.1\lib\net9.0\fr\Microsoft.Testing.Extensions.Telemetry.resources.dll" to "D:\Projects\GoldenTicket\tests\GoldenTicket.Domain.Tests\bin\Release\net10.0-windows10.0.26100.0\fr\Microsoft.Testing.Extensions.Telemetry.resources.dll".
         Copying file from "C:\Users\abiem\.nuget\packages\microsoft.testing.extensions.telemetry\1.9.1\lib\net9.0\it\Microsoft.Testing.Extensions.Telemetry.resources.dll" to "D:\Projects\GoldenTicket\tests\GoldenTicket.Domain.Tests\bin\Release\net10.0-windows10.0.26100.0\it\Microsoft.Testing.Extensions.Telemetry.resources.dll".
         Copying file from "C:\Users\abiem\.nuget\packages\microsoft.testing.extensions.telemetry\1.9.1\lib\net9.0\ja\Microsoft.Testing.Extensions.Telemetry.resources.dll" to "D:\Projects\GoldenTicket\tests\GoldenTicket.Domain.Tests\bin\Release\net10.0-windows10.0.26100.0\ja\Microsoft.Testing.Extensions.Telemetry.resources.dll".
         Copying file from "C:\Users\abiem\.nuget\packages\microsoft.testing.extensions.telemetry\1.9.1\lib\net9.0\ko\Microsoft.Testing.Extensions.Telemetry.resources.dll" to "D:\Projects\GoldenTicket\tests\GoldenTicket.Domain.Tests\bin\Release\net10.0-windows10.0.26100.0\ko\Microsoft.Testing.Extensions.Telemetry.resources.dll".
         Copying file from "C:\Users\abiem\.nuget\packages\microsoft.testing.extensions.telemetry\1.9.1\lib\net9.0\pt-BR\Microsoft.Testing.Extensions.Telemetry.resources.dll" to "D:\Projects\GoldenTicket\tests\GoldenTicket.Domain.Tests\bin\Release\net10.0-windows10.0.26100.0\pt-BR\Microsoft.Testing.Extensions.Telemetry.resources.dll".
         Copying file from "C:\Users\abiem\.nuget\packages\microsoft.testing.extensions.telemetry\1.9.1\lib\net9.0\pl\Microsoft.Testing.Extensions.Telemetry.resources.dll" to "D:\Projects\GoldenTicket\tests\GoldenTicket.Domain.Tests\bin\Release\net10.0-windows10.0.26100.0\pl\Microsoft.Testing.Extensions.Telemetry.resources.dll".
         Copying file from "C:\Users\abiem\.nuget\packages\microsoft.testing.extensions.telemetry\1.9.1\lib\net9.0\ru\Microsoft.Testing.Extensions.Telemetry.resources.dll" to "D:\Projects\GoldenTicket\tests\GoldenTicket.Domain.Tests\bin\Release\net10.0-windows10.0.26100.0\ru\Microsoft.Testing.Extensions.Telemetry.resources.dll".
         Copying file from "C:\Users\abiem\.nuget\packages\microsoft.testing.extensions.telemetry\1.9.1\lib\net9.0\zh-Hant\Microsoft.Testing.Extensions.Telemetry.resources.dll" to "D:\Projects\GoldenTicket\tests\GoldenTicket.Domain.Tests\bin\Release\net10.0-windows10.0.26100.0\zh-Hant\Microsoft.Testing.Extensions.Telemetry.resources.dll".
         Copying file from "C:\Users\abiem\.nuget\packages\microsoft.testing.extensions.telemetry\1.9.1\lib\net9.0\tr\Microsoft.Testing.Extensions.Telemetry.resources.dll" to "D:\Projects\GoldenTicket\tests\GoldenTicket.Domain.Tests\bin\Release\net10.0-windows10.0.26100.0\tr\Microsoft.Testing.Extensions.Telemetry.resources.dll".
         Copying file from "C:\Users\abiem\.nuget\packages\microsoft.testing.extensions.telemetry\1.9.1\lib\net9.0\zh-Hans\Microsoft.Testing.Extensions.Telemetry.resources.dll" to "D:\Projects\GoldenTicket\tests\GoldenTicket.Domain.Tests\bin\Release\net10.0-windows10.0.26100.0\zh-Hans\Microsoft.Testing.Extensions.Telemetry.resources.dll".
         Copying file from "C:\Users\abiem\.nuget\packages\microsoft.testing.platform\1.9.1\lib\net9.0\cs\Microsoft.Testing.Platform.resources.dll" to "D:\Projects\GoldenTicket\tests\GoldenTicket.Domain.Tests\bin\Release\net10.0-windows10.0.26100.0\cs\Microsoft.Testing.Platform.resources.dll".
         Copying file from "C:\Users\abiem\.nuget\packages\microsoft.testing.platform\1.9.1\lib\net9.0\de\Microsoft.Testing.Platform.resources.dll" to "D:\Projects\GoldenTicket\tests\GoldenTicket.Domain.Tests\bin\Release\net10.0-windows10.0.26100.0\de\Microsoft.Testing.Platform.resources.dll".
         Copying file from "C:\Users\abiem\.nuget\packages\microsoft.testing.platform\1.9.1\lib\net9.0\es\Microsoft.Testing.Platform.resources.dll" to "D:\Projects\GoldenTicket\tests\GoldenTicket.Domain.Tests\bin\Release\net10.0-windows10.0.26100.0\es\Microsoft.Testing.Platform.resources.dll".
         Copying file from "C:\Users\abiem\.nuget\packages\microsoft.testing.platform\1.9.1\lib\net9.0\fr\Microsoft.Testing.Platform.resources.dll" to "D:\Projects\GoldenTicket\tests\GoldenTicket.Domain.Tests\bin\Release\net10.0-windows10.0.26100.0\fr\Microsoft.Testing.Platform.resources.dll".
         Copying file from "C:\Users\abiem\.nuget\packages\microsoft.testing.platform\1.9.1\lib\net9.0\it\Microsoft.Testing.Platform.resources.dll" to "D:\Projects\GoldenTicket\tests\GoldenTicket.Domain.Tests\bin\Release\net10.0-windows10.0.26100.0\it\Microsoft.Testing.Platform.resources.dll".
         Copying file from "C:\Users\abiem\.nuget\packages\microsoft.testing.platform\1.9.1\lib\net9.0\ja\Microsoft.Testing.Platform.resources.dll" to "D:\Projects\GoldenTicket\tests\GoldenTicket.Domain.Tests\bin\Release\net10.0-windows10.0.26100.0\ja\Microsoft.Testing.Platform.resources.dll".
         Copying file from "C:\Users\abiem\.nuget\packages\microsoft.testing.platform\1.9.1\lib\net9.0\ko\Microsoft.Testing.Platform.resources.dll" to "D:\Projects\GoldenTicket\tests\GoldenTicket.Domain.Tests\bin\Release\net10.0-windows10.0.26100.0\ko\Microsoft.Testing.Platform.resources.dll".
         Copying file from "C:\Users\abiem\.nuget\packages\microsoft.testing.platform\1.9.1\lib\net9.0\pl\Microsoft.Testing.Platform.resources.dll" to "D:\Projects\GoldenTicket\tests\GoldenTicket.Domain.Tests\bin\Release\net10.0-windows10.0.26100.0\pl\Microsoft.Testing.Platform.resources.dll".
         Copying file from "C:\Users\abiem\.nuget\packages\microsoft.testing.platform\1.9.1\lib\net9.0\pt-BR\Microsoft.Testing.Platform.resources.dll" to "D:\Projects\GoldenTicket\tests\GoldenTicket.Domain.Tests\bin\Release\net10.0-windows10.0.26100.0\pt-BR\Microsoft.Testing.Platform.resources.dll".
         Copying file from "C:\Users\abiem\.nuget\packages\microsoft.testing.platform\1.9.1\lib\net9.0\ru\Microsoft.Testing.Platform.resources.dll" to "D:\Projects\GoldenTicket\tests\GoldenTicket.Domain.Tests\bin\Release\net10.0-windows10.0.26100.0\ru\Microsoft.Testing.Platform.resources.dll".
         Copying file from "C:\Users\abiem\.nuget\packages\microsoft.testing.platform\1.9.1\lib\net9.0\tr\Microsoft.Testing.Platform.resources.dll" to "D:\Projects\GoldenTicket\tests\GoldenTicket.Domain.Tests\bin\Release\net10.0-windows10.0.26100.0\tr\Microsoft.Testing.Platform.resources.dll".
         Copying file from "C:\Users\abiem\.nuget\packages\microsoft.testing.platform\1.9.1\lib\net9.0\zh-Hans\Microsoft.Testing.Platform.resources.dll" to "D:\Projects\GoldenTicket\tests\GoldenTicket.Domain.Tests\bin\Release\net10.0-windows10.0.26100.0\zh-Hans\Microsoft.Testing.Platform.resources.dll".
         Copying file from "C:\Users\abiem\.nuget\packages\microsoft.testing.platform\1.9.1\lib\net9.0\zh-Hant\Microsoft.Testing.Platform.resources.dll" to "D:\Projects\GoldenTicket\tests\GoldenTicket.Domain.Tests\bin\Release\net10.0-windows10.0.26100.0\zh-Hant\Microsoft.Testing.Platform.resources.dll".
         Copying file from "C:\Users\abiem\.nuget\packages\microsoft.testing.platform.msbuild\1.9.1\lib\net9.0\cs\Microsoft.Testing.Extensions.MSBuild.resources.dll" to "D:\Projects\GoldenTicket\tests\GoldenTicket.Domain.Tests\bin\Release\net10.0-windows10.0.26100.0\cs\Microsoft.Testing.Extensions.MSBuild.resources.dll".
         Copying file from "C:\Users\abiem\.nuget\packages\microsoft.testing.platform.msbuild\1.9.1\lib\net9.0\de\Microsoft.Testing.Extensions.MSBuild.resources.dll" to "D:\Projects\GoldenTicket\tests\GoldenTicket.Domain.Tests\bin\Release\net10.0-windows10.0.26100.0\de\Microsoft.Testing.Extensions.MSBuild.resources.dll".
         Copying file from "C:\Users\abiem\.nuget\packages\microsoft.testing.platform.msbuild\1.9.1\lib\net9.0\es\Microsoft.Testing.Extensions.MSBuild.resources.dll" to "D:\Projects\GoldenTicket\tests\GoldenTicket.Domain.Tests\bin\Release\net10.0-windows10.0.26100.0\es\Microsoft.Testing.Extensions.MSBuild.resources.dll".
         Copying file from "C:\Users\abiem\.nuget\packages\microsoft.testing.platform.msbuild\1.9.1\lib\net9.0\it\Microsoft.Testing.Extensions.MSBuild.resources.dll" to "D:\Projects\GoldenTicket\tests\GoldenTicket.Domain.Tests\bin\Release\net10.0-windows10.0.26100.0\it\Microsoft.Testing.Extensions.MSBuild.resources.dll".
         Copying file from "C:\Users\abiem\.nuget\packages\microsoft.testing.platform.msbuild\1.9.1\lib\net9.0\fr\Microsoft.Testing.Extensions.MSBuild.resources.dll" to "D:\Projects\GoldenTicket\tests\GoldenTicket.Domain.Tests\bin\Release\net10.0-windows10.0.26100.0\fr\Microsoft.Testing.Extensions.MSBuild.resources.dll".
         Copying file from "C:\Users\abiem\.nuget\packages\microsoft.testing.platform.msbuild\1.9.1\lib\net9.0\ja\Microsoft.Testing.Extensions.MSBuild.resources.dll" to "D:\Projects\GoldenTicket\tests\GoldenTicket.Domain.Tests\bin\Release\net10.0-windows10.0.26100.0\ja\Microsoft.Testing.Extensions.MSBuild.resources.dll".
         Copying file from "C:\Users\abiem\.nuget\packages\microsoft.testing.platform.msbuild\1.9.1\lib\net9.0\ko\Microsoft.Testing.Extensions.MSBuild.resources.dll" to "D:\Projects\GoldenTicket\tests\GoldenTicket.Domain.Tests\bin\Release\net10.0-windows10.0.26100.0\ko\Microsoft.Testing.Extensions.MSBuild.resources.dll".
         Copying file from "C:\Users\abiem\.nuget\packages\microsoft.testing.platform.msbuild\1.9.1\lib\net9.0\pl\Microsoft.Testing.Extensions.MSBuild.resources.dll" to "D:\Projects\GoldenTicket\tests\GoldenTicket.Domain.Tests\bin\Release\net10.0-windows10.0.26100.0\pl\Microsoft.Testing.Extensions.MSBuild.resources.dll".
         Copying file from "C:\Users\abiem\.nuget\packages\microsoft.testing.platform.msbuild\1.9.1\lib\net9.0\pt-BR\Microsoft.Testing.Extensions.MSBuild.resources.dll" to "D:\Projects\GoldenTicket\tests\GoldenTicket.Domain.Tests\bin\Release\net10.0-windows10.0.26100.0\pt-BR\Microsoft.Testing.Extensions.MSBuild.resources.dll".
         Copying file from "C:\Users\abiem\.nuget\packages\microsoft.testing.platform.msbuild\1.9.1\lib\net9.0\ru\Microsoft.Testing.Extensions.MSBuild.resources.dll" to "D:\Projects\GoldenTicket\tests\GoldenTicket.Domain.Tests\bin\Release\net10.0-windows10.0.26100.0\ru\Microsoft.Testing.Extensions.MSBuild.resources.dll".
         Copying file from "C:\Users\abiem\.nuget\packages\microsoft.testing.platform.msbuild\1.9.1\lib\net9.0\zh-Hans\Microsoft.Testing.Extensions.MSBuild.resources.dll" to "D:\Projects\GoldenTicket\tests\GoldenTicket.Domain.Tests\bin\Release\net10.0-windows10.0.26100.0\zh-Hans\Microsoft.Testing.Extensions.MSBuild.resources.dll".
         Copying file from "C:\Users\abiem\.nuget\packages\microsoft.testing.platform.msbuild\1.9.1\lib\net9.0\tr\Microsoft.Testing.Extensions.MSBuild.resources.dll" to "D:\Projects\GoldenTicket\tests\GoldenTicket.Domain.Tests\bin\Release\net10.0-windows10.0.26100.0\tr\Microsoft.Testing.Extensions.MSBuild.resources.dll".
         Copying file from "C:\Users\abiem\.nuget\packages\microsoft.testing.platform.msbuild\1.9.1\lib\net9.0\zh-Hant\Microsoft.Testing.Extensions.MSBuild.resources.dll" to "D:\Projects\GoldenTicket\tests\GoldenTicket.Domain.Tests\bin\Release\net10.0-windows10.0.26100.0\zh-Hant\Microsoft.Testing.Extensions.MSBuild.resources.dll".
         Copying file from "C:\Users\abiem\.nuget\packages\microsoft.testplatform.objectmodel\18.10.0\lib\net8.0\cs\Microsoft.TestPlatform.CoreUtilities.resources.dll" to "D:\Projects\GoldenTicket\tests\GoldenTicket.Domain.Tests\bin\Release\net10.0-windows10.0.26100.0\cs\Microsoft.TestPlatform.CoreUtilities.resources.dll".
         Copying file from "C:\Users\abiem\.nuget\packages\microsoft.testplatform.objectmodel\18.10.0\lib\net8.0\cs\Microsoft.VisualStudio.TestPlatform.ObjectModel.resources.dll" to "D:\Projects\GoldenTicket\tests\GoldenTicket.Domain.Tests\bin\Release\net10.0-windows10.0.26100.0\cs\Microsoft.VisualStudio.TestPlatform.ObjectModel.resources.dll".
         Copying file from "C:\Users\abiem\.nuget\packages\microsoft.testplatform.objectmodel\18.10.0\lib\net8.0\de\Microsoft.TestPlatform.CoreUtilities.resources.dll" to "D:\Projects\GoldenTicket\tests\GoldenTicket.Domain.Tests\bin\Release\net10.0-windows10.0.26100.0\de\Microsoft.TestPlatform.CoreUtilities.resources.dll".
         Copying file from "C:\Users\abiem\.nuget\packages\microsoft.testplatform.objectmodel\18.10.0\lib\net8.0\es\Microsoft.TestPlatform.CoreUtilities.resources.dll" to "D:\Projects\GoldenTicket\tests\GoldenTicket.Domain.Tests\bin\Release\net10.0-windows10.0.26100.0\es\Microsoft.TestPlatform.CoreUtilities.resources.dll".
         Copying file from "C:\Users\abiem\.nuget\packages\microsoft.testplatform.objectmodel\18.10.0\lib\net8.0\fr\Microsoft.VisualStudio.TestPlatform.ObjectModel.resources.dll" to "D:\Projects\GoldenTicket\tests\GoldenTicket.Domain.Tests\bin\Release\net10.0-windows10.0.26100.0\fr\Microsoft.VisualStudio.TestPlatform.ObjectModel.resources.dll".
         Copying file from "C:\Users\abiem\.nuget\packages\microsoft.testplatform.objectmodel\18.10.0\lib\net8.0\de\Microsoft.VisualStudio.TestPlatform.ObjectModel.resources.dll" to "D:\Projects\GoldenTicket\tests\GoldenTicket.Domain.Tests\bin\Release\net10.0-windows10.0.26100.0\de\Microsoft.VisualStudio.TestPlatform.ObjectModel.resources.dll".
         Copying file from "C:\Users\abiem\.nuget\packages\microsoft.testplatform.objectmodel\18.10.0\lib\net8.0\fr\Microsoft.TestPlatform.CoreUtilities.resources.dll" to "D:\Projects\GoldenTicket\tests\GoldenTicket.Domain.Tests\bin\Release\net10.0-windows10.0.26100.0\fr\Microsoft.TestPlatform.CoreUtilities.resources.dll".
         Copying file from "C:\Users\abiem\.nuget\packages\microsoft.testplatform.objectmodel\18.10.0\lib\net8.0\es\Microsoft.VisualStudio.TestPlatform.ObjectModel.resources.dll" to "D:\Projects\GoldenTicket\tests\GoldenTicket.Domain.Tests\bin\Release\net10.0-windows10.0.26100.0\es\Microsoft.VisualStudio.TestPlatform.ObjectModel.resources.dll".
         Copying file from "C:\Users\abiem\.nuget\packages\microsoft.testplatform.objectmodel\18.10.0\lib\net8.0\it\Microsoft.TestPlatform.CoreUtilities.resources.dll" to "D:\Projects\GoldenTicket\tests\GoldenTicket.Domain.Tests\bin\Release\net10.0-windows10.0.26100.0\it\Microsoft.TestPlatform.CoreUtilities.resources.dll".
         Copying file from "C:\Users\abiem\.nuget\packages\microsoft.testplatform.objectmodel\18.10.0\lib\net8.0\ja\Microsoft.TestPlatform.CoreUtilities.resources.dll" to "D:\Projects\GoldenTicket\tests\GoldenTicket.Domain.Tests\bin\Release\net10.0-windows10.0.26100.0\ja\Microsoft.TestPlatform.CoreUtilities.resources.dll".
         Copying file from "C:\Users\abiem\.nuget\packages\microsoft.testplatform.objectmodel\18.10.0\lib\net8.0\it\Microsoft.VisualStudio.TestPlatform.ObjectModel.resources.dll" to "D:\Projects\GoldenTicket\tests\GoldenTicket.Domain.Tests\bin\Release\net10.0-windows10.0.26100.0\it\Microsoft.VisualStudio.TestPlatform.ObjectModel.resources.dll".
         Copying file from "C:\Users\abiem\.nuget\packages\microsoft.testplatform.objectmodel\18.10.0\lib\net8.0\ja\Microsoft.VisualStudio.TestPlatform.ObjectModel.resources.dll" to "D:\Projects\GoldenTicket\tests\GoldenTicket.Domain.Tests\bin\Release\net10.0-windows10.0.26100.0\ja\Microsoft.VisualStudio.TestPlatform.ObjectModel.resources.dll".
         Copying file from "C:\Users\abiem\.nuget\packages\microsoft.testplatform.objectmodel\18.10.0\lib\net8.0\ko\Microsoft.TestPlatform.CoreUtilities.resources.dll" to "D:\Projects\GoldenTicket\tests\GoldenTicket.Domain.Tests\bin\Release\net10.0-windows10.0.26100.0\ko\Microsoft.TestPlatform.CoreUtilities.resources.dll".
         Copying file from "C:\Users\abiem\.nuget\packages\microsoft.testplatform.objectmodel\18.10.0\lib\net8.0\ko\Microsoft.VisualStudio.TestPlatform.ObjectModel.resources.dll" to "D:\Projects\GoldenTicket\tests\GoldenTicket.Domain.Tests\bin\Release\net10.0-windows10.0.26100.0\ko\Microsoft.VisualStudio.TestPlatform.ObjectModel.resources.dll".
         Copying file from "C:\Users\abiem\.nuget\packages\microsoft.testplatform.objectmodel\18.10.0\lib\net8.0\pl\Microsoft.TestPlatform.CoreUtilities.resources.dll" to "D:\Projects\GoldenTicket\tests\GoldenTicket.Domain.Tests\bin\Release\net10.0-windows10.0.26100.0\pl\Microsoft.TestPlatform.CoreUtilities.resources.dll".
         Copying file from "C:\Users\abiem\.nuget\packages\microsoft.testplatform.objectmodel\18.10.0\lib\net8.0\pl\Microsoft.VisualStudio.TestPlatform.ObjectModel.resources.dll" to "D:\Projects\GoldenTicket\tests\GoldenTicket.Domain.Tests\bin\Release\net10.0-windows10.0.26100.0\pl\Microsoft.VisualStudio.TestPlatform.ObjectModel.resources.dll".
         Copying file from "C:\Users\abiem\.nuget\packages\microsoft.testplatform.objectmodel\18.10.0\lib\net8.0\pt-BR\Microsoft.TestPlatform.CoreUtilities.resources.dll" to "D:\Projects\GoldenTicket\tests\GoldenTicket.Domain.Tests\bin\Release\net10.0-windows10.0.26100.0\pt-BR\Microsoft.TestPlatform.CoreUtilities.resources.dll".
         Copying file from "C:\Users\abiem\.nuget\packages\microsoft.testplatform.objectmodel\18.10.0\lib\net8.0\pt-BR\Microsoft.VisualStudio.TestPlatform.ObjectModel.resources.dll" to "D:\Projects\GoldenTicket\tests\GoldenTicket.Domain.Tests\bin\Release\net10.0-windows10.0.26100.0\pt-BR\Microsoft.VisualStudio.TestPlatform.ObjectModel.resources.dll".
         Copying file from "C:\Users\abiem\.nuget\packages\microsoft.testplatform.objectmodel\18.10.0\lib\net8.0\ru\Microsoft.TestPlatform.CoreUtilities.resources.dll" to "D:\Projects\GoldenTicket\tests\GoldenTicket.Domain.Tests\bin\Release\net10.0-windows10.0.26100.0\ru\Microsoft.TestPlatform.CoreUtilities.resources.dll".
         Copying file from "C:\Users\abiem\.nuget\packages\microsoft.testplatform.objectmodel\18.10.0\lib\net8.0\ru\Microsoft.VisualStudio.TestPlatform.ObjectModel.resources.dll" to "D:\Projects\GoldenTicket\tests\GoldenTicket.Domain.Tests\bin\Release\net10.0-windows10.0.26100.0\ru\Microsoft.VisualStudio.TestPlatform.ObjectModel.resources.dll".
         Copying file from "C:\Users\abiem\.nuget\packages\microsoft.testplatform.objectmodel\18.10.0\lib\net8.0\tr\Microsoft.TestPlatform.CoreUtilities.resources.dll" to "D:\Projects\GoldenTicket\tests\GoldenTicket.Domain.Tests\bin\Release\net10.0-windows10.0.26100.0\tr\Microsoft.TestPlatform.CoreUtilities.resources.dll".
         Copying file from "C:\Users\abiem\.nuget\packages\microsoft.testplatform.objectmodel\18.10.0\lib\net8.0\tr\Microsoft.VisualStudio.TestPlatform.ObjectModel.resources.dll" to "D:\Projects\GoldenTicket\tests\GoldenTicket.Domain.Tests\bin\Release\net10.0-windows10.0.26100.0\tr\Microsoft.VisualStudio.TestPlatform.ObjectModel.resources.dll".
         Copying file from "C:\Users\abiem\.nuget\packages\microsoft.testplatform.objectmodel\18.10.0\lib\net8.0\zh-Hans\Microsoft.TestPlatform.CoreUtilities.resources.dll" to "D:\Projects\GoldenTicket\tests\GoldenTicket.Domain.Tests\bin\Release\net10.0-windows10.0.26100.0\zh-Hans\Microsoft.TestPlatform.CoreUtilities.resources.dll".
         Copying file from "C:\Users\abiem\.nuget\packages\microsoft.testplatform.objectmodel\18.10.0\lib\net8.0\zh-Hans\Microsoft.VisualStudio.TestPlatform.ObjectModel.resources.dll" to "D:\Projects\GoldenTicket\tests\GoldenTicket.Domain.Tests\bin\Release\net10.0-windows10.0.26100.0\zh-Hans\Microsoft.VisualStudio.TestPlatform.ObjectModel.resources.dll".
         Copying file from "C:\Users\abiem\.nuget\packages\microsoft.testplatform.objectmodel\18.10.0\lib\net8.0\zh-Hant\Microsoft.TestPlatform.CoreUtilities.resources.dll" to "D:\Projects\GoldenTicket\tests\GoldenTicket.Domain.Tests\bin\Release\net10.0-windows10.0.26100.0\zh-Hant\Microsoft.TestPlatform.CoreUtilities.resources.dll".
         Copying file from "C:\Users\abiem\.nuget\packages\microsoft.testplatform.testhost\18.10.0\lib\net8.0\cs\Microsoft.TestPlatform.CommunicationUtilities.resources.dll" to "D:\Projects\GoldenTicket\tests\GoldenTicket.Domain.Tests\bin\Release\net10.0-windows10.0.26100.0\cs\Microsoft.TestPlatform.CommunicationUtilities.resources.dll".
         Copying file from "C:\Users\abiem\.nuget\packages\microsoft.testplatform.objectmodel\18.10.0\lib\net8.0\zh-Hant\Microsoft.VisualStudio.TestPlatform.ObjectModel.resources.dll" to "D:\Projects\GoldenTicket\tests\GoldenTicket.Domain.Tests\bin\Release\net10.0-windows10.0.26100.0\zh-Hant\Microsoft.VisualStudio.TestPlatform.ObjectModel.resources.dll".
         Copying file from "C:\Users\abiem\.nuget\packages\microsoft.testplatform.testhost\18.10.0\lib\net8.0\cs\Microsoft.TestPlatform.CrossPlatEngine.resources.dll" to "D:\Projects\GoldenTicket\tests\GoldenTicket.Domain.Tests\bin\Release\net10.0-windows10.0.26100.0\cs\Microsoft.TestPlatform.CrossPlatEngine.resources.dll".
         Copying file from "C:\Users\abiem\.nuget\packages\microsoft.testplatform.testhost\18.10.0\lib\net8.0\cs\Microsoft.VisualStudio.TestPlatform.Common.resources.dll" to "D:\Projects\GoldenTicket\tests\GoldenTicket.Domain.Tests\bin\Release\net10.0-windows10.0.26100.0\cs\Microsoft.VisualStudio.TestPlatform.Common.resources.dll".
         Copying file from "C:\Users\abiem\.nuget\packages\microsoft.testplatform.testhost\18.10.0\lib\net8.0\de\Microsoft.TestPlatform.CommunicationUtilities.resources.dll" to "D:\Projects\GoldenTicket\tests\GoldenTicket.Domain.Tests\bin\Release\net10.0-windows10.0.26100.0\de\Microsoft.TestPlatform.CommunicationUtilities.resources.dll".
         Copying file from "C:\Users\abiem\.nuget\packages\microsoft.testplatform.testhost\18.10.0\lib\net8.0\de\Microsoft.TestPlatform.CrossPlatEngine.resources.dll" to "D:\Projects\GoldenTicket\tests\GoldenTicket.Domain.Tests\bin\Release\net10.0-windows10.0.26100.0\de\Microsoft.TestPlatform.CrossPlatEngine.resources.dll".
         Copying file from "C:\Users\abiem\.nuget\packages\microsoft.testplatform.testhost\18.10.0\lib\net8.0\es\Microsoft.TestPlatform.CrossPlatEngine.resources.dll" to "D:\Projects\GoldenTicket\tests\GoldenTicket.Domain.Tests\bin\Release\net10.0-windows10.0.26100.0\es\Microsoft.TestPlatform.CrossPlatEngine.resources.dll".
         Copying file from "C:\Users\abiem\.nuget\packages\microsoft.testplatform.testhost\18.10.0\lib\net8.0\de\Microsoft.VisualStudio.TestPlatform.Common.resources.dll" to "D:\Projects\GoldenTicket\tests\GoldenTicket.Domain.Tests\bin\Release\net10.0-windows10.0.26100.0\de\Microsoft.VisualStudio.TestPlatform.Common.resources.dll".
         Copying file from "C:\Users\abiem\.nuget\packages\microsoft.testplatform.testhost\18.10.0\lib\net8.0\es\Microsoft.TestPlatform.CommunicationUtilities.resources.dll" to "D:\Projects\GoldenTicket\tests\GoldenTicket.Domain.Tests\bin\Release\net10.0-windows10.0.26100.0\es\Microsoft.TestPlatform.CommunicationUtilities.resources.dll".
         Copying file from "C:\Users\abiem\.nuget\packages\microsoft.testplatform.testhost\18.10.0\lib\net8.0\fr\Microsoft.TestPlatform.CommunicationUtilities.resources.dll" to "D:\Projects\GoldenTicket\tests\GoldenTicket.Domain.Tests\bin\Release\net10.0-windows10.0.26100.0\fr\Microsoft.TestPlatform.CommunicationUtilities.resources.dll".
         Copying file from "C:\Users\abiem\.nuget\packages\microsoft.testplatform.testhost\18.10.0\lib\net8.0\es\Microsoft.VisualStudio.TestPlatform.Common.resources.dll" to "D:\Projects\GoldenTicket\tests\GoldenTicket.Domain.Tests\bin\Release\net10.0-windows10.0.26100.0\es\Microsoft.VisualStudio.TestPlatform.Common.resources.dll".
         Copying file from "C:\Users\abiem\.nuget\packages\microsoft.testplatform.testhost\18.10.0\lib\net8.0\fr\Microsoft.VisualStudio.TestPlatform.Common.resources.dll" to "D:\Projects\GoldenTicket\tests\GoldenTicket.Domain.Tests\bin\Release\net10.0-windows10.0.26100.0\fr\Microsoft.VisualStudio.TestPlatform.Common.resources.dll".
         Copying file from "C:\Users\abiem\.nuget\packages\microsoft.testplatform.testhost\18.10.0\lib\net8.0\fr\Microsoft.TestPlatform.CrossPlatEngine.resources.dll" to "D:\Projects\GoldenTicket\tests\GoldenTicket.Domain.Tests\bin\Release\net10.0-windows10.0.26100.0\fr\Microsoft.TestPlatform.CrossPlatEngine.resources.dll".
         Copying file from "C:\Users\abiem\.nuget\packages\microsoft.testplatform.testhost\18.10.0\lib\net8.0\it\Microsoft.TestPlatform.CommunicationUtilities.resources.dll" to "D:\Projects\GoldenTicket\tests\GoldenTicket.Domain.Tests\bin\Release\net10.0-windows10.0.26100.0\it\Microsoft.TestPlatform.CommunicationUtilities.resources.dll".
         Copying file from "C:\Users\abiem\.nuget\packages\microsoft.testplatform.testhost\18.10.0\lib\net8.0\it\Microsoft.TestPlatform.CrossPlatEngine.resources.dll" to "D:\Projects\GoldenTicket\tests\GoldenTicket.Domain.Tests\bin\Release\net10.0-windows10.0.26100.0\it\Microsoft.TestPlatform.CrossPlatEngine.resources.dll".
         Copying file from "C:\Users\abiem\.nuget\packages\microsoft.testplatform.testhost\18.10.0\lib\net8.0\it\Microsoft.VisualStudio.TestPlatform.Common.resources.dll" to "D:\Projects\GoldenTicket\tests\GoldenTicket.Domain.Tests\bin\Release\net10.0-windows10.0.26100.0\it\Microsoft.VisualStudio.TestPlatform.Common.resources.dll".
         Copying file from "C:\Users\abiem\.nuget\packages\microsoft.testplatform.testhost\18.10.0\lib\net8.0\ja\Microsoft.TestPlatform.CommunicationUtilities.resources.dll" to "D:\Projects\GoldenTicket\tests\GoldenTicket.Domain.Tests\bin\Release\net10.0-windows10.0.26100.0\ja\Microsoft.TestPlatform.CommunicationUtilities.resources.dll".
         Copying file from "C:\Users\abiem\.nuget\packages\microsoft.testplatform.testhost\18.10.0\lib\net8.0\ja\Microsoft.TestPlatform.CrossPlatEngine.resources.dll" to "D:\Projects\GoldenTicket\tests\GoldenTicket.Domain.Tests\bin\Release\net10.0-windows10.0.26100.0\ja\Microsoft.TestPlatform.CrossPlatEngine.resources.dll".
         Copying file from "C:\Users\abiem\.nuget\packages\microsoft.testplatform.testhost\18.10.0\lib\net8.0\ko\Microsoft.TestPlatform.CommunicationUtilities.resources.dll" to "D:\Projects\GoldenTicket\tests\GoldenTicket.Domain.Tests\bin\Release\net10.0-windows10.0.26100.0\ko\Microsoft.TestPlatform.CommunicationUtilities.resources.dll".
         Copying file from "C:\Users\abiem\.nuget\packages\microsoft.testplatform.testhost\18.10.0\lib\net8.0\ja\Microsoft.VisualStudio.TestPlatform.Common.resources.dll" to "D:\Projects\GoldenTicket\tests\GoldenTicket.Domain.Tests\bin\Release\net10.0-windows10.0.26100.0\ja\Microsoft.VisualStudio.TestPlatform.Common.resources.dll".
         Copying file from "C:\Users\abiem\.nuget\packages\microsoft.testplatform.testhost\18.10.0\lib\net8.0\ko\Microsoft.TestPlatform.CrossPlatEngine.resources.dll" to "D:\Projects\GoldenTicket\tests\GoldenTicket.Domain.Tests\bin\Release\net10.0-windows10.0.26100.0\ko\Microsoft.TestPlatform.CrossPlatEngine.resources.dll".
         Copying file from "C:\Users\abiem\.nuget\packages\microsoft.testplatform.testhost\18.10.0\lib\net8.0\ko\Microsoft.VisualStudio.TestPlatform.Common.resources.dll" to "D:\Projects\GoldenTicket\tests\GoldenTicket.Domain.Tests\bin\Release\net10.0-windows10.0.26100.0\ko\Microsoft.VisualStudio.TestPlatform.Common.resources.dll".
         Copying file from "C:\Users\abiem\.nuget\packages\microsoft.testplatform.testhost\18.10.0\lib\net8.0\pl\Microsoft.TestPlatform.CommunicationUtilities.resources.dll" to "D:\Projects\GoldenTicket\tests\GoldenTicket.Domain.Tests\bin\Release\net10.0-windows10.0.26100.0\pl\Microsoft.TestPlatform.CommunicationUtilities.resources.dll".
         Copying file from "C:\Users\abiem\.nuget\packages\microsoft.testplatform.testhost\18.10.0\lib\net8.0\pl\Microsoft.TestPlatform.CrossPlatEngine.resources.dll" to "D:\Projects\GoldenTicket\tests\GoldenTicket.Domain.Tests\bin\Release\net10.0-windows10.0.26100.0\pl\Microsoft.TestPlatform.CrossPlatEngine.resources.dll".
         Copying file from "C:\Users\abiem\.nuget\packages\microsoft.testplatform.testhost\18.10.0\lib\net8.0\pt-BR\Microsoft.TestPlatform.CommunicationUtilities.resources.dll" to "D:\Projects\GoldenTicket\tests\GoldenTicket.Domain.Tests\bin\Release\net10.0-windows10.0.26100.0\pt-BR\Microsoft.TestPlatform.CommunicationUtilities.resources.dll".
         Copying file from "C:\Users\abiem\.nuget\packages\microsoft.testplatform.testhost\18.10.0\lib\net8.0\pl\Microsoft.VisualStudio.TestPlatform.Common.resources.dll" to "D:\Projects\GoldenTicket\tests\GoldenTicket.Domain.Tests\bin\Release\net10.0-windows10.0.26100.0\pl\Microsoft.VisualStudio.TestPlatform.Common.resources.dll".
         Copying file from "C:\Users\abiem\.nuget\packages\microsoft.testplatform.testhost\18.10.0\lib\net8.0\pt-BR\Microsoft.TestPlatform.CrossPlatEngine.resources.dll" to "D:\Projects\GoldenTicket\tests\GoldenTicket.Domain.Tests\bin\Release\net10.0-windows10.0.26100.0\pt-BR\Microsoft.TestPlatform.CrossPlatEngine.resources.dll".
         Copying file from "C:\Users\abiem\.nuget\packages\microsoft.testplatform.testhost\18.10.0\lib\net8.0\pt-BR\Microsoft.VisualStudio.TestPlatform.Common.resources.dll" to "D:\Projects\GoldenTicket\tests\GoldenTicket.Domain.Tests\bin\Release\net10.0-windows10.0.26100.0\pt-BR\Microsoft.VisualStudio.TestPlatform.Common.resources.dll".
         Copying file from "C:\Users\abiem\.nuget\packages\microsoft.testplatform.testhost\18.10.0\lib\net8.0\ru\Microsoft.TestPlatform.CommunicationUtilities.resources.dll" to "D:\Projects\GoldenTicket\tests\GoldenTicket.Domain.Tests\bin\Release\net10.0-windows10.0.26100.0\ru\Microsoft.TestPlatform.CommunicationUtilities.resources.dll".
         Copying file from "C:\Users\abiem\.nuget\packages\microsoft.testplatform.testhost\18.10.0\lib\net8.0\ru\Microsoft.TestPlatform.CrossPlatEngine.resources.dll" to "D:\Projects\GoldenTicket\tests\GoldenTicket.Domain.Tests\bin\Release\net10.0-windows10.0.26100.0\ru\Microsoft.TestPlatform.CrossPlatEngine.resources.dll".
         Copying file from "C:\Users\abiem\.nuget\packages\microsoft.testplatform.testhost\18.10.0\lib\net8.0\tr\Microsoft.TestPlatform.CommunicationUtilities.resources.dll" to "D:\Projects\GoldenTicket\tests\GoldenTicket.Domain.Tests\bin\Release\net10.0-windows10.0.26100.0\tr\Microsoft.TestPlatform.CommunicationUtilities.resources.dll".
         Copying file from "C:\Users\abiem\.nuget\packages\microsoft.testplatform.testhost\18.10.0\lib\net8.0\ru\Microsoft.VisualStudio.TestPlatform.Common.resources.dll" to "D:\Projects\GoldenTicket\tests\GoldenTicket.Domain.Tests\bin\Release\net10.0-windows10.0.26100.0\ru\Microsoft.VisualStudio.TestPlatform.Common.resources.dll".
         Copying file from "C:\Users\abiem\.nuget\packages\microsoft.testplatform.testhost\18.10.0\lib\net8.0\tr\Microsoft.TestPlatform.CrossPlatEngine.resources.dll" to "D:\Projects\GoldenTicket\tests\GoldenTicket.Domain.Tests\bin\Release\net10.0-windows10.0.26100.0\tr\Microsoft.TestPlatform.CrossPlatEngine.resources.dll".
         Copying file from "C:\Users\abiem\.nuget\packages\microsoft.testplatform.testhost\18.10.0\lib\net8.0\tr\Microsoft.VisualStudio.TestPlatform.Common.resources.dll" to "D:\Projects\GoldenTicket\tests\GoldenTicket.Domain.Tests\bin\Release\net10.0-windows10.0.26100.0\tr\Microsoft.VisualStudio.TestPlatform.Common.resources.dll".
         Copying file from "C:\Users\abiem\.nuget\packages\microsoft.testplatform.testhost\18.10.0\lib\net8.0\zh-Hans\Microsoft.TestPlatform.CrossPlatEngine.resources.dll" to "D:\Projects\GoldenTicket\tests\GoldenTicket.Domain.Tests\bin\Release\net10.0-windows10.0.26100.0\zh-Hans\Microsoft.TestPlatform.CrossPlatEngine.resources.dll".
         Copying file from "C:\Users\abiem\.nuget\packages\microsoft.testplatform.testhost\18.10.0\lib\net8.0\zh-Hans\Microsoft.TestPlatform.CommunicationUtilities.resources.dll" to "D:\Projects\GoldenTicket\tests\GoldenTicket.Domain.Tests\bin\Release\net10.0-windows10.0.26100.0\zh-Hans\Microsoft.TestPlatform.CommunicationUtilities.resources.dll".
         Copying file from "C:\Users\abiem\.nuget\packages\microsoft.testplatform.testhost\18.10.0\lib\net8.0\zh-Hans\Microsoft.VisualStudio.TestPlatform.Common.resources.dll" to "D:\Projects\GoldenTicket\tests\GoldenTicket.Domain.Tests\bin\Release\net10.0-windows10.0.26100.0\zh-Hans\Microsoft.VisualStudio.TestPlatform.Common.resources.dll".
         Copying file from "C:\Users\abiem\.nuget\packages\microsoft.testplatform.testhost\18.10.0\lib\net8.0\zh-Hant\Microsoft.TestPlatform.CommunicationUtilities.resources.dll" to "D:\Projects\GoldenTicket\tests\GoldenTicket.Domain.Tests\bin\Release\net10.0-windows10.0.26100.0\zh-Hant\Microsoft.TestPlatform.CommunicationUtilities.resources.dll".
         Copying file from "C:\Users\abiem\.nuget\packages\microsoft.testplatform.testhost\18.10.0\lib\net8.0\zh-Hant\Microsoft.TestPlatform.CrossPlatEngine.resources.dll" to "D:\Projects\GoldenTicket\tests\GoldenTicket.Domain.Tests\bin\Release\net10.0-windows10.0.26100.0\zh-Hant\Microsoft.TestPlatform.CrossPlatEngine.resources.dll".
         Copying file from "C:\Users\abiem\.nuget\packages\microsoft.testplatform.testhost\18.10.0\lib\net8.0\zh-Hant\Microsoft.VisualStudio.TestPlatform.Common.resources.dll" to "D:\Projects\GoldenTicket\tests\GoldenTicket.Domain.Tests\bin\Release\net10.0-windows10.0.26100.0\zh-Hant\Microsoft.VisualStudio.TestPlatform.Common.resources.dll".
         Copying file from "C:\Users\abiem\.nuget\packages\sqlitepclraw.lib.e_sqlite3\2.1.12\runtimes\browser-wasm\nativeassets\net9.0\e_sqlite3.a" to "D:\Projects\GoldenTicket\tests\GoldenTicket.Domain.Tests\bin\Release\net10.0-windows10.0.26100.0\runtimes\browser-wasm\nativeassets\net9.0\e_sqlite3.a".
         Copying file from "C:\Users\abiem\.nuget\packages\sqlitepclraw.lib.e_sqlite3\2.1.12\runtimes\linux-arm64\native\libe_sqlite3.so" to "D:\Projects\GoldenTicket\tests\GoldenTicket.Domain.Tests\bin\Release\net10.0-windows10.0.26100.0\runtimes\linux-arm64\native\libe_sqlite3.so".
         Copying file from "C:\Users\abiem\.nuget\packages\sqlitepclraw.lib.e_sqlite3\2.1.12\runtimes\linux-arm\native\libe_sqlite3.so" to "D:\Projects\GoldenTicket\tests\GoldenTicket.Domain.Tests\bin\Release\net10.0-windows10.0.26100.0\runtimes\linux-arm\native\libe_sqlite3.so".
         Copying file from "C:\Users\abiem\.nuget\packages\sqlitepclraw.lib.e_sqlite3\2.1.12\runtimes\linux-armel\native\libe_sqlite3.so" to "D:\Projects\GoldenTicket\tests\GoldenTicket.Domain.Tests\bin\Release\net10.0-windows10.0.26100.0\runtimes\linux-armel\native\libe_sqlite3.so".
         Copying file from "C:\Users\abiem\.nuget\packages\sqlitepclraw.lib.e_sqlite3\2.1.12\runtimes\linux-mips64\native\libe_sqlite3.so" to "D:\Projects\GoldenTicket\tests\GoldenTicket.Domain.Tests\bin\Release\net10.0-windows10.0.26100.0\runtimes\linux-mips64\native\libe_sqlite3.so".
         Copying file from "C:\Users\abiem\.nuget\packages\sqlitepclraw.lib.e_sqlite3\2.1.12\runtimes\linux-musl-arm\native\libe_sqlite3.so" to "D:\Projects\GoldenTicket\tests\GoldenTicket.Domain.Tests\bin\Release\net10.0-windows10.0.26100.0\runtimes\linux-musl-arm\native\libe_sqlite3.so".
         Copying file from "C:\Users\abiem\.nuget\packages\sqlitepclraw.lib.e_sqlite3\2.1.12\runtimes\linux-musl-arm64\native\libe_sqlite3.so" to "D:\Projects\GoldenTicket\tests\GoldenTicket.Domain.Tests\bin\Release\net10.0-windows10.0.26100.0\runtimes\linux-musl-arm64\native\libe_sqlite3.so".
         Copying file from "C:\Users\abiem\.nuget\packages\sqlitepclraw.lib.e_sqlite3\2.1.12\runtimes\linux-musl-riscv64\native\libe_sqlite3.so" to "D:\Projects\GoldenTicket\tests\GoldenTicket.Domain.Tests\bin\Release\net10.0-windows10.0.26100.0\runtimes\linux-musl-riscv64\native\libe_sqlite3.so".
         Copying file from "C:\Users\abiem\.nuget\packages\sqlitepclraw.lib.e_sqlite3\2.1.12\runtimes\linux-musl-s390x\native\libe_sqlite3.so" to "D:\Projects\GoldenTicket\tests\GoldenTicket.Domain.Tests\bin\Release\net10.0-windows10.0.26100.0\runtimes\linux-musl-s390x\native\libe_sqlite3.so".
         Copying file from "C:\Users\abiem\.nuget\packages\sqlitepclraw.lib.e_sqlite3\2.1.12\runtimes\linux-musl-x64\native\libe_sqlite3.so" to "D:\Projects\GoldenTicket\tests\GoldenTicket.Domain.Tests\bin\Release\net10.0-windows10.0.26100.0\runtimes\linux-musl-x64\native\libe_sqlite3.so".
         Copying file from "C:\Users\abiem\.nuget\packages\sqlitepclraw.lib.e_sqlite3\2.1.12\runtimes\linux-ppc64le\native\libe_sqlite3.so" to "D:\Projects\GoldenTicket\tests\GoldenTicket.Domain.Tests\bin\Release\net10.0-windows10.0.26100.0\runtimes\linux-ppc64le\native\libe_sqlite3.so".
         Copying file from "C:\Users\abiem\.nuget\packages\sqlitepclraw.lib.e_sqlite3\2.1.12\runtimes\linux-riscv64\native\libe_sqlite3.so" to "D:\Projects\GoldenTicket\tests\GoldenTicket.Domain.Tests\bin\Release\net10.0-windows10.0.26100.0\runtimes\linux-riscv64\native\libe_sqlite3.so".
         Copying file from "C:\Users\abiem\.nuget\packages\sqlitepclraw.lib.e_sqlite3\2.1.12\runtimes\linux-s390x\native\libe_sqlite3.so" to "D:\Projects\GoldenTicket\tests\GoldenTicket.Domain.Tests\bin\Release\net10.0-windows10.0.26100.0\runtimes\linux-s390x\native\libe_sqlite3.so".
         Copying file from "C:\Users\abiem\.nuget\packages\sqlitepclraw.lib.e_sqlite3\2.1.12\runtimes\linux-x64\native\libe_sqlite3.so" to "D:\Projects\GoldenTicket\tests\GoldenTicket.Domain.Tests\bin\Release\net10.0-windows10.0.26100.0\runtimes\linux-x64\native\libe_sqlite3.so".
         Copying file from "C:\Users\abiem\.nuget\packages\sqlitepclraw.lib.e_sqlite3\2.1.12\runtimes\linux-x86\native\libe_sqlite3.so" to "D:\Projects\GoldenTicket\tests\GoldenTicket.Domain.Tests\bin\Release\net10.0-windows10.0.26100.0\runtimes\linux-x86\native\libe_sqlite3.so".
         Copying file from "C:\Users\abiem\.nuget\packages\sqlitepclraw.lib.e_sqlite3\2.1.12\runtimes\maccatalyst-arm64\native\libe_sqlite3.dylib" to "D:\Projects\GoldenTicket\tests\GoldenTicket.Domain.Tests\bin\Release\net10.0-windows10.0.26100.0\runtimes\maccatalyst-arm64\native\libe_sqlite3.dylib".
         Copying file from "C:\Users\abiem\.nuget\packages\sqlitepclraw.lib.e_sqlite3\2.1.12\runtimes\maccatalyst-x64\native\libe_sqlite3.dylib" to "D:\Projects\GoldenTicket\tests\GoldenTicket.Domain.Tests\bin\Release\net10.0-windows10.0.26100.0\runtimes\maccatalyst-x64\native\libe_sqlite3.dylib".
         Copying file from "C:\Users\abiem\.nuget\packages\sqlitepclraw.lib.e_sqlite3\2.1.12\runtimes\osx-arm64\native\libe_sqlite3.dylib" to "D:\Projects\GoldenTicket\tests\GoldenTicket.Domain.Tests\bin\Release\net10.0-windows10.0.26100.0\runtimes\osx-arm64\native\libe_sqlite3.dylib".
         Copying file from "C:\Users\abiem\.nuget\packages\sqlitepclraw.lib.e_sqlite3\2.1.12\runtimes\osx-x64\native\libe_sqlite3.dylib" to "D:\Projects\GoldenTicket\tests\GoldenTicket.Domain.Tests\bin\Release\net10.0-windows10.0.26100.0\runtimes\osx-x64\native\libe_sqlite3.dylib".
         Copying file from "C:\Users\abiem\.nuget\packages\sqlitepclraw.lib.e_sqlite3\2.1.12\runtimes\win-arm64\native\e_sqlite3.dll" to "D:\Projects\GoldenTicket\tests\GoldenTicket.Domain.Tests\bin\Release\net10.0-windows10.0.26100.0\runtimes\win-arm64\native\e_sqlite3.dll".
         Copying file from "C:\Users\abiem\.nuget\packages\sqlitepclraw.lib.e_sqlite3\2.1.12\runtimes\win-x64\native\e_sqlite3.dll" to "D:\Projects\GoldenTicket\tests\GoldenTicket.Domain.Tests\bin\Release\net10.0-windows10.0.26100.0\runtimes\win-x64\native\e_sqlite3.dll".
         Copying file from "C:\Users\abiem\.nuget\packages\sqlitepclraw.lib.e_sqlite3\2.1.12\runtimes\win-x86\native\e_sqlite3.dll" to "D:\Projects\GoldenTicket\tests\GoldenTicket.Domain.Tests\bin\Release\net10.0-windows10.0.26100.0\runtimes\win-x86\native\e_sqlite3.dll".
         Copying file from "C:\Users\abiem\.nuget\packages\microsoft.windows.sdk.net.ref\10.0.26100.57\lib\net8.0\Microsoft.Windows.SDK.NET.dll" to "D:\Projects\GoldenTicket\tests\GoldenTicket.Domain.Tests\bin\Release\net10.0-windows10.0.26100.0\Microsoft.Windows.SDK.NET.dll".
         Copying file from "C:\Users\abiem\.nuget\packages\microsoft.windows.sdk.net.ref\10.0.26100.57\lib\net8.0\WinRT.Runtime.dll" to "D:\Projects\GoldenTicket\tests\GoldenTicket.Domain.Tests\bin\Release\net10.0-windows10.0.26100.0\WinRT.Runtime.dll".
         Copying file from "D:\Projects\GoldenTicket\src\GoldenTicket.AI\bin\Release\net10.0\GoldenTicket.AI.dll" to "D:\Projects\GoldenTicket\tests\GoldenTicket.Domain.Tests\bin\Release\net10.0-windows10.0.26100.0\GoldenTicket.AI.dll".
         Copying file from "D:\Projects\GoldenTicket\src\GoldenTicket.Application\bin\Release\net10.0\GoldenTicket.Application.dll" to "D:\Projects\GoldenTicket\tests\GoldenTicket.Domain.Tests\bin\Release\net10.0-windows10.0.26100.0\GoldenTicket.Application.dll".
         Copying file from "D:\Projects\GoldenTicket\src\GoldenTicket.Desktop\bin\Release\net10.0-windows10.0.26100.0\win-x64\GoldenTicket.dll" to "D:\Projects\GoldenTicket\tests\GoldenTicket.Domain.Tests\bin\Release\net10.0-windows10.0.26100.0\GoldenTicket.dll".
         Copying file from "D:\Projects\GoldenTicket\src\GoldenTicket.Domain\bin\Release\net10.0\GoldenTicket.Domain.dll" to "D:\Projects\GoldenTicket\tests\GoldenTicket.Domain.Tests\bin\Release\net10.0-windows10.0.26100.0\GoldenTicket.Domain.dll".
         Copying file from "D:\Projects\GoldenTicket\src\GoldenTicket.Persistence\bin\Release\net10.0\GoldenTicket.Persistence.dll" to "D:\Projects\GoldenTicket\tests\GoldenTicket.Domain.Tests\bin\Release\net10.0-windows10.0.26100.0\GoldenTicket.Persistence.dll".
         Copying file from "D:\Projects\GoldenTicket\tools\GoldenTicket.Simulator\bin\Release\net10.0\GoldenTicket.Simulator.dll" to "D:\Projects\GoldenTicket\tests\GoldenTicket.Domain.Tests\bin\Release\net10.0-windows10.0.26100.0\GoldenTicket.Simulator.dll".
         Copying file from "D:\Projects\GoldenTicket\src\GoldenTicket.Domain\bin\Release\net10.0\GoldenTicket.Domain.pdb" to "D:\Projects\GoldenTicket\tests\GoldenTicket.Domain.Tests\bin\Release\net10.0-windows10.0.26100.0\GoldenTicket.Domain.pdb".
         Copying file from "D:\Projects\GoldenTicket\src\GoldenTicket.Application\bin\Release\net10.0\GoldenTicket.Application.pdb" to "D:\Projects\GoldenTicket\tests\GoldenTicket.Domain.Tests\bin\Release\net10.0-windows10.0.26100.0\GoldenTicket.Application.pdb".
         Copying file from "D:\Projects\GoldenTicket\src\GoldenTicket.AI\bin\Release\net10.0\GoldenTicket.AI.pdb" to "D:\Projects\GoldenTicket\tests\GoldenTicket.Domain.Tests\bin\Release\net10.0-windows10.0.26100.0\GoldenTicket.AI.pdb".
         Copying file from "D:\Projects\GoldenTicket\src\GoldenTicket.Persistence\bin\Release\net10.0\GoldenTicket.Persistence.pdb" to "D:\Projects\GoldenTicket\tests\GoldenTicket.Domain.Tests\bin\Release\net10.0-windows10.0.26100.0\GoldenTicket.Persistence.pdb".
         Copying file from "D:\Projects\GoldenTicket\tools\GoldenTicket.Simulator\bin\Release\net10.0\GoldenTicket.Simulator.pdb" to "D:\Projects\GoldenTicket\tests\GoldenTicket.Domain.Tests\bin\Release\net10.0-windows10.0.26100.0\GoldenTicket.Simulator.pdb".
         Copying file from "D:\Projects\GoldenTicket\src\GoldenTicket.Desktop\bin\Release\net10.0-windows10.0.26100.0\win-x64\GoldenTicket.pdb" to "D:\Projects\GoldenTicket\tests\GoldenTicket.Domain.Tests\bin\Release\net10.0-windows10.0.26100.0\GoldenTicket.pdb".
         Creating "D:\Projects\GoldenTicket\tests\GoldenTicket.Domain.Tests\obj\Release\net10.0-windows10.0.26100.0\GoldenTi.582B12E2.Up2Date" because "AlwaysCreate" was specified.
         Touching "D:\Projects\GoldenTicket\tests\GoldenTicket.Domain.Tests\obj\Release\net10.0-windows10.0.26100.0\GoldenTi.582B12E2.Up2Date".
       _CopyOutOfDateSourceItemsToOutputDirectory:
       Building target "_CopyOutOfDateSourceItemsToOutputDirectory" partially, because some output files are out of date with respect to their input files.
         Copying file from "D:\Projects\GoldenTicket\src\GoldenTicket.Desktop\bin\Release\net10.0-windows10.0.26100.0\win-x64\GoldenTicket.runtimeconfig.json" to "D:\Projects\GoldenTicket\tests\GoldenTicket.Domain.Tests\bin\Release\net10.0-windows10.0.26100.0\GoldenTicket.runtimeconfig.json".
         Copying file from "D:\Projects\GoldenTicket\tools\GoldenTicket.Simulator\bin\Release\net10.0\GoldenTicket.Simulator.runtimeconfig.json" to "D:\Projects\GoldenTicket\tests\GoldenTicket.Domain.Tests\bin\Release\net10.0-windows10.0.26100.0\GoldenTicket.Simulator.runtimeconfig.json".
         Copying file from "D:\Projects\GoldenTicket\data\classic-us\classic-us-v1.json" to "D:\Projects\GoldenTicket\tests\GoldenTicket.Domain.Tests\bin\Release\net10.0-windows10.0.26100.0\data\classic-us\classic-us-v1.json".
         Copying file from "D:\Projects\GoldenTicket\tools\GoldenTicket.Simulator\bin\Release\net10.0\GoldenTicket.Simulator.deps.json" to "D:\Projects\GoldenTicket\tests\GoldenTicket.Domain.Tests\bin\Release\net10.0-windows10.0.26100.0\GoldenTicket.Simulator.deps.json".
         Copying file from "D:\Projects\GoldenTicket\tools\GoldenTicket.Simulator\obj\Release\net10.0\apphost.exe" to "D:\Projects\GoldenTicket\tests\GoldenTicket.Domain.Tests\bin\Release\net10.0-windows10.0.26100.0\GoldenTicket.Simulator.exe".
         Copying file from "D:\Projects\GoldenTicket\src\GoldenTicket.Desktop\bin\Release\net10.0-windows10.0.26100.0\win-x64\GoldenTicket.deps.json" to "D:\Projects\GoldenTicket\tests\GoldenTicket.Domain.Tests\bin\Release\net10.0-windows10.0.26100.0\GoldenTicket.deps.json".
         Copying file from "D:\Projects\GoldenTicket\src\GoldenTicket.Desktop\obj\Release\net10.0-windows10.0.26100.0\win-x64\apphost.exe" to "D:\Projects\GoldenTicket\tests\GoldenTicket.Domain.Tests\bin\Release\net10.0-windows10.0.26100.0\GoldenTicket.exe".
         Copying file from "C:\Users\abiem\.nuget\packages\microsoft.testplatform.testhost\18.10.0\build\net8.0\x64\testhost.exe" to "D:\Projects\GoldenTicket\tests\GoldenTicket.Domain.Tests\bin\Release\net10.0-windows10.0.26100.0\testhost.exe".
         Copying file from "C:\Users\abiem\.nuget\packages\xunit.runner.visualstudio\3.1.5\build\net8.0\xunit.abstractions.dll" to "D:\Projects\GoldenTicket\tests\GoldenTicket.Domain.Tests\bin\Release\net10.0-windows10.0.26100.0\xunit.abstractions.dll".
         Copying file from "C:\Users\abiem\.nuget\packages\xunit.runner.visualstudio\3.1.5\build\net8.0\xunit.runner.visualstudio.testadapter.dll" to "D:\Projects\GoldenTicket\tests\GoldenTicket.Domain.Tests\bin\Release\net10.0-windows10.0.26100.0\xunit.runner.visualstudio.testadapter.dll".
         Copying file from "D:\Projects\GoldenTicket\tests\GoldenTicket.Domain.Tests\obj\Release\net10.0-windows10.0.26100.0\apphost.exe" to "D:\Projects\GoldenTicket\tests\GoldenTicket.Domain.Tests\bin\Release\net10.0-windows10.0.26100.0\GoldenTicket.Domain.Tests.exe".
       CopyFilesToOutputDirectory:
         Copying file from "D:\Projects\GoldenTicket\tests\GoldenTicket.Domain.Tests\obj\Release\net10.0-windows10.0.26100.0\GoldenTicket.Domain.Tests.dll" to "D:\Projects\GoldenTicket\tests\GoldenTicket.Domain.Tests\bin\Release\net10.0-windows10.0.26100.0\GoldenTicket.Domain.Tests.dll".
         Copying reference assembly from "obj\Release\net10.0-windows10.0.26100.0\refint\GoldenTicket.Domain.Tests.dll" to "D:\Projects\GoldenTicket\tests\GoldenTicket.Domain.Tests\obj\Release\net10.0-windows10.0.26100.0\ref\GoldenTicket.Domain.Tests.dll".
         GoldenTicket.Domain.Tests -> D:\Projects\GoldenTicket\tests\GoldenTicket.Domain.Tests\bin\Release\net10.0-windows10.0.26100.0\GoldenTicket.Domain.Tests.dll
         Copying file from "D:\Projects\GoldenTicket\tests\GoldenTicket.Domain.Tests\obj\Release\net10.0-windows10.0.26100.0\GoldenTicket.Domain.Tests.pdb" to "D:\Projects\GoldenTicket\tests\GoldenTicket.Domain.Tests\bin\Release\net10.0-windows10.0.26100.0\GoldenTicket.Domain.Tests.pdb".
     6>Done Building Project "D:\Projects\GoldenTicket\tests\GoldenTicket.Domain.Tests\GoldenTicket.Domain.Tests.csproj" (Rebuild target(s)).
     1>Done Building Project "D:\Projects\GoldenTicket\GoldenTicket.sln" (Rebuild target(s)).

Build succeeded.

       "D:\Projects\GoldenTicket\GoldenTicket.sln" (Rebuild target) (1) ->
       "D:\Projects\GoldenTicket\tests\GoldenTicket.Domain.Tests\GoldenTicket.Domain.Tests.csproj" (Rebuild target) (6) ->
       (CoreCompile target) -> 
         D:\Projects\GoldenTicket\tests\GoldenTicket.Domain.Tests\PropertyTests.cs(24,28): warning xUnit1051: Calls to methods which accept CancellationToken should use TestContext.Current.CancellationToken to allow test cancellation to be more responsive. (https://xunit.net/xunit.analyzers/rules/xUnit1051) [D:\Projects\GoldenTicket\tests\GoldenTicket.Domain.Tests\GoldenTicket.Domain.Tests.csproj]
         D:\Projects\GoldenTicket\tests\GoldenTicket.Domain.Tests\ApplicationAuditTests.cs(38,28): warning xUnit1051: Calls to methods which accept CancellationToken should use TestContext.Current.CancellationToken to allow test cancellation to be more responsive. (https://xunit.net/xunit.analyzers/rules/xUnit1051) [D:\Projects\GoldenTicket\tests\GoldenTicket.Domain.Tests\GoldenTicket.Domain.Tests.csproj]
         D:\Projects\GoldenTicket\tests\GoldenTicket.Domain.Tests\ApplicationAuditTests.cs(41,28): warning xUnit1051: Calls to methods which accept CancellationToken should use TestContext.Current.CancellationToken to allow test cancellation to be more responsive. (https://xunit.net/xunit.analyzers/rules/xUnit1051) [D:\Projects\GoldenTicket\tests\GoldenTicket.Domain.Tests\GoldenTicket.Domain.Tests.csproj]
         D:\Projects\GoldenTicket\tests\GoldenTicket.Domain.Tests\ApplicationAuditTests.cs(58,28): warning xUnit1051: Calls to methods which accept CancellationToken should use TestContext.Current.CancellationToken to allow test cancellation to be more responsive. (https://xunit.net/xunit.analyzers/rules/xUnit1051) [D:\Projects\GoldenTicket\tests\GoldenTicket.Domain.Tests\GoldenTicket.Domain.Tests.csproj]
         D:\Projects\GoldenTicket\tests\GoldenTicket.Domain.Tests\ApplicationAuditTests.cs(62,53): warning xUnit1051: Calls to methods which accept CancellationToken should use TestContext.Current.CancellationToken to allow test cancellation to be more responsive. (https://xunit.net/xunit.analyzers/rules/xUnit1051) [D:\Projects\GoldenTicket\tests\GoldenTicket.Domain.Tests\GoldenTicket.Domain.Tests.csproj]
         D:\Projects\GoldenTicket\tests\GoldenTicket.Domain.Tests\PersistenceTests.cs(53,33): warning xUnit1051: Calls to methods which accept CancellationToken should use TestContext.Current.CancellationToken to allow test cancellation to be more responsive. (https://xunit.net/xunit.analyzers/rules/xUnit1051) [D:\Projects\GoldenTicket\tests\GoldenTicket.Domain.Tests\GoldenTicket.Domain.Tests.csproj]
         D:\Projects\GoldenTicket\tests\GoldenTicket.Domain.Tests\PersistenceTests.cs(57,15): warning xUnit1051: Calls to methods which accept CancellationToken should use TestContext.Current.CancellationToken to allow test cancellation to be more responsive. (https://xunit.net/xunit.analyzers/rules/xUnit1051) [D:\Projects\GoldenTicket\tests\GoldenTicket.Domain.Tests\GoldenTicket.Domain.Tests.csproj]
         D:\Projects\GoldenTicket\tests\GoldenTicket.Domain.Tests\PersistenceTests.cs(59,32): warning xUnit1051: Calls to methods which accept CancellationToken should use TestContext.Current.CancellationToken to allow test cancellation to be more responsive. (https://xunit.net/xunit.analyzers/rules/xUnit1051) [D:\Projects\GoldenTicket\tests\GoldenTicket.Domain.Tests\GoldenTicket.Domain.Tests.csproj]
         D:\Projects\GoldenTicket\tests\GoldenTicket.Domain.Tests\PersistenceTests.cs(63,30): warning xUnit1051: Calls to methods which accept CancellationToken should use TestContext.Current.CancellationToken to allow test cancellation to be more responsive. (https://xunit.net/xunit.analyzers/rules/xUnit1051) [D:\Projects\GoldenTicket\tests\GoldenTicket.Domain.Tests\GoldenTicket.Domain.Tests.csproj]
         D:\Projects\GoldenTicket\tests\GoldenTicket.Domain.Tests\ApplicationAuditTests.cs(64,36): warning xUnit1051: Calls to methods which accept CancellationToken should use TestContext.Current.CancellationToken to allow test cancellation to be more responsive. (https://xunit.net/xunit.analyzers/rules/xUnit1051) [D:\Projects\GoldenTicket\tests\GoldenTicket.Domain.Tests\GoldenTicket.Domain.Tests.csproj]
         D:\Projects\GoldenTicket\tests\GoldenTicket.Domain.Tests\ApplicationAuditTests.cs(65,47): warning xUnit1051: Calls to methods which accept CancellationToken should use TestContext.Current.CancellationToken to allow test cancellation to be more responsive. (https://xunit.net/xunit.analyzers/rules/xUnit1051) [D:\Projects\GoldenTicket\tests\GoldenTicket.Domain.Tests\GoldenTicket.Domain.Tests.csproj]
         D:\Projects\GoldenTicket\tests\GoldenTicket.Domain.Tests\PersistenceTests.cs(65,40): warning xUnit1051: Calls to methods which accept CancellationToken should use TestContext.Current.CancellationToken to allow test cancellation to be more responsive. (https://xunit.net/xunit.analyzers/rules/xUnit1051) [D:\Projects\GoldenTicket\tests\GoldenTicket.Domain.Tests\GoldenTicket.Domain.Tests.csproj]
         D:\Projects\GoldenTicket\tests\GoldenTicket.Domain.Tests\ApplicationAuditTests.cs(69,30): warning xUnit1051: Calls to methods which accept CancellationToken should use TestContext.Current.CancellationToken to allow test cancellation to be more responsive. (https://xunit.net/xunit.analyzers/rules/xUnit1051) [D:\Projects\GoldenTicket\tests\GoldenTicket.Domain.Tests\GoldenTicket.Domain.Tests.csproj]
         D:\Projects\GoldenTicket\tests\GoldenTicket.Domain.Tests\ApplicationAuditTests.cs(71,27): warning xUnit1051: Calls to methods which accept CancellationToken should use TestContext.Current.CancellationToken to allow test cancellation to be more responsive. (https://xunit.net/xunit.analyzers/rules/xUnit1051) [D:\Projects\GoldenTicket\tests\GoldenTicket.Domain.Tests\GoldenTicket.Domain.Tests.csproj]
         D:\Projects\GoldenTicket\tests\GoldenTicket.Domain.Tests\PersistenceTests.cs(67,28): warning xUnit1051: Calls to methods which accept CancellationToken should use TestContext.Current.CancellationToken to allow test cancellation to be more responsive. (https://xunit.net/xunit.analyzers/rules/xUnit1051) [D:\Projects\GoldenTicket\tests\GoldenTicket.Domain.Tests\GoldenTicket.Domain.Tests.csproj]
         D:\Projects\GoldenTicket\tests\GoldenTicket.Domain.Tests\ApplicationAuditTests.cs(74,29): warning xUnit1051: Calls to methods which accept CancellationToken should use TestContext.Current.CancellationToken to allow test cancellation to be more responsive. (https://xunit.net/xunit.analyzers/rules/xUnit1051) [D:\Projects\GoldenTicket\tests\GoldenTicket.Domain.Tests\GoldenTicket.Domain.Tests.csproj]
         D:\Projects\GoldenTicket\tests\GoldenTicket.Domain.Tests\ApplicationAuditTests.cs(75,28): warning xUnit1051: Calls to methods which accept CancellationToken should use TestContext.Current.CancellationToken to allow test cancellation to be more responsive. (https://xunit.net/xunit.analyzers/rules/xUnit1051) [D:\Projects\GoldenTicket\tests\GoldenTicket.Domain.Tests\GoldenTicket.Domain.Tests.csproj]
         D:\Projects\GoldenTicket\tests\GoldenTicket.Domain.Tests\DesktopAuditTests.cs(38,15): warning xUnit1051: Calls to methods which accept CancellationToken should use TestContext.Current.CancellationToken to allow test cancellation to be more responsive. (https://xunit.net/xunit.analyzers/rules/xUnit1051) [D:\Projects\GoldenTicket\tests\GoldenTicket.Domain.Tests\GoldenTicket.Domain.Tests.csproj]
         D:\Projects\GoldenTicket\tests\GoldenTicket.Domain.Tests\ApplicationAuditTests.cs(86,29): warning xUnit1051: Calls to methods which accept CancellationToken should use TestContext.Current.CancellationToken to allow test cancellation to be more responsive. (https://xunit.net/xunit.analyzers/rules/xUnit1051) [D:\Projects\GoldenTicket\tests\GoldenTicket.Domain.Tests\GoldenTicket.Domain.Tests.csproj]
         D:\Projects\GoldenTicket\tests\GoldenTicket.Domain.Tests\ApplicationAuditTests.cs(89,28): warning xUnit1051: Calls to methods which accept CancellationToken should use TestContext.Current.CancellationToken to allow test cancellation to be more responsive. (https://xunit.net/xunit.analyzers/rules/xUnit1051) [D:\Projects\GoldenTicket\tests\GoldenTicket.Domain.Tests\GoldenTicket.Domain.Tests.csproj]
         D:\Projects\GoldenTicket\tests\GoldenTicket.Domain.Tests\ApplicationAuditTests.cs(101,29): warning xUnit1051: Calls to methods which accept CancellationToken should use TestContext.Current.CancellationToken to allow test cancellation to be more responsive. (https://xunit.net/xunit.analyzers/rules/xUnit1051) [D:\Projects\GoldenTicket\tests\GoldenTicket.Domain.Tests\GoldenTicket.Domain.Tests.csproj]
         D:\Projects\GoldenTicket\tests\GoldenTicket.Domain.Tests\ApplicationAuditTests.cs(105,28): warning xUnit1051: Calls to methods which accept CancellationToken should use TestContext.Current.CancellationToken to allow test cancellation to be more responsive. (https://xunit.net/xunit.analyzers/rules/xUnit1051) [D:\Projects\GoldenTicket\tests\GoldenTicket.Domain.Tests\GoldenTicket.Domain.Tests.csproj]
         D:\Projects\GoldenTicket\tests\GoldenTicket.Domain.Tests\PersistenceTests.cs(75,33): warning xUnit1051: Calls to methods which accept CancellationToken should use TestContext.Current.CancellationToken to allow test cancellation to be more responsive. (https://xunit.net/xunit.analyzers/rules/xUnit1051) [D:\Projects\GoldenTicket\tests\GoldenTicket.Domain.Tests\GoldenTicket.Domain.Tests.csproj]
         D:\Projects\GoldenTicket\tests\GoldenTicket.Domain.Tests\PersistenceTests.cs(80,26): warning xUnit1051: Calls to methods which accept CancellationToken should use TestContext.Current.CancellationToken to allow test cancellation to be more responsive. (https://xunit.net/xunit.analyzers/rules/xUnit1051) [D:\Projects\GoldenTicket\tests\GoldenTicket.Domain.Tests\GoldenTicket.Domain.Tests.csproj]
         D:\Projects\GoldenTicket\tests\GoldenTicket.Domain.Tests\PersistenceTests.cs(88,27): warning xUnit1051: Calls to methods which accept CancellationToken should use TestContext.Current.CancellationToken to allow test cancellation to be more responsive. (https://xunit.net/xunit.analyzers/rules/xUnit1051) [D:\Projects\GoldenTicket\tests\GoldenTicket.Domain.Tests\GoldenTicket.Domain.Tests.csproj]
         D:\Projects\GoldenTicket\tests\GoldenTicket.Domain.Tests\PersistenceTests.cs(93,36): warning xUnit1051: Calls to methods which accept CancellationToken should use TestContext.Current.CancellationToken to allow test cancellation to be more responsive. (https://xunit.net/xunit.analyzers/rules/xUnit1051) [D:\Projects\GoldenTicket\tests\GoldenTicket.Domain.Tests\GoldenTicket.Domain.Tests.csproj]
         D:\Projects\GoldenTicket\tests\GoldenTicket.Domain.Tests\PersistenceTests.cs(95,28): warning xUnit1051: Calls to methods which accept CancellationToken should use TestContext.Current.CancellationToken to allow test cancellation to be more responsive. (https://xunit.net/xunit.analyzers/rules/xUnit1051) [D:\Projects\GoldenTicket\tests\GoldenTicket.Domain.Tests\GoldenTicket.Domain.Tests.csproj]
         D:\Projects\GoldenTicket\tests\GoldenTicket.Domain.Tests\PersistenceTests.cs(99,44): warning xUnit1051: Calls to methods which accept CancellationToken should use TestContext.Current.CancellationToken to allow test cancellation to be more responsive. (https://xunit.net/xunit.analyzers/rules/xUnit1051) [D:\Projects\GoldenTicket\tests\GoldenTicket.Domain.Tests\GoldenTicket.Domain.Tests.csproj]
         D:\Projects\GoldenTicket\tests\GoldenTicket.Domain.Tests\ApplicationAuditTests.cs(114,28): warning xUnit1051: Calls to methods which accept CancellationToken should use TestContext.Current.CancellationToken to allow test cancellation to be more responsive. (https://xunit.net/xunit.analyzers/rules/xUnit1051) [D:\Projects\GoldenTicket\tests\GoldenTicket.Domain.Tests\GoldenTicket.Domain.Tests.csproj]
         D:\Projects\GoldenTicket\tests\GoldenTicket.Domain.Tests\ApplicationAuditTests.cs(116,28): warning xUnit1051: Calls to methods which accept CancellationToken should use TestContext.Current.CancellationToken to allow test cancellation to be more responsive. (https://xunit.net/xunit.analyzers/rules/xUnit1051) [D:\Projects\GoldenTicket\tests\GoldenTicket.Domain.Tests\GoldenTicket.Domain.Tests.csproj]
         D:\Projects\GoldenTicket\tests\GoldenTicket.Domain.Tests\ApplicationAuditTests.cs(118,67): warning xUnit1051: Calls to methods which accept CancellationToken should use TestContext.Current.CancellationToken to allow test cancellation to be more responsive. (https://xunit.net/xunit.analyzers/rules/xUnit1051) [D:\Projects\GoldenTicket\tests\GoldenTicket.Domain.Tests\GoldenTicket.Domain.Tests.csproj]
         D:\Projects\GoldenTicket\tests\GoldenTicket.Domain.Tests\ApplicationAuditTests.cs(121,30): warning xUnit1051: Calls to methods which accept CancellationToken should use TestContext.Current.CancellationToken to allow test cancellation to be more responsive. (https://xunit.net/xunit.analyzers/rules/xUnit1051) [D:\Projects\GoldenTicket\tests\GoldenTicket.Domain.Tests\GoldenTicket.Domain.Tests.csproj]
         D:\Projects\GoldenTicket\tests\GoldenTicket.Domain.Tests\ApplicationAuditTests.cs(122,28): warning xUnit1051: Calls to methods which accept CancellationToken should use TestContext.Current.CancellationToken to allow test cancellation to be more responsive. (https://xunit.net/xunit.analyzers/rules/xUnit1051) [D:\Projects\GoldenTicket\tests\GoldenTicket.Domain.Tests\GoldenTicket.Domain.Tests.csproj]
         D:\Projects\GoldenTicket\tests\GoldenTicket.Domain.Tests\ApplicationAuditTests.cs(122,65): warning xUnit1051: Calls to methods which accept CancellationToken should use TestContext.Current.CancellationToken to allow test cancellation to be more responsive. (https://xunit.net/xunit.analyzers/rules/xUnit1051) [D:\Projects\GoldenTicket\tests\GoldenTicket.Domain.Tests\GoldenTicket.Domain.Tests.csproj]
         D:\Projects\GoldenTicket\tests\GoldenTicket.Domain.Tests\PersistenceAuditTests.cs(107,15): warning xUnit1051: Calls to methods which accept CancellationToken should use TestContext.Current.CancellationToken to allow test cancellation to be more responsive. (https://xunit.net/xunit.analyzers/rules/xUnit1051) [D:\Projects\GoldenTicket\tests\GoldenTicket.Domain.Tests\GoldenTicket.Domain.Tests.csproj]
         D:\Projects\GoldenTicket\tests\GoldenTicket.Domain.Tests\PersistenceAuditTests.cs(114,42): warning xUnit1051: Calls to methods which accept CancellationToken should use TestContext.Current.CancellationToken to allow test cancellation to be more responsive. (https://xunit.net/xunit.analyzers/rules/xUnit1051) [D:\Projects\GoldenTicket\tests\GoldenTicket.Domain.Tests\GoldenTicket.Domain.Tests.csproj]
         D:\Projects\GoldenTicket\tests\GoldenTicket.Domain.Tests\ApplicationAuditTests.cs(131,28): warning xUnit1051: Calls to methods which accept CancellationToken should use TestContext.Current.CancellationToken to allow test cancellation to be more responsive. (https://xunit.net/xunit.analyzers/rules/xUnit1051) [D:\Projects\GoldenTicket\tests\GoldenTicket.Domain.Tests\GoldenTicket.Domain.Tests.csproj]
         D:\Projects\GoldenTicket\tests\GoldenTicket.Domain.Tests\ApplicationAuditTests.cs(134,15): warning xUnit1051: Calls to methods which accept CancellationToken should use TestContext.Current.CancellationToken to allow test cancellation to be more responsive. (https://xunit.net/xunit.analyzers/rules/xUnit1051) [D:\Projects\GoldenTicket\tests\GoldenTicket.Domain.Tests\GoldenTicket.Domain.Tests.csproj]
         D:\Projects\GoldenTicket\tests\GoldenTicket.Domain.Tests\ApplicationAuditTests.cs(138,75): warning xUnit1051: Calls to methods which accept CancellationToken should use TestContext.Current.CancellationToken to allow test cancellation to be more responsive. (https://xunit.net/xunit.analyzers/rules/xUnit1051) [D:\Projects\GoldenTicket\tests\GoldenTicket.Domain.Tests\GoldenTicket.Domain.Tests.csproj]
         D:\Projects\GoldenTicket\tests\GoldenTicket.Domain.Tests\ApplicationAuditTests.cs(139,40): warning xUnit1051: Calls to methods which accept CancellationToken should use TestContext.Current.CancellationToken to allow test cancellation to be more responsive. (https://xunit.net/xunit.analyzers/rules/xUnit1051) [D:\Projects\GoldenTicket\tests\GoldenTicket.Domain.Tests\GoldenTicket.Domain.Tests.csproj]
         D:\Projects\GoldenTicket\tests\GoldenTicket.Domain.Tests\DesktopAuditTests.cs(104,33): warning xUnit1051: Calls to methods which accept CancellationToken should use TestContext.Current.CancellationToken to allow test cancellation to be more responsive. (https://xunit.net/xunit.analyzers/rules/xUnit1051) [D:\Projects\GoldenTicket\tests\GoldenTicket.Domain.Tests\GoldenTicket.Domain.Tests.csproj]
         D:\Projects\GoldenTicket\tests\GoldenTicket.Domain.Tests\DesktopAuditTests.cs(107,30): warning xUnit1051: Calls to methods which accept CancellationToken should use TestContext.Current.CancellationToken to allow test cancellation to be more responsive. (https://xunit.net/xunit.analyzers/rules/xUnit1051) [D:\Projects\GoldenTicket\tests\GoldenTicket.Domain.Tests\GoldenTicket.Domain.Tests.csproj]
         D:\Projects\GoldenTicket\tests\GoldenTicket.Domain.Tests\DesktopAuditTests.cs(108,32): warning xUnit1051: Calls to methods which accept CancellationToken should use TestContext.Current.CancellationToken to allow test cancellation to be more responsive. (https://xunit.net/xunit.analyzers/rules/xUnit1051) [D:\Projects\GoldenTicket\tests\GoldenTicket.Domain.Tests\GoldenTicket.Domain.Tests.csproj]
         D:\Projects\GoldenTicket\tests\GoldenTicket.Domain.Tests\DesktopAuditTests.cs(112,28): warning xUnit1051: Calls to methods which accept CancellationToken should use TestContext.Current.CancellationToken to allow test cancellation to be more responsive. (https://xunit.net/xunit.analyzers/rules/xUnit1051) [D:\Projects\GoldenTicket\tests\GoldenTicket.Domain.Tests\GoldenTicket.Domain.Tests.csproj]
         D:\Projects\GoldenTicket\tests\GoldenTicket.Domain.Tests\PersistenceTests.cs(108,33): warning xUnit1051: Calls to methods which accept CancellationToken should use TestContext.Current.CancellationToken to allow test cancellation to be more responsive. (https://xunit.net/xunit.analyzers/rules/xUnit1051) [D:\Projects\GoldenTicket\tests\GoldenTicket.Domain.Tests\GoldenTicket.Domain.Tests.csproj]
         D:\Projects\GoldenTicket\tests\GoldenTicket.Domain.Tests\PersistenceTests.cs(116,26): warning xUnit1051: Calls to methods which accept CancellationToken should use TestContext.Current.CancellationToken to allow test cancellation to be more responsive. (https://xunit.net/xunit.analyzers/rules/xUnit1051) [D:\Projects\GoldenTicket\tests\GoldenTicket.Domain.Tests\GoldenTicket.Domain.Tests.csproj]
         D:\Projects\GoldenTicket\tests\GoldenTicket.Domain.Tests\PersistenceTests.cs(119,27): warning xUnit1051: Calls to methods which accept CancellationToken should use TestContext.Current.CancellationToken to allow test cancellation to be more responsive. (https://xunit.net/xunit.analyzers/rules/xUnit1051) [D:\Projects\GoldenTicket\tests\GoldenTicket.Domain.Tests\GoldenTicket.Domain.Tests.csproj]
         D:\Projects\GoldenTicket\tests\GoldenTicket.Domain.Tests\PersistenceTests.cs(123,28): warning xUnit1051: Calls to methods which accept CancellationToken should use TestContext.Current.CancellationToken to allow test cancellation to be more responsive. (https://xunit.net/xunit.analyzers/rules/xUnit1051) [D:\Projects\GoldenTicket\tests\GoldenTicket.Domain.Tests\GoldenTicket.Domain.Tests.csproj]
         D:\Projects\GoldenTicket\tests\GoldenTicket.Domain.Tests\PropertyTests.cs(78,33): warning xUnit1051: Calls to methods which accept CancellationToken should use TestContext.Current.CancellationToken to allow test cancellation to be more responsive. (https://xunit.net/xunit.analyzers/rules/xUnit1051) [D:\Projects\GoldenTicket\tests\GoldenTicket.Domain.Tests\GoldenTicket.Domain.Tests.csproj]
         D:\Projects\GoldenTicket\tests\GoldenTicket.Domain.Tests\PersistenceAuditTests.cs(123,30): warning xUnit1051: Calls to methods which accept CancellationToken should use TestContext.Current.CancellationToken to allow test cancellation to be more responsive. (https://xunit.net/xunit.analyzers/rules/xUnit1051) [D:\Projects\GoldenTicket\tests\GoldenTicket.Domain.Tests\GoldenTicket.Domain.Tests.csproj]
         D:\Projects\GoldenTicket\tests\GoldenTicket.Domain.Tests\PropertyTests.cs(86,19): warning xUnit1051: Calls to methods which accept CancellationToken should use TestContext.Current.CancellationToken to allow test cancellation to be more responsive. (https://xunit.net/xunit.analyzers/rules/xUnit1051) [D:\Projects\GoldenTicket\tests\GoldenTicket.Domain.Tests\GoldenTicket.Domain.Tests.csproj]
         D:\Projects\GoldenTicket\tests\GoldenTicket.Domain.Tests\PersistenceAuditTests.cs(124,34): warning xUnit1051: Calls to methods which accept CancellationToken should use TestContext.Current.CancellationToken to allow test cancellation to be more responsive. (https://xunit.net/xunit.analyzers/rules/xUnit1051) [D:\Projects\GoldenTicket\tests\GoldenTicket.Domain.Tests\GoldenTicket.Domain.Tests.csproj]
         D:\Projects\GoldenTicket\tests\GoldenTicket.Domain.Tests\PersistenceAuditTests.cs(127,13): warning xUnit1051: Calls to methods which accept CancellationToken should use TestContext.Current.CancellationToken to allow test cancellation to be more responsive. (https://xunit.net/xunit.analyzers/rules/xUnit1051) [D:\Projects\GoldenTicket\tests\GoldenTicket.Domain.Tests\GoldenTicket.Domain.Tests.csproj]
         D:\Projects\GoldenTicket\tests\GoldenTicket.Domain.Tests\PropertyTests.cs(87,32): warning xUnit1051: Calls to methods which accept CancellationToken should use TestContext.Current.CancellationToken to allow test cancellation to be more responsive. (https://xunit.net/xunit.analyzers/rules/xUnit1051) [D:\Projects\GoldenTicket\tests\GoldenTicket.Domain.Tests\GoldenTicket.Domain.Tests.csproj]
         D:\Projects\GoldenTicket\tests\GoldenTicket.Domain.Tests\PersistenceAuditTests.cs(129,30): warning xUnit1051: Calls to methods which accept CancellationToken should use TestContext.Current.CancellationToken to allow test cancellation to be more responsive. (https://xunit.net/xunit.analyzers/rules/xUnit1051) [D:\Projects\GoldenTicket\tests\GoldenTicket.Domain.Tests\GoldenTicket.Domain.Tests.csproj]
         D:\Projects\GoldenTicket\tests\GoldenTicket.Domain.Tests\PropertyTests.cs(91,19): warning xUnit1051: Calls to methods which accept CancellationToken should use TestContext.Current.CancellationToken to allow test cancellation to be more responsive. (https://xunit.net/xunit.analyzers/rules/xUnit1051) [D:\Projects\GoldenTicket\tests\GoldenTicket.Domain.Tests\GoldenTicket.Domain.Tests.csproj]
         D:\Projects\GoldenTicket\tests\GoldenTicket.Domain.Tests\PersistenceAuditTests.cs(130,42): warning xUnit1051: Calls to methods which accept CancellationToken should use TestContext.Current.CancellationToken to allow test cancellation to be more responsive. (https://xunit.net/xunit.analyzers/rules/xUnit1051) [D:\Projects\GoldenTicket\tests\GoldenTicket.Domain.Tests\GoldenTicket.Domain.Tests.csproj]
         D:\Projects\GoldenTicket\tests\GoldenTicket.Domain.Tests\PersistenceAuditTests.cs(132,26): warning xUnit1051: Calls to methods which accept CancellationToken should use TestContext.Current.CancellationToken to allow test cancellation to be more responsive. (https://xunit.net/xunit.analyzers/rules/xUnit1051) [D:\Projects\GoldenTicket\tests\GoldenTicket.Domain.Tests\GoldenTicket.Domain.Tests.csproj]
         D:\Projects\GoldenTicket\tests\GoldenTicket.Domain.Tests\PersistenceAuditTests.cs(133,28): warning xUnit1051: Calls to methods which accept CancellationToken should use TestContext.Current.CancellationToken to allow test cancellation to be more responsive. (https://xunit.net/xunit.analyzers/rules/xUnit1051) [D:\Projects\GoldenTicket\tests\GoldenTicket.Domain.Tests\GoldenTicket.Domain.Tests.csproj]
         D:\Projects\GoldenTicket\tests\GoldenTicket.Domain.Tests\PersistenceAuditTests.cs(133,68): warning xUnit1051: Calls to methods which accept CancellationToken should use TestContext.Current.CancellationToken to allow test cancellation to be more responsive. (https://xunit.net/xunit.analyzers/rules/xUnit1051) [D:\Projects\GoldenTicket\tests\GoldenTicket.Domain.Tests\GoldenTicket.Domain.Tests.csproj]
         D:\Projects\GoldenTicket\tests\GoldenTicket.Domain.Tests\PersistenceAuditTests.cs(158,13): warning xUnit1051: Calls to methods which accept CancellationToken should use TestContext.Current.CancellationToken to allow test cancellation to be more responsive. (https://xunit.net/xunit.analyzers/rules/xUnit1051) [D:\Projects\GoldenTicket\tests\GoldenTicket.Domain.Tests\GoldenTicket.Domain.Tests.csproj]
         D:\Projects\GoldenTicket\tests\GoldenTicket.Domain.Tests\ApplicationAuditTests.cs(154,19): warning xUnit1051: Calls to methods which accept CancellationToken should use TestContext.Current.CancellationToken to allow test cancellation to be more responsive. (https://xunit.net/xunit.analyzers/rules/xUnit1051) [D:\Projects\GoldenTicket\tests\GoldenTicket.Domain.Tests\GoldenTicket.Domain.Tests.csproj]
         D:\Projects\GoldenTicket\tests\GoldenTicket.Domain.Tests\ApplicationAuditTests.cs(157,35): warning xUnit1051: Calls to methods which accept CancellationToken should use TestContext.Current.CancellationToken to allow test cancellation to be more responsive. (https://xunit.net/xunit.analyzers/rules/xUnit1051) [D:\Projects\GoldenTicket\tests\GoldenTicket.Domain.Tests\GoldenTicket.Domain.Tests.csproj]
         D:\Projects\GoldenTicket\tests\GoldenTicket.Domain.Tests\ApplicationAuditTests.cs(158,33): warning xUnit1051: Calls to methods which accept CancellationToken should use TestContext.Current.CancellationToken to allow test cancellation to be more responsive. (https://xunit.net/xunit.analyzers/rules/xUnit1051) [D:\Projects\GoldenTicket\tests\GoldenTicket.Domain.Tests\GoldenTicket.Domain.Tests.csproj]
         D:\Projects\GoldenTicket\tests\GoldenTicket.Domain.Tests\ApplicationAuditTests.cs(162,35): warning xUnit1051: Calls to methods which accept CancellationToken should use TestContext.Current.CancellationToken to allow test cancellation to be more responsive. (https://xunit.net/xunit.analyzers/rules/xUnit1051) [D:\Projects\GoldenTicket\tests\GoldenTicket.Domain.Tests\GoldenTicket.Domain.Tests.csproj]
         D:\Projects\GoldenTicket\tests\GoldenTicket.Domain.Tests\PersistenceAuditTests.cs(165,28): warning xUnit1051: Calls to methods which accept CancellationToken should use TestContext.Current.CancellationToken to allow test cancellation to be more responsive. (https://xunit.net/xunit.analyzers/rules/xUnit1051) [D:\Projects\GoldenTicket\tests\GoldenTicket.Domain.Tests\GoldenTicket.Domain.Tests.csproj]
         D:\Projects\GoldenTicket\tests\GoldenTicket.Domain.Tests\PersistenceAuditTests.cs(168,34): warning xUnit1051: Calls to methods which accept CancellationToken should use TestContext.Current.CancellationToken to allow test cancellation to be more responsive. (https://xunit.net/xunit.analyzers/rules/xUnit1051) [D:\Projects\GoldenTicket\tests\GoldenTicket.Domain.Tests\GoldenTicket.Domain.Tests.csproj]
         D:\Projects\GoldenTicket\tests\GoldenTicket.Domain.Tests\PersistenceAuditTests.cs(172,30): warning xUnit1051: Calls to methods which accept CancellationToken should use TestContext.Current.CancellationToken to allow test cancellation to be more responsive. (https://xunit.net/xunit.analyzers/rules/xUnit1051) [D:\Projects\GoldenTicket\tests\GoldenTicket.Domain.Tests\GoldenTicket.Domain.Tests.csproj]
         D:\Projects\GoldenTicket\tests\GoldenTicket.Domain.Tests\PersistenceAuditTests.cs(173,42): warning xUnit1051: Calls to methods which accept CancellationToken should use TestContext.Current.CancellationToken to allow test cancellation to be more responsive. (https://xunit.net/xunit.analyzers/rules/xUnit1051) [D:\Projects\GoldenTicket\tests\GoldenTicket.Domain.Tests\GoldenTicket.Domain.Tests.csproj]
         D:\Projects\GoldenTicket\tests\GoldenTicket.Domain.Tests\PersistenceAuditTests.cs(174,28): warning xUnit1051: Calls to methods which accept CancellationToken should use TestContext.Current.CancellationToken to allow test cancellation to be more responsive. (https://xunit.net/xunit.analyzers/rules/xUnit1051) [D:\Projects\GoldenTicket\tests\GoldenTicket.Domain.Tests\GoldenTicket.Domain.Tests.csproj]
         D:\Projects\GoldenTicket\tests\GoldenTicket.Domain.Tests\PersistenceTests.cs(135,15): warning xUnit1051: Calls to methods which accept CancellationToken should use TestContext.Current.CancellationToken to allow test cancellation to be more responsive. (https://xunit.net/xunit.analyzers/rules/xUnit1051) [D:\Projects\GoldenTicket\tests\GoldenTicket.Domain.Tests\GoldenTicket.Domain.Tests.csproj]
         D:\Projects\GoldenTicket\tests\GoldenTicket.Domain.Tests\ApplicationAuditTests.cs(177,26): warning xUnit1051: Calls to methods which accept CancellationToken should use TestContext.Current.CancellationToken to allow test cancellation to be more responsive. (https://xunit.net/xunit.analyzers/rules/xUnit1051) [D:\Projects\GoldenTicket\tests\GoldenTicket.Domain.Tests\GoldenTicket.Domain.Tests.csproj]
         D:\Projects\GoldenTicket\tests\GoldenTicket.Domain.Tests\ApplicationAuditTests.cs(178,21): warning xUnit1051: Calls to methods which accept CancellationToken should use TestContext.Current.CancellationToken to allow test cancellation to be more responsive. (https://xunit.net/xunit.analyzers/rules/xUnit1051) [D:\Projects\GoldenTicket\tests\GoldenTicket.Domain.Tests\GoldenTicket.Domain.Tests.csproj]
         D:\Projects\GoldenTicket\tests\GoldenTicket.Domain.Tests\ApplicationAuditTests.cs(179,15): warning xUnit1051: Calls to methods which accept CancellationToken should use TestContext.Current.CancellationToken to allow test cancellation to be more responsive. (https://xunit.net/xunit.analyzers/rules/xUnit1051) [D:\Projects\GoldenTicket\tests\GoldenTicket.Domain.Tests\GoldenTicket.Domain.Tests.csproj]
         D:\Projects\GoldenTicket\tests\GoldenTicket.Domain.Tests\ApplicationAuditTests.cs(180,22): warning xUnit1051: Calls to methods which accept CancellationToken should use TestContext.Current.CancellationToken to allow test cancellation to be more responsive. (https://xunit.net/xunit.analyzers/rules/xUnit1051) [D:\Projects\GoldenTicket\tests\GoldenTicket.Domain.Tests\GoldenTicket.Domain.Tests.csproj]
         D:\Projects\GoldenTicket\tests\GoldenTicket.Domain.Tests\ApplicationAuditTests.cs(183,29): warning xUnit1051: Calls to methods which accept CancellationToken should use TestContext.Current.CancellationToken to allow test cancellation to be more responsive. (https://xunit.net/xunit.analyzers/rules/xUnit1051) [D:\Projects\GoldenTicket\tests\GoldenTicket.Domain.Tests\GoldenTicket.Domain.Tests.csproj]
         D:\Projects\GoldenTicket\tests\GoldenTicket.Domain.Tests\PersistenceTests.cs(151,33): warning xUnit1051: Calls to methods which accept CancellationToken should use TestContext.Current.CancellationToken to allow test cancellation to be more responsive. (https://xunit.net/xunit.analyzers/rules/xUnit1051) [D:\Projects\GoldenTicket\tests\GoldenTicket.Domain.Tests\GoldenTicket.Domain.Tests.csproj]
         D:\Projects\GoldenTicket\tests\GoldenTicket.Domain.Tests\PersistenceTests.cs(155,26): warning xUnit1051: Calls to methods which accept CancellationToken should use TestContext.Current.CancellationToken to allow test cancellation to be more responsive. (https://xunit.net/xunit.analyzers/rules/xUnit1051) [D:\Projects\GoldenTicket\tests\GoldenTicket.Domain.Tests\GoldenTicket.Domain.Tests.csproj]
         D:\Projects\GoldenTicket\tests\GoldenTicket.Domain.Tests\PersistenceTests.cs(159,27): warning xUnit1051: Calls to methods which accept CancellationToken should use TestContext.Current.CancellationToken to allow test cancellation to be more responsive. (https://xunit.net/xunit.analyzers/rules/xUnit1051) [D:\Projects\GoldenTicket\tests\GoldenTicket.Domain.Tests\GoldenTicket.Domain.Tests.csproj]
         D:\Projects\GoldenTicket\tests\GoldenTicket.Domain.Tests\PropertyTests.cs(117,28): warning xUnit1051: Calls to methods which accept CancellationToken should use TestContext.Current.CancellationToken to allow test cancellation to be more responsive. (https://xunit.net/xunit.analyzers/rules/xUnit1051) [D:\Projects\GoldenTicket\tests\GoldenTicket.Domain.Tests\GoldenTicket.Domain.Tests.csproj]
         D:\Projects\GoldenTicket\tests\GoldenTicket.Domain.Tests\PersistenceAuditTests.cs(191,13): warning xUnit1051: Calls to methods which accept CancellationToken should use TestContext.Current.CancellationToken to allow test cancellation to be more responsive. (https://xunit.net/xunit.analyzers/rules/xUnit1051) [D:\Projects\GoldenTicket\tests\GoldenTicket.Domain.Tests\GoldenTicket.Domain.Tests.csproj]
         D:\Projects\GoldenTicket\tests\GoldenTicket.Domain.Tests\ApplicationAuditTests.cs(196,31): warning xUnit1051: Calls to methods which accept CancellationToken should use TestContext.Current.CancellationToken to allow test cancellation to be more responsive. (https://xunit.net/xunit.analyzers/rules/xUnit1051) [D:\Projects\GoldenTicket\tests\GoldenTicket.Domain.Tests\GoldenTicket.Domain.Tests.csproj]
         D:\Projects\GoldenTicket\tests\GoldenTicket.Domain.Tests\ApplicationAuditTests.cs(198,29): warning xUnit1051: Calls to methods which accept CancellationToken should use TestContext.Current.CancellationToken to allow test cancellation to be more responsive. (https://xunit.net/xunit.analyzers/rules/xUnit1051) [D:\Projects\GoldenTicket\tests\GoldenTicket.Domain.Tests\GoldenTicket.Domain.Tests.csproj]
         D:\Projects\GoldenTicket\tests\GoldenTicket.Domain.Tests\ApplicationAuditTests.cs(200,28): warning xUnit1051: Calls to methods which accept CancellationToken should use TestContext.Current.CancellationToken to allow test cancellation to be more responsive. (https://xunit.net/xunit.analyzers/rules/xUnit1051) [D:\Projects\GoldenTicket\tests\GoldenTicket.Domain.Tests\GoldenTicket.Domain.Tests.csproj]
         D:\Projects\GoldenTicket\tests\GoldenTicket.Domain.Tests\PersistenceTests.cs(171,33): warning xUnit1051: Calls to methods which accept CancellationToken should use TestContext.Current.CancellationToken to allow test cancellation to be more responsive. (https://xunit.net/xunit.analyzers/rules/xUnit1051) [D:\Projects\GoldenTicket\tests\GoldenTicket.Domain.Tests\GoldenTicket.Domain.Tests.csproj]
         D:\Projects\GoldenTicket\tests\GoldenTicket.Domain.Tests\PersistenceTests.cs(180,19): warning xUnit1051: Calls to methods which accept CancellationToken should use TestContext.Current.CancellationToken to allow test cancellation to be more responsive. (https://xunit.net/xunit.analyzers/rules/xUnit1051) [D:\Projects\GoldenTicket\tests\GoldenTicket.Domain.Tests\GoldenTicket.Domain.Tests.csproj]
         D:\Projects\GoldenTicket\tests\GoldenTicket.Domain.Tests\PersistenceTests.cs(191,19): warning xUnit1051: Calls to methods which accept CancellationToken should use TestContext.Current.CancellationToken to allow test cancellation to be more responsive. (https://xunit.net/xunit.analyzers/rules/xUnit1051) [D:\Projects\GoldenTicket\tests\GoldenTicket.Domain.Tests\GoldenTicket.Domain.Tests.csproj]
         D:\Projects\GoldenTicket\tests\GoldenTicket.Domain.Tests\PersistenceTests.cs(197,19): warning xUnit1051: Calls to methods which accept CancellationToken should use TestContext.Current.CancellationToken to allow test cancellation to be more responsive. (https://xunit.net/xunit.analyzers/rules/xUnit1051) [D:\Projects\GoldenTicket\tests\GoldenTicket.Domain.Tests\GoldenTicket.Domain.Tests.csproj]
         D:\Projects\GoldenTicket\tests\GoldenTicket.Domain.Tests\PersistenceAuditTests.cs(206,15): warning xUnit1051: Calls to methods which accept CancellationToken should use TestContext.Current.CancellationToken to allow test cancellation to be more responsive. (https://xunit.net/xunit.analyzers/rules/xUnit1051) [D:\Projects\GoldenTicket\tests\GoldenTicket.Domain.Tests\GoldenTicket.Domain.Tests.csproj]
         D:\Projects\GoldenTicket\tests\GoldenTicket.Domain.Tests\PersistenceAuditTests.cs(209,37): warning xUnit1051: Calls to methods which accept CancellationToken should use TestContext.Current.CancellationToken to allow test cancellation to be more responsive. (https://xunit.net/xunit.analyzers/rules/xUnit1051) [D:\Projects\GoldenTicket\tests\GoldenTicket.Domain.Tests\GoldenTicket.Domain.Tests.csproj]
         D:\Projects\GoldenTicket\tests\GoldenTicket.Domain.Tests\ApplicationAuditTests.cs(210,15): warning xUnit1051: Calls to methods which accept CancellationToken should use TestContext.Current.CancellationToken to allow test cancellation to be more responsive. (https://xunit.net/xunit.analyzers/rules/xUnit1051) [D:\Projects\GoldenTicket\tests\GoldenTicket.Domain.Tests\GoldenTicket.Domain.Tests.csproj]
         D:\Projects\GoldenTicket\tests\GoldenTicket.Domain.Tests\PersistenceAuditTests.cs(224,30): warning xUnit1051: Calls to methods which accept CancellationToken should use TestContext.Current.CancellationToken to allow test cancellation to be more responsive. (https://xunit.net/xunit.analyzers/rules/xUnit1051) [D:\Projects\GoldenTicket\tests\GoldenTicket.Domain.Tests\GoldenTicket.Domain.Tests.csproj]
         D:\Projects\GoldenTicket\tests\GoldenTicket.Domain.Tests\PersistenceAuditTests.cs(225,28): warning xUnit1051: Calls to methods which accept CancellationToken should use TestContext.Current.CancellationToken to allow test cancellation to be more responsive. (https://xunit.net/xunit.analyzers/rules/xUnit1051) [D:\Projects\GoldenTicket\tests\GoldenTicket.Domain.Tests\GoldenTicket.Domain.Tests.csproj]
         D:\Projects\GoldenTicket\tests\GoldenTicket.Domain.Tests\PersistenceAuditTests.cs(225,71): warning xUnit1051: Calls to methods which accept CancellationToken should use TestContext.Current.CancellationToken to allow test cancellation to be more responsive. (https://xunit.net/xunit.analyzers/rules/xUnit1051) [D:\Projects\GoldenTicket\tests\GoldenTicket.Domain.Tests\GoldenTicket.Domain.Tests.csproj]
         D:\Projects\GoldenTicket\tests\GoldenTicket.Domain.Tests\PersistenceAuditTests.cs(229,15): warning xUnit1051: Calls to methods which accept CancellationToken should use TestContext.Current.CancellationToken to allow test cancellation to be more responsive. (https://xunit.net/xunit.analyzers/rules/xUnit1051) [D:\Projects\GoldenTicket\tests\GoldenTicket.Domain.Tests\GoldenTicket.Domain.Tests.csproj]
         D:\Projects\GoldenTicket\tests\GoldenTicket.Domain.Tests\PersistenceAuditTests.cs(232,83): warning xUnit1051: Calls to methods which accept CancellationToken should use TestContext.Current.CancellationToken to allow test cancellation to be more responsive. (https://xunit.net/xunit.analyzers/rules/xUnit1051) [D:\Projects\GoldenTicket\tests\GoldenTicket.Domain.Tests\GoldenTicket.Domain.Tests.csproj]
         D:\Projects\GoldenTicket\tests\GoldenTicket.Domain.Tests\PersistenceAuditTests.cs(234,28): warning xUnit1051: Calls to methods which accept CancellationToken should use TestContext.Current.CancellationToken to allow test cancellation to be more responsive. (https://xunit.net/xunit.analyzers/rules/xUnit1051) [D:\Projects\GoldenTicket\tests\GoldenTicket.Domain.Tests\GoldenTicket.Domain.Tests.csproj]

    97 Warning(s)
    0 Error(s)

FileLogger wrote to: D:\Projects\GoldenTicket\docs\evidence\audit-2026-09-11\build.log

Time Elapsed 00:00:01.83
